drop database if exists vk;
create database vk charset=utf8;
use vk;

#
# TABLE STRUCTURE FOR: comments
#

DROP TABLE IF EXISTS `comments`;

CREATE TABLE `comments` (
  `id` bigint(20) unsigned NOT NULL AUTO_INCREMENT,
  `user_id` bigint(20) unsigned NOT NULL,
  `post_id` bigint(20) unsigned NOT NULL,
  `body` text COLLATE utf8_unicode_ci DEFAULT NULL,
  `created_at` datetime DEFAULT current_timestamp(),
  `updated_at` datetime DEFAULT current_timestamp() ON UPDATE current_timestamp(),
  PRIMARY KEY (`id`),
  KEY `user_id` (`user_id`),
  KEY `post_id` (`post_id`)
  /*CONSTRAINT `comments_ibfk_1` FOREIGN KEY (`user_id`) REFERENCES `profiles` (`user_id`),
  CONSTRAINT `comments_ibfk_2` FOREIGN KEY (`post_id`) REFERENCES `posts` (`id`)*/
)
ENGINE=InnoDB AUTO_INCREMENT=101 DEFAULT CHARSET=utf8 COLLATE=utf8_unicode_ci;

INSERT INTO `comments` (`id`, `user_id`, `post_id`, `body`, `created_at`, `updated_at`) VALUES ('1', '1', '401', 'Et sunt molestiae vitae quis. Eligendi magni est laborum ad illum. Ducimus consequuntur maxime delectus accusamus autem temporibus.', '2011-03-03 02:59:49', '1998-10-09 12:15:50');
INSERT INTO `comments` (`id`, `user_id`, `post_id`, `body`, `created_at`, `updated_at`) VALUES ('2', '2', '402', 'Facilis sit saepe omnis cum. Quo quaerat dolore et harum sit itaque eum. Incidunt velit ut ut ut accusantium porro. Praesentium praesentium maiores quia molestiae dolor harum eum.', '1984-07-18 02:36:14', '1995-11-02 00:47:26');
INSERT INTO `comments` (`id`, `user_id`, `post_id`, `body`, `created_at`, `updated_at`) VALUES ('3', '3', '403', 'Fugit alias fugit laborum numquam nobis. Molestiae doloribus totam tenetur libero eius. Voluptatum harum et ea natus. Et fuga fuga ipsam veniam.', '1999-05-02 09:58:00', '1993-09-27 00:32:35');
INSERT INTO `comments` (`id`, `user_id`, `post_id`, `body`, `created_at`, `updated_at`) VALUES ('4', '4', '404', 'Est excepturi sint nesciunt quisquam. Rem id qui ad dolorem nisi rerum. Molestias distinctio ipsam aut dolores laudantium labore repudiandae. Voluptatibus a distinctio ut ad dignissimos delectus aut. In nam consequatur veritatis.', '1971-08-09 08:23:53', '1978-07-31 10:06:30');
INSERT INTO `comments` (`id`, `user_id`, `post_id`, `body`, `created_at`, `updated_at`) VALUES ('5', '5', '405', 'Fugiat voluptatem perferendis suscipit eveniet rem. Suscipit quia quas nihil voluptas impedit omnis alias facilis. Est enim reiciendis soluta reprehenderit placeat aliquid quia quos. Dignissimos reiciendis voluptas numquam expedita explicabo enim.', '1979-04-29 06:17:11', '1972-03-27 08:28:04');
INSERT INTO `comments` (`id`, `user_id`, `post_id`, `body`, `created_at`, `updated_at`) VALUES ('6', '6', '406', 'Ad quaerat voluptatum sed quasi consectetur autem. Est illo aliquam quae. Doloribus enim odio aut autem dolores.', '2014-01-18 20:45:02', '2015-02-14 16:30:16');
INSERT INTO `comments` (`id`, `user_id`, `post_id`, `body`, `created_at`, `updated_at`) VALUES ('7', '7', '407', 'Dolores maxime maiores facere a et sunt. Suscipit unde eos molestiae labore. Enim dolores facere ipsum ad sunt qui autem.', '1992-11-09 06:06:31', '1995-06-21 15:56:24');
INSERT INTO `comments` (`id`, `user_id`, `post_id`, `body`, `created_at`, `updated_at`) VALUES ('8', '8', '408', 'Itaque voluptatem eligendi alias quibusdam fugiat. Sit est dolore debitis quidem officiis.', '2016-03-07 04:08:48', '1990-05-19 11:05:29');
INSERT INTO `comments` (`id`, `user_id`, `post_id`, `body`, `created_at`, `updated_at`) VALUES ('9', '9', '409', 'Ipsa maxime aperiam ut iste nobis similique. Voluptas nisi accusamus magni omnis occaecati eos. Iste qui harum ex sint. Eos odio optio beatae.', '1985-10-24 15:30:49', '1971-02-02 14:42:30');
INSERT INTO `comments` (`id`, `user_id`, `post_id`, `body`, `created_at`, `updated_at`) VALUES ('10', '10', '410', 'Sapiente labore a quia omnis est dolorem. Sed velit laborum corporis et commodi. Iusto esse veritatis cum blanditiis dolor adipisci exercitationem minima.', '1998-01-27 23:56:43', '2012-01-13 13:38:03');
INSERT INTO `comments` (`id`, `user_id`, `post_id`, `body`, `created_at`, `updated_at`) VALUES ('11', '11', '411', 'Reprehenderit voluptatibus voluptas et quaerat enim maxime fugiat. Architecto sunt pariatur aspernatur fugiat. Laudantium maiores quasi fugit rerum dolore.', '2018-10-04 21:45:23', '1985-10-10 06:39:34');
INSERT INTO `comments` (`id`, `user_id`, `post_id`, `body`, `created_at`, `updated_at`) VALUES ('12', '12', '412', 'Recusandae possimus magni rerum ea corrupti assumenda corporis. Aut molestiae quo nulla dolor. Unde sapiente voluptates maiores blanditiis. Animi ipsum quia enim dicta magnam sint veritatis.', '1977-11-27 01:19:02', '1982-07-31 23:13:26');
INSERT INTO `comments` (`id`, `user_id`, `post_id`, `body`, `created_at`, `updated_at`) VALUES ('13', '13', '413', 'Quos totam dolorem suscipit qui amet. Laboriosam asperiores fuga culpa quae rem rerum. Vero natus a nemo quos voluptas dolores.', '1993-01-30 17:57:40', '1974-12-21 22:55:35');
INSERT INTO `comments` (`id`, `user_id`, `post_id`, `body`, `created_at`, `updated_at`) VALUES ('14', '14', '414', 'Quam ut ut natus sequi numquam. Molestias esse aliquam enim nihil dolorem enim qui et. Non autem voluptatem doloribus quo.', '1992-12-12 18:25:58', '2011-05-15 11:33:15');
INSERT INTO `comments` (`id`, `user_id`, `post_id`, `body`, `created_at`, `updated_at`) VALUES ('15', '15', '415', 'Temporibus repudiandae placeat eligendi eveniet. Non officia provident accusantium consequatur molestiae debitis fugit aspernatur. Enim aut blanditiis aut asperiores velit iusto dolores iste. Quasi soluta voluptatem magnam nobis nam ut quia quidem.', '1982-11-16 06:15:42', '1997-01-16 14:59:47');
INSERT INTO `comments` (`id`, `user_id`, `post_id`, `body`, `created_at`, `updated_at`) VALUES ('16', '16', '416', 'Facilis rerum sed ut ab. Et officiis enim et aut. Et occaecati vero saepe laborum. Tempore accusantium enim impedit aut aut sint.', '2019-12-06 21:54:59', '1984-03-05 00:41:20');
INSERT INTO `comments` (`id`, `user_id`, `post_id`, `body`, `created_at`, `updated_at`) VALUES ('17', '17', '417', 'Est iure libero iste voluptatem tempore odit eum. Minima et temporibus quaerat ut aliquid numquam enim autem. Repellat quos est reprehenderit.', '2002-03-29 10:47:02', '1972-11-28 05:57:01');
INSERT INTO `comments` (`id`, `user_id`, `post_id`, `body`, `created_at`, `updated_at`) VALUES ('18', '18', '418', 'Qui dignissimos culpa et maxime laboriosam. Qui nobis quas quis dolor aliquam ipsam quas. Ut mollitia enim est nemo facere porro. Similique ab voluptates consequatur non sit dolores. Laudantium magnam ea aliquid in ea facere et molestiae.', '1970-01-05 04:25:48', '1970-06-01 01:15:58');
INSERT INTO `comments` (`id`, `user_id`, `post_id`, `body`, `created_at`, `updated_at`) VALUES ('19', '19', '419', 'Nostrum facere voluptates earum tempora. Nemo quisquam culpa doloribus quibusdam facere in ullam.', '2011-07-17 01:23:50', '2014-02-25 12:11:33');
INSERT INTO `comments` (`id`, `user_id`, `post_id`, `body`, `created_at`, `updated_at`) VALUES ('20', '20', '420', 'Ex doloremque sed recusandae adipisci modi perferendis. Est ut possimus nulla. Atque veniam modi et. Aut sit inventore vero et consequatur eum.', '1992-10-04 10:58:01', '1990-05-29 23:47:36');
INSERT INTO `comments` (`id`, `user_id`, `post_id`, `body`, `created_at`, `updated_at`) VALUES ('21', '21', '421', 'Odit amet quam assumenda autem et dolores. Ab in voluptates neque consectetur officia. A qui est dolor pariatur dicta.', '1984-04-21 15:23:40', '2018-03-11 05:21:33');
INSERT INTO `comments` (`id`, `user_id`, `post_id`, `body`, `created_at`, `updated_at`) VALUES ('22', '22', '422', 'Voluptas et aut mollitia repudiandae non dolore aperiam. Alias dolor accusamus qui et. Ea laboriosam illo est aut. Distinctio a est harum animi sunt officia.', '1970-12-17 11:19:43', '1974-07-11 16:23:44');
INSERT INTO `comments` (`id`, `user_id`, `post_id`, `body`, `created_at`, `updated_at`) VALUES ('23', '23', '423', 'Facilis unde est aliquam saepe nulla dolor. Molestiae consequatur temporibus doloremque modi. Dolores non nihil et dignissimos quam. Aliquid ab dolores natus laudantium.', '1982-03-26 15:40:20', '2018-10-13 14:33:50');
INSERT INTO `comments` (`id`, `user_id`, `post_id`, `body`, `created_at`, `updated_at`) VALUES ('24', '24', '424', 'Laboriosam qui facilis molestiae sed velit exercitationem debitis eveniet. Aut delectus autem inventore voluptas quos laborum. Est molestiae ipsum adipisci et et. Voluptas voluptas omnis ullam et facilis.', '2015-10-17 23:03:33', '1978-05-12 03:11:54');
INSERT INTO `comments` (`id`, `user_id`, `post_id`, `body`, `created_at`, `updated_at`) VALUES ('25', '25', '425', 'Velit repellendus sunt explicabo quo totam. Dolor et doloremque aut illo rerum ipsa. Voluptatem tempora nulla consequatur nobis repudiandae illo corporis. Dolore quia esse qui eveniet.', '1990-09-29 03:53:12', '2011-06-26 23:16:43');
INSERT INTO `comments` (`id`, `user_id`, `post_id`, `body`, `created_at`, `updated_at`) VALUES ('26', '26', '426', 'A eum id velit asperiores ratione voluptatibus. Amet quia dignissimos provident dicta ut. Illum impedit voluptates dolor nostrum in sit rem cum.', '2011-06-21 13:28:57', '1994-02-09 09:27:48');
INSERT INTO `comments` (`id`, `user_id`, `post_id`, `body`, `created_at`, `updated_at`) VALUES ('27', '27', '427', 'Voluptas tenetur nemo modi quia consectetur dolores. Eum dignissimos illum asperiores consequatur dolorum expedita ut. Est eos odit quia a.', '1988-08-23 11:46:42', '2005-04-17 23:57:28');
INSERT INTO `comments` (`id`, `user_id`, `post_id`, `body`, `created_at`, `updated_at`) VALUES ('28', '28', '428', 'Alias commodi ipsa accusamus ex esse sit incidunt. Voluptatem ea ut aut soluta quos nesciunt. Error molestiae dicta animi debitis facere amet quidem. Itaque cupiditate qui eum ut quidem sint nobis. Dolor hic sint placeat.', '1974-01-12 19:11:38', '1978-05-15 00:16:25');
INSERT INTO `comments` (`id`, `user_id`, `post_id`, `body`, `created_at`, `updated_at`) VALUES ('29', '29', '429', 'In rerum voluptatem id enim sunt. Et assumenda illum maiores non magni officiis. Sint quia quia quis molestias sunt facere ex. Repellendus error ex ea.', '2003-05-29 02:10:55', '1981-01-24 12:39:35');
INSERT INTO `comments` (`id`, `user_id`, `post_id`, `body`, `created_at`, `updated_at`) VALUES ('30', '30', '430', 'Magnam assumenda suscipit qui. Recusandae vel rerum consequatur illum temporibus occaecati ut. Excepturi nemo dolorem repudiandae ut eius amet.', '1998-02-08 05:32:13', '1983-11-09 08:08:57');
INSERT INTO `comments` (`id`, `user_id`, `post_id`, `body`, `created_at`, `updated_at`) VALUES ('31', '31', '431', 'Amet voluptate asperiores molestiae ut similique. Ut libero sunt autem est velit. In voluptas accusamus ut aperiam est voluptas exercitationem eveniet.', '1984-01-10 08:10:20', '1992-11-14 03:16:12');
INSERT INTO `comments` (`id`, `user_id`, `post_id`, `body`, `created_at`, `updated_at`) VALUES ('32', '32', '432', 'Sint et commodi qui autem consequuntur omnis numquam doloribus. Occaecati similique eum saepe quis. Est illum sit earum consequatur dolorum. Quae unde vel necessitatibus molestiae voluptatem vel.', '1971-09-25 09:28:42', '1970-04-09 17:36:14');
INSERT INTO `comments` (`id`, `user_id`, `post_id`, `body`, `created_at`, `updated_at`) VALUES ('33', '33', '433', 'Dolorem a voluptas quos pariatur quaerat saepe et. Qui sequi sit quos laborum et sapiente non. Quia et eos non dolor unde. Itaque adipisci doloremque velit cumque debitis ea ut.', '2011-10-03 18:50:30', '1980-12-05 14:58:21');
INSERT INTO `comments` (`id`, `user_id`, `post_id`, `body`, `created_at`, `updated_at`) VALUES ('34', '34', '434', 'Temporibus quia aut tempora explicabo aspernatur earum est. In fuga dicta et et delectus ullam. Fugit tempore similique neque in dicta. Vel dolor molestiae a commodi.', '1986-04-21 22:53:12', '1989-01-06 07:00:15');
INSERT INTO `comments` (`id`, `user_id`, `post_id`, `body`, `created_at`, `updated_at`) VALUES ('35', '35', '435', 'Veritatis quaerat dolores similique magni labore et corrupti. Animi reiciendis nemo aut sit odit porro vel. Nobis amet est facere veniam.', '2009-05-07 10:06:16', '1991-11-11 16:28:45');
INSERT INTO `comments` (`id`, `user_id`, `post_id`, `body`, `created_at`, `updated_at`) VALUES ('36', '36', '436', 'Aut consequatur ducimus nesciunt provident aut. Earum et alias voluptates repellat nisi. Itaque odit nulla accusamus suscipit. Quam fuga voluptatem placeat qui officiis et qui. Illo eligendi aliquid reiciendis nihil et ad expedita rerum.', '1996-08-29 19:32:19', '1974-01-20 10:41:04');
INSERT INTO `comments` (`id`, `user_id`, `post_id`, `body`, `created_at`, `updated_at`) VALUES ('37', '37', '437', 'Aliquid beatae voluptatem et occaecati tempora. Exercitationem odit quia ratione quia impedit et temporibus. Minus amet dolor qui voluptatem facere consequatur provident.', '1979-08-07 23:08:18', '2000-08-02 18:32:34');
INSERT INTO `comments` (`id`, `user_id`, `post_id`, `body`, `created_at`, `updated_at`) VALUES ('38', '38', '438', 'Officiis fuga nemo aut quidem provident commodi adipisci. Quod non tempore molestiae adipisci. Ut perspiciatis saepe tenetur iste et est. Fugiat a aut nemo dolores.', '2006-02-08 20:50:17', '2014-02-20 06:22:37');
INSERT INTO `comments` (`id`, `user_id`, `post_id`, `body`, `created_at`, `updated_at`) VALUES ('39', '39', '439', 'Ea cupiditate ut rem minus numquam quam reprehenderit. Recusandae sit provident ab dolores. Velit eaque totam hic alias in voluptas ad. Omnis et ab ea ut.', '2017-08-24 17:21:25', '2002-10-29 00:57:48');
INSERT INTO `comments` (`id`, `user_id`, `post_id`, `body`, `created_at`, `updated_at`) VALUES ('40', '40', '440', 'Error nemo hic consectetur qui porro. Et laboriosam voluptas ea non. Rerum numquam qui doloremque molestiae dolor.', '2008-03-08 04:16:43', '1979-06-28 01:09:15');
INSERT INTO `comments` (`id`, `user_id`, `post_id`, `body`, `created_at`, `updated_at`) VALUES ('41', '41', '441', 'Eveniet quas velit eius qui ducimus. Magnam qui ipsa qui reprehenderit dolorem blanditiis eos. Odio veniam quia non pariatur voluptatem quis. Et iure eum quia in aut consequuntur cumque. Et eum earum cupiditate.', '1979-12-12 18:37:31', '1990-11-21 12:52:40');
INSERT INTO `comments` (`id`, `user_id`, `post_id`, `body`, `created_at`, `updated_at`) VALUES ('42', '42', '442', 'Et non dolore quas consectetur laboriosam delectus nihil. Sint ex ex aut. Hic omnis quo magnam qui rerum.', '2000-10-30 19:29:30', '1976-07-21 20:40:32');
INSERT INTO `comments` (`id`, `user_id`, `post_id`, `body`, `created_at`, `updated_at`) VALUES ('43', '43', '443', 'Assumenda officiis labore nulla et optio et voluptate architecto. Porro earum adipisci est mollitia cupiditate deleniti neque eum. Sapiente ea ipsum quaerat quo cum. Adipisci accusamus laudantium possimus.', '1981-03-08 21:44:36', '1995-08-08 16:57:12');
INSERT INTO `comments` (`id`, `user_id`, `post_id`, `body`, `created_at`, `updated_at`) VALUES ('44', '44', '444', 'Qui aut omnis quis aut sit minus saepe. Nisi exercitationem dicta enim ea qui enim.', '2019-01-02 14:25:11', '1996-08-08 06:52:50');
INSERT INTO `comments` (`id`, `user_id`, `post_id`, `body`, `created_at`, `updated_at`) VALUES ('45', '45', '445', 'Expedita nulla est ad praesentium sunt voluptates. Occaecati provident debitis nesciunt in magnam recusandae et. Voluptatem fugiat nisi ut sed molestiae.', '1973-02-27 22:32:55', '1980-02-26 16:56:26');
INSERT INTO `comments` (`id`, `user_id`, `post_id`, `body`, `created_at`, `updated_at`) VALUES ('46', '46', '446', 'Doloribus adipisci inventore est odio sunt repudiandae molestiae. Iste exercitationem non sit omnis voluptatum veniam. Sint voluptatem vero eaque corporis dicta.', '1975-01-24 22:10:37', '2010-03-13 01:51:20');
INSERT INTO `comments` (`id`, `user_id`, `post_id`, `body`, `created_at`, `updated_at`) VALUES ('47', '47', '447', 'Aut mollitia reprehenderit tempore veritatis nemo exercitationem voluptate. Labore odio quia sunt inventore et recusandae. Perferendis et voluptates rerum ut consectetur aperiam itaque.', '1995-10-08 08:05:44', '1995-03-27 04:35:01');
INSERT INTO `comments` (`id`, `user_id`, `post_id`, `body`, `created_at`, `updated_at`) VALUES ('48', '48', '448', 'Aut rerum aperiam quis corporis et dolorem veniam nobis. Nihil at eveniet illum ut. Quo ut mollitia eum qui voluptatibus.', '2003-05-24 20:33:49', '2016-10-31 19:54:53');
INSERT INTO `comments` (`id`, `user_id`, `post_id`, `body`, `created_at`, `updated_at`) VALUES ('49', '49', '449', 'Similique delectus magni autem tempora quia rerum. Est tenetur dolor est dolores. Animi vitae adipisci nobis quisquam.', '2014-08-18 02:12:13', '2004-08-02 12:19:37');
INSERT INTO `comments` (`id`, `user_id`, `post_id`, `body`, `created_at`, `updated_at`) VALUES ('50', '50', '450', 'Laudantium hic id autem. Earum sequi et consequatur maiores quos pariatur veniam. Autem saepe tempore velit ea adipisci.', '1987-10-30 03:26:59', '1983-09-06 18:47:19');
INSERT INTO `comments` (`id`, `user_id`, `post_id`, `body`, `created_at`, `updated_at`) VALUES ('51', '51', '451', 'Eos est mollitia corporis voluptates quis. Fugiat est dolorem dignissimos fugiat doloribus id. Sed ipsam enim repellat dolorem neque debitis.', '1972-08-25 00:25:36', '1998-02-22 10:27:07');
INSERT INTO `comments` (`id`, `user_id`, `post_id`, `body`, `created_at`, `updated_at`) VALUES ('52', '52', '452', 'Enim fugiat perspiciatis numquam. Similique nisi odit consequatur ratione quia. Ea rem aut ut eum qui iure nulla. Ut dolores ex voluptate ex quia.', '1993-02-02 04:42:50', '1993-02-05 06:53:10');
INSERT INTO `comments` (`id`, `user_id`, `post_id`, `body`, `created_at`, `updated_at`) VALUES ('53', '53', '453', 'Ea explicabo tempora aut vitae. Nulla deleniti laudantium sunt doloremque. Sunt velit voluptas eos eveniet maiores.', '1989-01-01 01:48:29', '1984-07-14 09:28:31');
INSERT INTO `comments` (`id`, `user_id`, `post_id`, `body`, `created_at`, `updated_at`) VALUES ('54', '54', '454', 'Beatae possimus et quia debitis dolor. Consequatur deserunt facere earum dolorem ut ex magni. Magnam cum quia ut aut eveniet.', '1985-04-03 07:11:44', '2003-03-26 21:12:57');
INSERT INTO `comments` (`id`, `user_id`, `post_id`, `body`, `created_at`, `updated_at`) VALUES ('55', '55', '455', 'Aliquam iste laborum magnam culpa est aut qui. Non quod nihil perferendis. Nostrum minima delectus enim sapiente qui molestiae.', '1982-11-19 20:16:59', '1996-12-20 16:23:41');
INSERT INTO `comments` (`id`, `user_id`, `post_id`, `body`, `created_at`, `updated_at`) VALUES ('56', '56', '456', 'A nihil delectus nihil beatae ipsum hic. Est aliquam magnam cumque officia quisquam cum quia. Non qui corporis sequi. Est consequatur exercitationem ut sit non molestiae.', '1979-10-19 08:53:07', '1999-10-16 05:40:16');
INSERT INTO `comments` (`id`, `user_id`, `post_id`, `body`, `created_at`, `updated_at`) VALUES ('57', '57', '457', 'Officia magnam necessitatibus esse porro dolorem rerum est voluptatem. Autem ad omnis et dolorum perferendis.', '2005-09-23 22:36:42', '1999-12-28 23:27:02');
INSERT INTO `comments` (`id`, `user_id`, `post_id`, `body`, `created_at`, `updated_at`) VALUES ('58', '58', '458', 'Voluptatum sequi temporibus praesentium est illum. Temporibus magnam quis quaerat voluptatem facere voluptate qui.', '1992-04-07 00:55:58', '1987-09-10 21:11:56');
INSERT INTO `comments` (`id`, `user_id`, `post_id`, `body`, `created_at`, `updated_at`) VALUES ('59', '59', '459', 'Iusto quia velit est ipsa voluptas quasi et. Delectus dolorum enim minima et. Impedit minima doloremque quia repellendus alias reiciendis.', '1974-08-14 01:38:47', '2011-12-29 12:59:24');
INSERT INTO `comments` (`id`, `user_id`, `post_id`, `body`, `created_at`, `updated_at`) VALUES ('60', '60', '460', 'Et corporis voluptatem quod et veritatis eos quidem. Ratione et maiores ducimus officia reiciendis itaque. Voluptatem quo et qui. Voluptatem modi inventore enim quia aperiam aliquid.', '2002-01-30 14:00:25', '1985-02-10 20:22:27');
INSERT INTO `comments` (`id`, `user_id`, `post_id`, `body`, `created_at`, `updated_at`) VALUES ('61', '61', '461', 'In eligendi perspiciatis esse quia aut. Quaerat temporibus ea est est in excepturi ratione. Et harum quia modi porro facere consequatur. Officia aspernatur reprehenderit voluptate dolor ut.', '1990-01-21 18:53:30', '2003-02-14 20:50:25');
INSERT INTO `comments` (`id`, `user_id`, `post_id`, `body`, `created_at`, `updated_at`) VALUES ('62', '62', '462', 'Adipisci consequatur aliquid est eveniet similique quod quia. Explicabo aliquam aut laboriosam sit sed quisquam quas. Sit voluptate eos unde aut.', '2015-10-16 02:20:10', '1997-01-12 10:17:33');
INSERT INTO `comments` (`id`, `user_id`, `post_id`, `body`, `created_at`, `updated_at`) VALUES ('63', '63', '463', 'Omnis quisquam ducimus facere optio. Rerum et occaecati consequatur recusandae qui quae. Provident molestias ut voluptas harum reiciendis.', '2008-10-17 14:30:27', '1987-05-04 15:56:56');
INSERT INTO `comments` (`id`, `user_id`, `post_id`, `body`, `created_at`, `updated_at`) VALUES ('64', '64', '464', 'Qui adipisci impedit non aut explicabo dolorem. Eum expedita consequatur rerum iste aliquam dolore.', '2012-03-29 10:50:35', '1983-07-01 13:50:11');
INSERT INTO `comments` (`id`, `user_id`, `post_id`, `body`, `created_at`, `updated_at`) VALUES ('65', '65', '465', 'Saepe qui sunt est libero aut. Et quibusdam rerum provident est nostrum ipsa quam. Et aut laborum suscipit animi fugiat. Voluptatum ab quod perspiciatis et at.', '2015-06-20 01:34:33', '1974-01-08 14:02:36');
INSERT INTO `comments` (`id`, `user_id`, `post_id`, `body`, `created_at`, `updated_at`) VALUES ('66', '66', '466', 'Nemo excepturi ea distinctio enim fugit modi. Animi reprehenderit voluptate perferendis ex beatae dolores. Aut dolorem dolores ipsam dolor cupiditate magnam.', '2000-01-06 10:39:22', '1972-07-27 19:03:08');
INSERT INTO `comments` (`id`, `user_id`, `post_id`, `body`, `created_at`, `updated_at`) VALUES ('67', '67', '467', 'Voluptate rem sunt sit quia id repellat ut dolores. Vitae accusantium rem harum facere. Repudiandae voluptatem perferendis voluptatem.', '1992-09-07 21:42:36', '2003-12-27 11:08:21');
INSERT INTO `comments` (`id`, `user_id`, `post_id`, `body`, `created_at`, `updated_at`) VALUES ('68', '68', '468', 'Est non voluptatem aliquam qui. Velit voluptatem deserunt quas esse optio. Cumque sed eius hic aliquid.', '2012-05-08 07:39:28', '2016-12-05 09:27:38');
INSERT INTO `comments` (`id`, `user_id`, `post_id`, `body`, `created_at`, `updated_at`) VALUES ('69', '69', '469', 'Et tempora provident quia nulla. Porro ut praesentium est repellat recusandae.', '1979-05-12 02:43:26', '1986-09-06 17:36:28');
INSERT INTO `comments` (`id`, `user_id`, `post_id`, `body`, `created_at`, `updated_at`) VALUES ('70', '70', '470', 'Architecto accusantium mollitia et. Quis pariatur eum repellat odio. Sequi officiis officiis et aut qui esse est. Recusandae explicabo repellat est velit. Ratione nesciunt sint sint aut ipsa.', '2002-04-19 21:19:36', '1999-05-16 12:10:42');
INSERT INTO `comments` (`id`, `user_id`, `post_id`, `body`, `created_at`, `updated_at`) VALUES ('71', '71', '471', 'Sapiente autem aperiam quibusdam pariatur enim quod sit. Adipisci ab quam eius quasi. Quae quasi et et sunt dolore debitis et.', '1993-05-30 07:22:06', '2009-10-21 01:59:52');
INSERT INTO `comments` (`id`, `user_id`, `post_id`, `body`, `created_at`, `updated_at`) VALUES ('72', '72', '472', 'Voluptas aut nesciunt sit. Ea quia alias est numquam est maxime. Et mollitia ea illum reprehenderit rerum et et. Iure necessitatibus dolorum labore sint sint.', '1996-08-29 21:03:23', '1982-09-19 06:36:56');
INSERT INTO `comments` (`id`, `user_id`, `post_id`, `body`, `created_at`, `updated_at`) VALUES ('73', '73', '473', 'Labore et temporibus eos sed ipsam. Omnis modi id tempore sint facere aperiam. Vero inventore incidunt quod illum.', '2015-01-24 01:04:57', '2020-02-20 15:10:51');
INSERT INTO `comments` (`id`, `user_id`, `post_id`, `body`, `created_at`, `updated_at`) VALUES ('74', '74', '474', 'Et et totam commodi similique dolores voluptatem aut. Exercitationem excepturi ea ratione aut soluta numquam commodi quia. Officiis aut et voluptatem optio. Quam aut sed consectetur est.', '1999-05-22 19:27:04', '2001-05-16 13:47:48');
INSERT INTO `comments` (`id`, `user_id`, `post_id`, `body`, `created_at`, `updated_at`) VALUES ('75', '75', '475', 'Reprehenderit debitis quidem deleniti commodi. Doloribus recusandae possimus ipsum dolore inventore iste. Nam voluptas nobis sapiente odio distinctio. Nam ea tenetur quia autem doloribus quo consequatur.', '2020-02-07 08:01:45', '1972-01-24 05:23:41');
INSERT INTO `comments` (`id`, `user_id`, `post_id`, `body`, `created_at`, `updated_at`) VALUES ('76', '76', '476', 'Est velit sit et amet nam tenetur minima. Est aut occaecati ut et. Sit eius voluptatem sit rerum. Sint at quo veniam qui nihil perspiciatis repudiandae.', '2014-09-17 01:48:49', '2008-01-14 01:26:38');
INSERT INTO `comments` (`id`, `user_id`, `post_id`, `body`, `created_at`, `updated_at`) VALUES ('77', '77', '477', 'Autem et incidunt non incidunt aperiam. Vitae iste illum assumenda dignissimos debitis quibusdam. Est blanditiis odit illo enim numquam fugiat eveniet.', '1972-05-13 19:55:20', '1981-09-05 00:33:38');
INSERT INTO `comments` (`id`, `user_id`, `post_id`, `body`, `created_at`, `updated_at`) VALUES ('78', '78', '478', 'Labore accusamus omnis tempore non consectetur. Molestias aspernatur dolor a. Ea eligendi deserunt quod sit iste.', '2000-12-23 21:48:07', '1976-11-03 18:32:34');
INSERT INTO `comments` (`id`, `user_id`, `post_id`, `body`, `created_at`, `updated_at`) VALUES ('79', '79', '479', 'Vero iure minima dicta aspernatur. Asperiores laborum omnis aut qui. Qui consequatur commodi earum sunt voluptas eos. At facere laboriosam ea nostrum saepe. Dolorum corporis id similique provident et excepturi.', '2012-02-24 23:14:23', '2004-01-06 00:41:22');
INSERT INTO `comments` (`id`, `user_id`, `post_id`, `body`, `created_at`, `updated_at`) VALUES ('80', '80', '480', 'Autem corporis quaerat molestias sit vel tempora. Nulla explicabo similique consequatur natus ab natus et. Et velit eos fuga quisquam aut illo.', '1977-11-19 14:16:29', '2020-04-21 02:45:33');
INSERT INTO `comments` (`id`, `user_id`, `post_id`, `body`, `created_at`, `updated_at`) VALUES ('81', '81', '481', 'Quibusdam qui consequuntur et consequuntur autem suscipit. Dolorum eligendi sunt reiciendis. Reprehenderit ut quos officia et. In voluptatem ab voluptas sequi velit ut exercitationem.', '2014-11-22 08:05:32', '2008-12-08 01:42:16');
INSERT INTO `comments` (`id`, `user_id`, `post_id`, `body`, `created_at`, `updated_at`) VALUES ('82', '82', '482', 'Cum eaque enim ut sequi quaerat. Provident quod ut et ut est repudiandae. Deleniti molestiae porro ut est excepturi ut pariatur quasi.', '1997-10-04 07:19:22', '2000-07-28 02:17:30');
INSERT INTO `comments` (`id`, `user_id`, `post_id`, `body`, `created_at`, `updated_at`) VALUES ('83', '83', '483', 'Dolores doloremque non ut deserunt. Id recusandae et expedita earum. Nisi ea rerum dolore dolores consequatur.', '1987-04-02 19:58:38', '1985-08-14 10:28:42');
INSERT INTO `comments` (`id`, `user_id`, `post_id`, `body`, `created_at`, `updated_at`) VALUES ('84', '84', '484', 'Expedita excepturi quis quod eos soluta. Id sint nesciunt facere omnis quos vel magnam.', '1977-03-18 00:21:29', '2011-07-10 01:59:11');
INSERT INTO `comments` (`id`, `user_id`, `post_id`, `body`, `created_at`, `updated_at`) VALUES ('85', '85', '485', 'In reiciendis voluptatibus at non maiores dignissimos quaerat. Qui aliquam expedita a officia et consectetur ut. Rerum non consequatur blanditiis reprehenderit. Ut quis consequatur deserunt eligendi. Consequatur recusandae cupiditate rerum.', '2012-02-26 22:20:31', '1978-10-24 00:24:10');
INSERT INTO `comments` (`id`, `user_id`, `post_id`, `body`, `created_at`, `updated_at`) VALUES ('86', '86', '486', 'Placeat quas illum at qui velit doloribus. A aliquid dolor sed aut mollitia doloribus. Enim voluptatem aperiam sunt non. Exercitationem odit neque ut nam est blanditiis asperiores illum.', '1990-06-08 09:37:26', '1993-04-22 09:10:48');
INSERT INTO `comments` (`id`, `user_id`, `post_id`, `body`, `created_at`, `updated_at`) VALUES ('87', '87', '487', 'Nisi enim quis voluptas pariatur. Nobis et unde tempora consequatur doloribus aut. Suscipit eum et ratione sint.', '1983-12-31 04:19:26', '1993-05-11 16:24:46');
INSERT INTO `comments` (`id`, `user_id`, `post_id`, `body`, `created_at`, `updated_at`) VALUES ('88', '88', '488', 'Ut et totam ut reprehenderit quo. Quas dolor maxime at natus id eum. Adipisci quia rerum consequatur perferendis. Officia assumenda iure ratione est.', '1978-02-12 11:11:29', '2017-07-09 20:01:47');
INSERT INTO `comments` (`id`, `user_id`, `post_id`, `body`, `created_at`, `updated_at`) VALUES ('89', '89', '489', 'Esse atque dolores illo neque numquam voluptatem. Minus ab cupiditate reprehenderit qui quo incidunt. Velit aut explicabo nihil ducimus. Nihil magnam qui odio vel hic nihil error.', '1992-11-11 23:16:21', '2003-10-11 13:38:24');
INSERT INTO `comments` (`id`, `user_id`, `post_id`, `body`, `created_at`, `updated_at`) VALUES ('90', '90', '490', 'Culpa provident maiores nobis molestiae quia et. Quidem saepe molestiae est. Quisquam amet est asperiores.', '2007-02-19 15:47:08', '1982-01-09 11:58:30');
INSERT INTO `comments` (`id`, `user_id`, `post_id`, `body`, `created_at`, `updated_at`) VALUES ('91', '91', '491', 'Voluptas ex dicta ut quis fugiat eveniet perferendis. Recusandae quas cupiditate cum sint reiciendis. Corrupti sit quia omnis ipsum ea voluptas nobis mollitia. Consequatur corporis eos ut officiis nisi molestiae.', '2000-07-15 16:17:04', '1977-01-16 17:08:36');
INSERT INTO `comments` (`id`, `user_id`, `post_id`, `body`, `created_at`, `updated_at`) VALUES ('92', '92', '492', 'Inventore occaecati expedita sit eos sed. Minima ipsam perferendis rerum omnis harum. Repellat enim error aut sed reprehenderit quia et. Sit qui corporis repudiandae omnis tempore omnis.', '1989-01-04 00:29:59', '1975-09-04 17:29:12');
INSERT INTO `comments` (`id`, `user_id`, `post_id`, `body`, `created_at`, `updated_at`) VALUES ('93', '93', '493', 'Quam nostrum error minima architecto aut corporis. Inventore atque ab optio consequatur autem. Atque ipsum facere consequatur corporis. Aut ipsam fuga quia consequatur.', '2009-03-23 04:05:01', '1972-12-13 22:51:45');
INSERT INTO `comments` (`id`, `user_id`, `post_id`, `body`, `created_at`, `updated_at`) VALUES ('94', '94', '494', 'Et nemo et dolorem ipsa alias nostrum et. Est dolorem porro aliquam culpa porro esse. Rerum modi sit dolores ea aut.', '1995-08-13 20:06:18', '2014-09-29 03:20:47');
INSERT INTO `comments` (`id`, `user_id`, `post_id`, `body`, `created_at`, `updated_at`) VALUES ('95', '95', '495', 'Perferendis qui iure et cumque dicta aut. Repudiandae quia eaque esse officiis quo. Fugiat consequatur quia voluptate sed unde veritatis laudantium.', '1986-04-10 22:45:39', '1971-09-06 21:55:35');
INSERT INTO `comments` (`id`, `user_id`, `post_id`, `body`, `created_at`, `updated_at`) VALUES ('96', '96', '496', 'Et asperiores porro id occaecati et consequatur. Illum autem earum aut mollitia eaque. Quos ut ipsa sed exercitationem ducimus consectetur ad rerum. Voluptates aperiam ea sapiente fugiat sed.', '2015-12-27 02:58:25', '2007-09-21 00:46:03');
INSERT INTO `comments` (`id`, `user_id`, `post_id`, `body`, `created_at`, `updated_at`) VALUES ('97', '97', '497', 'Et nostrum enim quia nostrum ut. Quo neque nobis error consequuntur. Optio maxime illo ut in autem et.', '1993-06-11 16:52:23', '1981-03-15 03:50:55');
INSERT INTO `comments` (`id`, `user_id`, `post_id`, `body`, `created_at`, `updated_at`) VALUES ('98', '98', '498', 'Fuga qui autem nihil. Quo totam itaque quia et eum nisi quasi. Fugiat voluptatem consequatur aut ad voluptatem.', '1981-07-29 18:13:14', '1999-07-18 01:25:43');
INSERT INTO `comments` (`id`, `user_id`, `post_id`, `body`, `created_at`, `updated_at`) VALUES ('99', '99', '499', 'Nihil atque rerum voluptas blanditiis in provident. At incidunt consequatur voluptas omnis ullam quibusdam perspiciatis. Dolor optio veritatis laboriosam et fugit.', '1986-05-18 01:26:00', '1984-05-17 15:30:14');
INSERT INTO `comments` (`id`, `user_id`, `post_id`, `body`, `created_at`, `updated_at`) VALUES ('100', '100', '500', 'Eveniet adipisci tempore doloremque. Nesciunt error consequatur id quibusdam omnis. Et sunt nihil cum non architecto dolorem. Eius neque et deleniti dolores.', '1998-04-05 10:35:38', '1998-09-13 01:41:23');


#
# TABLE STRUCTURE FOR: communities
#

DROP TABLE IF EXISTS `communities`;

CREATE TABLE `communities` (
  `id` bigint(20) unsigned NOT NULL AUTO_INCREMENT,
  `name` varchar(255) COLLATE utf8_unicode_ci DEFAULT NULL,
  PRIMARY KEY (`id`),
  KEY `name` (`name`)
) ENGINE=InnoDB AUTO_INCREMENT=101 DEFAULT CHARSET=utf8 COLLATE=utf8_unicode_ci;

INSERT INTO `communities` (`id`, `name`) VALUES ('68', 'adipisci');
INSERT INTO `communities` (`id`, `name`) VALUES ('88', 'alias');
INSERT INTO `communities` (`id`, `name`) VALUES ('5', 'aliquid');
INSERT INTO `communities` (`id`, `name`) VALUES ('65', 'aperiam');
INSERT INTO `communities` (`id`, `name`) VALUES ('6', 'assumenda');
INSERT INTO `communities` (`id`, `name`) VALUES ('34', 'assumenda');
INSERT INTO `communities` (`id`, `name`) VALUES ('52', 'assumenda');
INSERT INTO `communities` (`id`, `name`) VALUES ('99', 'at');
INSERT INTO `communities` (`id`, `name`) VALUES ('73', 'aut');
INSERT INTO `communities` (`id`, `name`) VALUES ('12', 'autem');
INSERT INTO `communities` (`id`, `name`) VALUES ('23', 'autem');
INSERT INTO `communities` (`id`, `name`) VALUES ('26', 'beatae');
INSERT INTO `communities` (`id`, `name`) VALUES ('69', 'beatae');
INSERT INTO `communities` (`id`, `name`) VALUES ('8', 'consequatur');
INSERT INTO `communities` (`id`, `name`) VALUES ('22', 'corporis');
INSERT INTO `communities` (`id`, `name`) VALUES ('93', 'corrupti');
INSERT INTO `communities` (`id`, `name`) VALUES ('61', 'debitis');
INSERT INTO `communities` (`id`, `name`) VALUES ('81', 'delectus');
INSERT INTO `communities` (`id`, `name`) VALUES ('24', 'dicta');
INSERT INTO `communities` (`id`, `name`) VALUES ('30', 'doloremque');
INSERT INTO `communities` (`id`, `name`) VALUES ('58', 'dolores');
INSERT INTO `communities` (`id`, `name`) VALUES ('100', 'ducimus');
INSERT INTO `communities` (`id`, `name`) VALUES ('29', 'eaque');
INSERT INTO `communities` (`id`, `name`) VALUES ('36', 'enim');
INSERT INTO `communities` (`id`, `name`) VALUES ('59', 'enim');
INSERT INTO `communities` (`id`, `name`) VALUES ('60', 'enim');
INSERT INTO `communities` (`id`, `name`) VALUES ('13', 'eos');
INSERT INTO `communities` (`id`, `name`) VALUES ('50', 'eos');
INSERT INTO `communities` (`id`, `name`) VALUES ('44', 'error');
INSERT INTO `communities` (`id`, `name`) VALUES ('45', 'et');
INSERT INTO `communities` (`id`, `name`) VALUES ('56', 'et');
INSERT INTO `communities` (`id`, `name`) VALUES ('90', 'et');
INSERT INTO `communities` (`id`, `name`) VALUES ('95', 'et');
INSERT INTO `communities` (`id`, `name`) VALUES ('63', 'excepturi');
INSERT INTO `communities` (`id`, `name`) VALUES ('62', 'exercitationem');
INSERT INTO `communities` (`id`, `name`) VALUES ('82', 'explicabo');
INSERT INTO `communities` (`id`, `name`) VALUES ('53', 'facilis');
INSERT INTO `communities` (`id`, `name`) VALUES ('10', 'fuga');
INSERT INTO `communities` (`id`, `name`) VALUES ('83', 'fuga');
INSERT INTO `communities` (`id`, `name`) VALUES ('31', 'fugit');
INSERT INTO `communities` (`id`, `name`) VALUES ('47', 'fugit');
INSERT INTO `communities` (`id`, `name`) VALUES ('54', 'iste');
INSERT INTO `communities` (`id`, `name`) VALUES ('76', 'iure');
INSERT INTO `communities` (`id`, `name`) VALUES ('9', 'labore');
INSERT INTO `communities` (`id`, `name`) VALUES ('32', 'laboriosam');
INSERT INTO `communities` (`id`, `name`) VALUES ('79', 'laudantium');
INSERT INTO `communities` (`id`, `name`) VALUES ('43', 'molestiae');
INSERT INTO `communities` (`id`, `name`) VALUES ('72', 'necessitatibus');
INSERT INTO `communities` (`id`, `name`) VALUES ('71', 'nesciunt');
INSERT INTO `communities` (`id`, `name`) VALUES ('86', 'nesciunt');
INSERT INTO `communities` (`id`, `name`) VALUES ('2', 'nisi');
INSERT INTO `communities` (`id`, `name`) VALUES ('67', 'nisi');
INSERT INTO `communities` (`id`, `name`) VALUES ('25', 'nobis');
INSERT INTO `communities` (`id`, `name`) VALUES ('91', 'nobis');
INSERT INTO `communities` (`id`, `name`) VALUES ('89', 'nulla');
INSERT INTO `communities` (`id`, `name`) VALUES ('7', 'odio');
INSERT INTO `communities` (`id`, `name`) VALUES ('17', 'odio');
INSERT INTO `communities` (`id`, `name`) VALUES ('64', 'odio');
INSERT INTO `communities` (`id`, `name`) VALUES ('87', 'odio');
INSERT INTO `communities` (`id`, `name`) VALUES ('20', 'odit');
INSERT INTO `communities` (`id`, `name`) VALUES ('28', 'optio');
INSERT INTO `communities` (`id`, `name`) VALUES ('42', 'placeat');
INSERT INTO `communities` (`id`, `name`) VALUES ('66', 'possimus');
INSERT INTO `communities` (`id`, `name`) VALUES ('46', 'quae');
INSERT INTO `communities` (`id`, `name`) VALUES ('96', 'quaerat');
INSERT INTO `communities` (`id`, `name`) VALUES ('74', 'quas');
INSERT INTO `communities` (`id`, `name`) VALUES ('3', 'qui');
INSERT INTO `communities` (`id`, `name`) VALUES ('11', 'qui');
INSERT INTO `communities` (`id`, `name`) VALUES ('57', 'qui');
INSERT INTO `communities` (`id`, `name`) VALUES ('70', 'qui');
INSERT INTO `communities` (`id`, `name`) VALUES ('77', 'qui');
INSERT INTO `communities` (`id`, `name`) VALUES ('98', 'qui');
INSERT INTO `communities` (`id`, `name`) VALUES ('38', 'quia');
INSERT INTO `communities` (`id`, `name`) VALUES ('49', 'quia');
INSERT INTO `communities` (`id`, `name`) VALUES ('85', 'quia');
INSERT INTO `communities` (`id`, `name`) VALUES ('15', 'quidem');
INSERT INTO `communities` (`id`, `name`) VALUES ('35', 'quidem');
INSERT INTO `communities` (`id`, `name`) VALUES ('39', 'quidem');
INSERT INTO `communities` (`id`, `name`) VALUES ('40', 'quis');
INSERT INTO `communities` (`id`, `name`) VALUES ('41', 'quis');
INSERT INTO `communities` (`id`, `name`) VALUES ('21', 'reiciendis');
INSERT INTO `communities` (`id`, `name`) VALUES ('4', 'repellat');
INSERT INTO `communities` (`id`, `name`) VALUES ('1', 'rerum');
INSERT INTO `communities` (`id`, `name`) VALUES ('55', 'sed');
INSERT INTO `communities` (`id`, `name`) VALUES ('80', 'sequi');
INSERT INTO `communities` (`id`, `name`) VALUES ('51', 'sit');
INSERT INTO `communities` (`id`, `name`) VALUES ('78', 'tenetur');
INSERT INTO `communities` (`id`, `name`) VALUES ('18', 'ut');
INSERT INTO `communities` (`id`, `name`) VALUES ('27', 'ut');
INSERT INTO `communities` (`id`, `name`) VALUES ('97', 'ut');
INSERT INTO `communities` (`id`, `name`) VALUES ('75', 'vel');
INSERT INTO `communities` (`id`, `name`) VALUES ('14', 'velit');
INSERT INTO `communities` (`id`, `name`) VALUES ('33', 'vitae');
INSERT INTO `communities` (`id`, `name`) VALUES ('94', 'voluptas');
INSERT INTO `communities` (`id`, `name`) VALUES ('16', 'voluptatem');
INSERT INTO `communities` (`id`, `name`) VALUES ('48', 'voluptatem');
INSERT INTO `communities` (`id`, `name`) VALUES ('19', 'voluptates');
INSERT INTO `communities` (`id`, `name`) VALUES ('92', 'voluptates');
INSERT INTO `communities` (`id`, `name`) VALUES ('84', 'voluptatibus');
INSERT INTO `communities` (`id`, `name`) VALUES ('37', 'voluptatum');


#
# TABLE STRUCTURE FOR: friend_requests
#

DROP TABLE IF EXISTS `friend_requests`;

CREATE TABLE `friend_requests` (
  `initiator_user_id` bigint(20) unsigned NOT NULL,
  `target_user_id` bigint(20) unsigned NOT NULL,
  `status` enum('requested','approved','unfriended','decline') COLLATE utf8_unicode_ci DEFAULT 'requested',
  `requested_at` datetime DEFAULT current_timestamp(),
  `updated_at` datetime DEFAULT NULL,
  PRIMARY KEY (`initiator_user_id`,`target_user_id`),
  KEY `friend_requests_iui_idx` (`initiator_user_id`),
  KEY `target_user_id` (`target_user_id`)
  /*CONSTRAINT `friend_requests_fk1` FOREIGN KEY (`initiator_user_id`) REFERENCES `profiles` (`user_id`),
  CONSTRAINT `friend_requests_ibfk_1` FOREIGN KEY (`target_user_id`) REFERENCES `profiles` (`user_id`)*/
) ENGINE=InnoDB DEFAULT CHARSET=utf8 COLLATE=utf8_unicode_ci;

INSERT INTO `friend_requests` (`initiator_user_id`, `target_user_id`, `status`, `requested_at`, `updated_at`) VALUES ('1', '1', 'approved', '2007-10-05 17:25:07', '2001-03-06 18:51:47');
INSERT INTO `friend_requests` (`initiator_user_id`, `target_user_id`, `status`, `requested_at`, `updated_at`) VALUES ('2', '2', 'approved', '1972-01-17 19:52:27', '2004-11-24 05:13:52');
INSERT INTO `friend_requests` (`initiator_user_id`, `target_user_id`, `status`, `requested_at`, `updated_at`) VALUES ('3', '3', 'requested', '2008-11-29 21:12:46', '1993-03-06 18:08:17');
INSERT INTO `friend_requests` (`initiator_user_id`, `target_user_id`, `status`, `requested_at`, `updated_at`) VALUES ('4', '4', 'approved', '1989-01-19 22:47:52', '2020-01-26 14:44:02');
INSERT INTO `friend_requests` (`initiator_user_id`, `target_user_id`, `status`, `requested_at`, `updated_at`) VALUES ('5', '5', 'requested', '1984-06-04 10:41:24', '1985-03-12 21:22:37');
INSERT INTO `friend_requests` (`initiator_user_id`, `target_user_id`, `status`, `requested_at`, `updated_at`) VALUES ('6', '6', 'requested', '2001-01-22 05:25:35', '2004-03-07 19:15:43');
INSERT INTO `friend_requests` (`initiator_user_id`, `target_user_id`, `status`, `requested_at`, `updated_at`) VALUES ('7', '7', 'unfriended', '1987-09-12 09:27:06', '1973-06-01 07:52:45');
INSERT INTO `friend_requests` (`initiator_user_id`, `target_user_id`, `status`, `requested_at`, `updated_at`) VALUES ('8', '8', 'requested', '1986-04-14 14:45:04', '1988-06-04 09:13:25');
INSERT INTO `friend_requests` (`initiator_user_id`, `target_user_id`, `status`, `requested_at`, `updated_at`) VALUES ('9', '9', 'requested', '2006-02-08 11:34:44', '2006-04-24 22:37:13');
INSERT INTO `friend_requests` (`initiator_user_id`, `target_user_id`, `status`, `requested_at`, `updated_at`) VALUES ('10', '10', 'decline', '1974-04-28 20:35:04', '2020-02-24 16:13:30');
INSERT INTO `friend_requests` (`initiator_user_id`, `target_user_id`, `status`, `requested_at`, `updated_at`) VALUES ('11', '11', 'requested', '1977-01-28 17:27:17', '1999-01-11 09:29:20');
INSERT INTO `friend_requests` (`initiator_user_id`, `target_user_id`, `status`, `requested_at`, `updated_at`) VALUES ('12', '12', 'decline', '2019-03-21 09:25:35', '1972-02-04 18:24:09');
INSERT INTO `friend_requests` (`initiator_user_id`, `target_user_id`, `status`, `requested_at`, `updated_at`) VALUES ('13', '13', 'unfriended', '2009-11-27 07:06:21', '1986-10-19 19:02:24');
INSERT INTO `friend_requests` (`initiator_user_id`, `target_user_id`, `status`, `requested_at`, `updated_at`) VALUES ('14', '14', 'requested', '2017-02-07 14:49:22', '2013-11-27 07:28:55');
INSERT INTO `friend_requests` (`initiator_user_id`, `target_user_id`, `status`, `requested_at`, `updated_at`) VALUES ('15', '15', 'approved', '1989-12-04 10:33:58', '1995-12-25 19:49:19');
INSERT INTO `friend_requests` (`initiator_user_id`, `target_user_id`, `status`, `requested_at`, `updated_at`) VALUES ('16', '16', 'decline', '1999-10-16 01:16:48', '1996-01-14 13:10:47');
INSERT INTO `friend_requests` (`initiator_user_id`, `target_user_id`, `status`, `requested_at`, `updated_at`) VALUES ('17', '17', 'requested', '1998-11-24 13:55:12', '1988-04-07 04:36:48');
INSERT INTO `friend_requests` (`initiator_user_id`, `target_user_id`, `status`, `requested_at`, `updated_at`) VALUES ('18', '18', 'requested', '1970-07-10 23:05:29', '1997-07-17 03:50:18');
INSERT INTO `friend_requests` (`initiator_user_id`, `target_user_id`, `status`, `requested_at`, `updated_at`) VALUES ('19', '19', 'decline', '1975-12-03 14:17:13', '1993-05-07 05:55:13');
INSERT INTO `friend_requests` (`initiator_user_id`, `target_user_id`, `status`, `requested_at`, `updated_at`) VALUES ('20', '20', 'decline', '1990-11-13 23:41:19', '1978-10-06 22:09:09');
INSERT INTO `friend_requests` (`initiator_user_id`, `target_user_id`, `status`, `requested_at`, `updated_at`) VALUES ('21', '21', 'requested', '2004-10-14 21:45:47', '1996-01-26 05:07:36');
INSERT INTO `friend_requests` (`initiator_user_id`, `target_user_id`, `status`, `requested_at`, `updated_at`) VALUES ('22', '22', 'approved', '2004-01-13 01:54:57', '1995-07-04 23:36:56');
INSERT INTO `friend_requests` (`initiator_user_id`, `target_user_id`, `status`, `requested_at`, `updated_at`) VALUES ('23', '23', 'decline', '2019-04-30 07:21:09', '2015-06-23 17:18:12');
INSERT INTO `friend_requests` (`initiator_user_id`, `target_user_id`, `status`, `requested_at`, `updated_at`) VALUES ('24', '24', 'unfriended', '1984-08-25 19:34:52', '2008-05-29 05:03:48');
INSERT INTO `friend_requests` (`initiator_user_id`, `target_user_id`, `status`, `requested_at`, `updated_at`) VALUES ('25', '25', 'requested', '2014-10-02 08:03:30', '1984-01-27 02:27:47');
INSERT INTO `friend_requests` (`initiator_user_id`, `target_user_id`, `status`, `requested_at`, `updated_at`) VALUES ('26', '26', 'decline', '2020-05-29 02:51:35', '1996-05-07 13:40:15');
INSERT INTO `friend_requests` (`initiator_user_id`, `target_user_id`, `status`, `requested_at`, `updated_at`) VALUES ('27', '27', 'approved', '1988-03-15 20:30:54', '1990-02-02 03:55:59');
INSERT INTO `friend_requests` (`initiator_user_id`, `target_user_id`, `status`, `requested_at`, `updated_at`) VALUES ('28', '28', 'requested', '1995-12-06 19:03:47', '2006-07-04 12:15:38');
INSERT INTO `friend_requests` (`initiator_user_id`, `target_user_id`, `status`, `requested_at`, `updated_at`) VALUES ('29', '29', 'requested', '1994-02-13 10:42:48', '1995-04-17 16:54:55');
INSERT INTO `friend_requests` (`initiator_user_id`, `target_user_id`, `status`, `requested_at`, `updated_at`) VALUES ('30', '30', 'decline', '1980-08-14 09:20:21', '2003-12-23 19:27:23');
INSERT INTO `friend_requests` (`initiator_user_id`, `target_user_id`, `status`, `requested_at`, `updated_at`) VALUES ('31', '31', 'requested', '2002-06-03 18:56:32', '1996-07-13 03:04:39');
INSERT INTO `friend_requests` (`initiator_user_id`, `target_user_id`, `status`, `requested_at`, `updated_at`) VALUES ('32', '32', 'requested', '1970-07-31 13:03:12', '1983-02-21 15:31:19');
INSERT INTO `friend_requests` (`initiator_user_id`, `target_user_id`, `status`, `requested_at`, `updated_at`) VALUES ('33', '33', 'decline', '2016-06-15 16:14:01', '1989-04-05 12:58:51');
INSERT INTO `friend_requests` (`initiator_user_id`, `target_user_id`, `status`, `requested_at`, `updated_at`) VALUES ('34', '34', 'requested', '1974-06-25 04:20:27', '1981-11-17 21:49:23');
INSERT INTO `friend_requests` (`initiator_user_id`, `target_user_id`, `status`, `requested_at`, `updated_at`) VALUES ('35', '35', 'unfriended', '2019-12-31 21:40:39', '2009-10-25 10:56:05');
INSERT INTO `friend_requests` (`initiator_user_id`, `target_user_id`, `status`, `requested_at`, `updated_at`) VALUES ('36', '36', 'unfriended', '2012-03-30 02:27:12', '2015-08-31 11:51:59');
INSERT INTO `friend_requests` (`initiator_user_id`, `target_user_id`, `status`, `requested_at`, `updated_at`) VALUES ('37', '37', 'unfriended', '2003-07-20 08:02:46', '1996-07-30 17:42:24');
INSERT INTO `friend_requests` (`initiator_user_id`, `target_user_id`, `status`, `requested_at`, `updated_at`) VALUES ('38', '38', 'requested', '1980-05-16 22:04:08', '1971-06-19 19:41:03');
INSERT INTO `friend_requests` (`initiator_user_id`, `target_user_id`, `status`, `requested_at`, `updated_at`) VALUES ('39', '39', 'requested', '1979-11-28 04:03:31', '2010-06-15 00:04:13');
INSERT INTO `friend_requests` (`initiator_user_id`, `target_user_id`, `status`, `requested_at`, `updated_at`) VALUES ('40', '40', 'decline', '2019-04-14 18:16:56', '1972-01-27 07:19:35');
INSERT INTO `friend_requests` (`initiator_user_id`, `target_user_id`, `status`, `requested_at`, `updated_at`) VALUES ('41', '41', 'approved', '1971-03-12 18:45:44', '1982-03-01 23:55:45');
INSERT INTO `friend_requests` (`initiator_user_id`, `target_user_id`, `status`, `requested_at`, `updated_at`) VALUES ('42', '42', 'decline', '1973-07-02 05:47:25', '1974-03-17 17:30:57');
INSERT INTO `friend_requests` (`initiator_user_id`, `target_user_id`, `status`, `requested_at`, `updated_at`) VALUES ('43', '43', 'requested', '2001-04-09 20:33:25', '1983-10-09 08:39:36');
INSERT INTO `friend_requests` (`initiator_user_id`, `target_user_id`, `status`, `requested_at`, `updated_at`) VALUES ('44', '44', 'approved', '1994-10-21 04:49:45', '1985-01-30 14:53:57');
INSERT INTO `friend_requests` (`initiator_user_id`, `target_user_id`, `status`, `requested_at`, `updated_at`) VALUES ('45', '45', 'requested', '1989-05-03 00:58:51', '1983-05-14 10:11:26');
INSERT INTO `friend_requests` (`initiator_user_id`, `target_user_id`, `status`, `requested_at`, `updated_at`) VALUES ('46', '46', 'approved', '1985-08-13 12:27:52', '2003-09-01 05:26:12');
INSERT INTO `friend_requests` (`initiator_user_id`, `target_user_id`, `status`, `requested_at`, `updated_at`) VALUES ('47', '47', 'unfriended', '1977-04-28 01:08:53', '2000-06-12 14:54:04');
INSERT INTO `friend_requests` (`initiator_user_id`, `target_user_id`, `status`, `requested_at`, `updated_at`) VALUES ('48', '48', 'unfriended', '2016-05-13 08:13:14', '2008-07-14 22:59:42');
INSERT INTO `friend_requests` (`initiator_user_id`, `target_user_id`, `status`, `requested_at`, `updated_at`) VALUES ('49', '49', 'unfriended', '1985-04-21 13:15:07', '1972-08-17 00:20:33');
INSERT INTO `friend_requests` (`initiator_user_id`, `target_user_id`, `status`, `requested_at`, `updated_at`) VALUES ('50', '50', 'requested', '1978-06-20 13:41:39', '1986-08-10 00:02:33');
INSERT INTO `friend_requests` (`initiator_user_id`, `target_user_id`, `status`, `requested_at`, `updated_at`) VALUES ('51', '51', 'approved', '1984-12-26 08:17:53', '2016-07-03 22:07:47');
INSERT INTO `friend_requests` (`initiator_user_id`, `target_user_id`, `status`, `requested_at`, `updated_at`) VALUES ('52', '52', 'unfriended', '1988-12-15 20:17:55', '2010-12-11 17:24:06');
INSERT INTO `friend_requests` (`initiator_user_id`, `target_user_id`, `status`, `requested_at`, `updated_at`) VALUES ('53', '53', 'unfriended', '1982-05-18 09:55:21', '1970-09-06 19:16:24');
INSERT INTO `friend_requests` (`initiator_user_id`, `target_user_id`, `status`, `requested_at`, `updated_at`) VALUES ('54', '54', 'requested', '1975-12-24 01:02:12', '1997-07-25 00:32:53');
INSERT INTO `friend_requests` (`initiator_user_id`, `target_user_id`, `status`, `requested_at`, `updated_at`) VALUES ('55', '55', 'approved', '1997-04-29 03:29:25', '1996-11-16 08:34:21');
INSERT INTO `friend_requests` (`initiator_user_id`, `target_user_id`, `status`, `requested_at`, `updated_at`) VALUES ('56', '56', 'decline', '2018-12-21 14:12:47', '2000-07-14 23:45:32');
INSERT INTO `friend_requests` (`initiator_user_id`, `target_user_id`, `status`, `requested_at`, `updated_at`) VALUES ('57', '57', 'requested', '1998-11-06 09:47:23', '1980-01-17 04:19:56');
INSERT INTO `friend_requests` (`initiator_user_id`, `target_user_id`, `status`, `requested_at`, `updated_at`) VALUES ('58', '58', 'approved', '1987-05-18 05:05:11', '2012-09-16 23:51:20');
INSERT INTO `friend_requests` (`initiator_user_id`, `target_user_id`, `status`, `requested_at`, `updated_at`) VALUES ('59', '59', 'unfriended', '2012-10-07 06:37:43', '2017-06-07 21:07:10');
INSERT INTO `friend_requests` (`initiator_user_id`, `target_user_id`, `status`, `requested_at`, `updated_at`) VALUES ('60', '60', 'unfriended', '1990-05-04 16:35:14', '2009-07-23 20:45:10');
INSERT INTO `friend_requests` (`initiator_user_id`, `target_user_id`, `status`, `requested_at`, `updated_at`) VALUES ('61', '61', 'unfriended', '2012-10-14 22:41:46', '1972-03-24 08:33:57');
INSERT INTO `friend_requests` (`initiator_user_id`, `target_user_id`, `status`, `requested_at`, `updated_at`) VALUES ('62', '62', 'decline', '2006-10-06 02:32:05', '1987-11-01 00:44:00');
INSERT INTO `friend_requests` (`initiator_user_id`, `target_user_id`, `status`, `requested_at`, `updated_at`) VALUES ('63', '63', 'requested', '1995-03-05 14:48:38', '1995-07-04 19:53:54');
INSERT INTO `friend_requests` (`initiator_user_id`, `target_user_id`, `status`, `requested_at`, `updated_at`) VALUES ('64', '64', 'unfriended', '2008-12-01 13:50:10', '1987-05-10 22:23:20');
INSERT INTO `friend_requests` (`initiator_user_id`, `target_user_id`, `status`, `requested_at`, `updated_at`) VALUES ('65', '65', 'unfriended', '1979-01-27 12:43:46', '1979-09-10 05:10:59');
INSERT INTO `friend_requests` (`initiator_user_id`, `target_user_id`, `status`, `requested_at`, `updated_at`) VALUES ('66', '66', 'requested', '1992-07-09 23:56:04', '2017-01-06 15:28:46');
INSERT INTO `friend_requests` (`initiator_user_id`, `target_user_id`, `status`, `requested_at`, `updated_at`) VALUES ('67', '67', 'approved', '1996-04-06 07:43:50', '2009-08-09 12:36:30');
INSERT INTO `friend_requests` (`initiator_user_id`, `target_user_id`, `status`, `requested_at`, `updated_at`) VALUES ('68', '68', 'requested', '1982-09-06 21:19:03', '1995-11-27 00:55:53');
INSERT INTO `friend_requests` (`initiator_user_id`, `target_user_id`, `status`, `requested_at`, `updated_at`) VALUES ('69', '69', 'requested', '2018-06-04 22:14:36', '1975-04-18 11:37:02');
INSERT INTO `friend_requests` (`initiator_user_id`, `target_user_id`, `status`, `requested_at`, `updated_at`) VALUES ('70', '70', 'unfriended', '1985-10-23 01:18:46', '2005-01-22 11:04:44');
INSERT INTO `friend_requests` (`initiator_user_id`, `target_user_id`, `status`, `requested_at`, `updated_at`) VALUES ('71', '71', 'decline', '1994-05-11 20:20:26', '2006-07-20 05:26:44');
INSERT INTO `friend_requests` (`initiator_user_id`, `target_user_id`, `status`, `requested_at`, `updated_at`) VALUES ('72', '72', 'approved', '1997-01-08 03:56:17', '2009-02-19 13:50:04');
INSERT INTO `friend_requests` (`initiator_user_id`, `target_user_id`, `status`, `requested_at`, `updated_at`) VALUES ('73', '73', 'approved', '1976-06-30 10:11:23', '2016-12-24 16:04:24');
INSERT INTO `friend_requests` (`initiator_user_id`, `target_user_id`, `status`, `requested_at`, `updated_at`) VALUES ('74', '74', 'approved', '2007-02-11 19:43:09', '1977-01-05 01:33:53');
INSERT INTO `friend_requests` (`initiator_user_id`, `target_user_id`, `status`, `requested_at`, `updated_at`) VALUES ('75', '75', 'decline', '1989-09-23 08:08:40', '1987-09-13 15:03:43');
INSERT INTO `friend_requests` (`initiator_user_id`, `target_user_id`, `status`, `requested_at`, `updated_at`) VALUES ('76', '76', 'requested', '2018-10-05 17:15:24', '2004-06-10 07:14:25');
INSERT INTO `friend_requests` (`initiator_user_id`, `target_user_id`, `status`, `requested_at`, `updated_at`) VALUES ('77', '77', 'decline', '1974-02-27 10:12:23', '1975-03-31 03:09:20');
INSERT INTO `friend_requests` (`initiator_user_id`, `target_user_id`, `status`, `requested_at`, `updated_at`) VALUES ('78', '78', 'unfriended', '2014-05-26 17:06:43', '1993-04-19 11:24:44');
INSERT INTO `friend_requests` (`initiator_user_id`, `target_user_id`, `status`, `requested_at`, `updated_at`) VALUES ('79', '79', 'unfriended', '1993-01-09 14:35:11', '1972-03-27 01:39:10');
INSERT INTO `friend_requests` (`initiator_user_id`, `target_user_id`, `status`, `requested_at`, `updated_at`) VALUES ('80', '80', 'decline', '1979-05-12 11:19:45', '1986-08-24 13:01:26');
INSERT INTO `friend_requests` (`initiator_user_id`, `target_user_id`, `status`, `requested_at`, `updated_at`) VALUES ('81', '81', 'unfriended', '1982-09-06 09:25:20', '1994-09-30 17:37:54');
INSERT INTO `friend_requests` (`initiator_user_id`, `target_user_id`, `status`, `requested_at`, `updated_at`) VALUES ('82', '82', 'requested', '1989-04-08 04:40:21', '1975-03-12 19:40:15');
INSERT INTO `friend_requests` (`initiator_user_id`, `target_user_id`, `status`, `requested_at`, `updated_at`) VALUES ('83', '83', 'decline', '1997-03-01 15:43:05', '1980-03-17 06:15:50');
INSERT INTO `friend_requests` (`initiator_user_id`, `target_user_id`, `status`, `requested_at`, `updated_at`) VALUES ('84', '84', 'decline', '1983-06-29 10:44:09', '2017-04-26 06:58:28');
INSERT INTO `friend_requests` (`initiator_user_id`, `target_user_id`, `status`, `requested_at`, `updated_at`) VALUES ('85', '85', 'approved', '1998-03-17 22:55:57', '2010-02-24 10:10:06');
INSERT INTO `friend_requests` (`initiator_user_id`, `target_user_id`, `status`, `requested_at`, `updated_at`) VALUES ('86', '86', 'unfriended', '2019-01-20 09:29:09', '1972-09-27 18:38:08');
INSERT INTO `friend_requests` (`initiator_user_id`, `target_user_id`, `status`, `requested_at`, `updated_at`) VALUES ('87', '87', 'approved', '1996-11-04 23:59:50', '2017-12-30 22:05:06');
INSERT INTO `friend_requests` (`initiator_user_id`, `target_user_id`, `status`, `requested_at`, `updated_at`) VALUES ('88', '88', 'decline', '1999-12-17 05:56:18', '1995-01-22 03:36:14');
INSERT INTO `friend_requests` (`initiator_user_id`, `target_user_id`, `status`, `requested_at`, `updated_at`) VALUES ('89', '89', 'approved', '2013-01-26 05:24:32', '1974-07-12 06:26:45');
INSERT INTO `friend_requests` (`initiator_user_id`, `target_user_id`, `status`, `requested_at`, `updated_at`) VALUES ('90', '90', 'approved', '1985-06-09 11:26:51', '1981-07-15 02:37:27');
INSERT INTO `friend_requests` (`initiator_user_id`, `target_user_id`, `status`, `requested_at`, `updated_at`) VALUES ('91', '91', 'approved', '2013-04-26 22:58:20', '1991-09-24 09:13:17');
INSERT INTO `friend_requests` (`initiator_user_id`, `target_user_id`, `status`, `requested_at`, `updated_at`) VALUES ('92', '92', 'unfriended', '1988-10-15 22:32:44', '1978-07-16 19:41:04');
INSERT INTO `friend_requests` (`initiator_user_id`, `target_user_id`, `status`, `requested_at`, `updated_at`) VALUES ('93', '93', 'decline', '1991-10-05 19:45:11', '1991-11-27 03:12:54');
INSERT INTO `friend_requests` (`initiator_user_id`, `target_user_id`, `status`, `requested_at`, `updated_at`) VALUES ('94', '94', 'decline', '1970-11-02 06:25:17', '2003-05-29 01:28:14');
INSERT INTO `friend_requests` (`initiator_user_id`, `target_user_id`, `status`, `requested_at`, `updated_at`) VALUES ('95', '95', 'decline', '1999-08-30 01:04:22', '1971-03-24 12:06:18');
INSERT INTO `friend_requests` (`initiator_user_id`, `target_user_id`, `status`, `requested_at`, `updated_at`) VALUES ('96', '96', 'decline', '1985-10-20 12:05:29', '1997-06-02 05:32:26');
INSERT INTO `friend_requests` (`initiator_user_id`, `target_user_id`, `status`, `requested_at`, `updated_at`) VALUES ('97', '97', 'requested', '1984-04-30 13:47:11', '2004-11-21 10:46:49');
INSERT INTO `friend_requests` (`initiator_user_id`, `target_user_id`, `status`, `requested_at`, `updated_at`) VALUES ('98', '98', 'unfriended', '2009-10-07 05:52:21', '2012-06-27 16:03:05');
INSERT INTO `friend_requests` (`initiator_user_id`, `target_user_id`, `status`, `requested_at`, `updated_at`) VALUES ('99', '99', 'approved', '1998-05-11 02:49:39', '1997-06-21 11:06:10');
INSERT INTO `friend_requests` (`initiator_user_id`, `target_user_id`, `status`, `requested_at`, `updated_at`) VALUES ('100', '100', 'approved', '1994-05-29 21:52:57', '1976-07-12 17:31:00');


#
# TABLE STRUCTURE FOR: messages
#

DROP TABLE IF EXISTS `messages`;

CREATE TABLE `messages` (
  `id` bigint(20) unsigned NOT NULL AUTO_INCREMENT,
  `from_user_id` bigint(20) unsigned NOT NULL,
  `to_user_id` bigint(20) unsigned NOT NULL,
  `body` text COLLATE utf8_unicode_ci DEFAULT NULL,
  `is_read` tinyint(1) DEFAULT NULL,
  `created_at` datetime DEFAULT current_timestamp(),
  PRIMARY KEY (`id`),
  UNIQUE KEY `id` (`id`),
  KEY `from_user_id` (`from_user_id`),
  KEY `to_user_id` (`to_user_id`)
  /*CONSTRAINT `messages_ibfk_1` FOREIGN KEY (`from_user_id`) REFERENCES `profiles` (`user_id`),
  CONSTRAINT `messages_ibfk_2` FOREIGN KEY (`to_user_id`) REFERENCES `profiles` (`user_id`)*/
) ENGINE=InnoDB AUTO_INCREMENT=101 DEFAULT CHARSET=utf8 COLLATE=utf8_unicode_ci;

INSERT INTO `messages` (`id`, `from_user_id`, `to_user_id`, `body`, `is_read`, `created_at`) VALUES ('1', '1', '1', 'Aut quidem eligendi beatae veniam eum in quia. Quibusdam laboriosam ut culpa consequatur ipsa. Adipisci quod fuga quia consequatur perferendis error rerum. Dolorem voluptatem dolore quidem et quia eum ex non.', 1, '2015-10-25 05:16:06');
INSERT INTO `messages` (`id`, `from_user_id`, `to_user_id`, `body`, `is_read`, `created_at`) VALUES ('2', '2', '2', 'Ea pariatur voluptatem dolor enim est suscipit. Aut illo non enim dolor omnis omnis unde. Magni ipsum exercitationem dolor adipisci suscipit. Odit earum repellendus nam corporis.', 1, '1975-07-26 09:24:32');
INSERT INTO `messages` (`id`, `from_user_id`, `to_user_id`, `body`, `is_read`, `created_at`) VALUES ('3', '3', '3', 'Est iusto et cum sit quis id et. Minus quia temporibus praesentium quas omnis molestiae. Voluptatem exercitationem possimus eaque magni aut. Tempora officia laborum aut.', 1, '2004-08-31 04:33:27');
INSERT INTO `messages` (`id`, `from_user_id`, `to_user_id`, `body`, `is_read`, `created_at`) VALUES ('4', '4', '4', 'Consequatur et omnis consectetur illum. Eum mollitia a aut omnis. Aut quibusdam exercitationem maxime sit.', 0, '2007-07-10 16:36:10');
INSERT INTO `messages` (`id`, `from_user_id`, `to_user_id`, `body`, `is_read`, `created_at`) VALUES ('5', '5', '5', 'Est est cumque perspiciatis esse ex. Voluptas qui eum libero mollitia tempora. Dolores doloribus impedit ut voluptatibus soluta iusto. Excepturi totam deleniti non voluptates recusandae eos soluta.', 1, '1977-05-03 22:37:57');
INSERT INTO `messages` (`id`, `from_user_id`, `to_user_id`, `body`, `is_read`, `created_at`) VALUES ('6', '6', '6', 'Praesentium libero dignissimos sunt fuga quia vero. Maiores est omnis soluta voluptate distinctio dolorem. Alias cum dolor atque. Vitae animi corrupti adipisci et placeat. Et velit perspiciatis mollitia vero tempore quo.', 1, '2006-02-11 02:27:29');
INSERT INTO `messages` (`id`, `from_user_id`, `to_user_id`, `body`, `is_read`, `created_at`) VALUES ('7', '7', '7', 'Accusamus labore deleniti magnam ratione autem. Provident et quis quidem numquam mollitia exercitationem provident. Eos magnam nam non a.', 0, '2015-10-30 04:44:37');
INSERT INTO `messages` (`id`, `from_user_id`, `to_user_id`, `body`, `is_read`, `created_at`) VALUES ('8', '8', '8', 'In id consequuntur quia expedita nulla eos tempora. Nesciunt tempora est nobis voluptatem. Culpa et corrupti minima enim reprehenderit non quia.', 1, '1979-03-30 11:48:31');
INSERT INTO `messages` (`id`, `from_user_id`, `to_user_id`, `body`, `is_read`, `created_at`) VALUES ('9', '9', '9', 'Sit repellat possimus et a aut. Eaque repellat laudantium quos mollitia nihil ab unde. Dolorem tenetur qui ipsa nesciunt autem.', 1, '1989-06-01 22:05:20');
INSERT INTO `messages` (`id`, `from_user_id`, `to_user_id`, `body`, `is_read`, `created_at`) VALUES ('10', '10', '10', 'Fuga unde ipsa repudiandae id omnis quia voluptates. Cumque veritatis atque cum perferendis illo alias. Modi et quas sint itaque.', 0, '2005-02-13 16:08:45');
INSERT INTO `messages` (`id`, `from_user_id`, `to_user_id`, `body`, `is_read`, `created_at`) VALUES ('11', '11', '11', 'Est totam et sunt qui consequuntur nobis maxime ut. Aliquid praesentium et ullam repellendus aliquam laboriosam.', 1, '1972-10-02 03:08:02');
INSERT INTO `messages` (`id`, `from_user_id`, `to_user_id`, `body`, `is_read`, `created_at`) VALUES ('12', '12', '12', 'Minus voluptatem quae voluptatem et aut. Optio eos adipisci ut velit. Mollitia et fuga velit veniam consequatur.', 1, '1974-12-04 19:10:18');
INSERT INTO `messages` (`id`, `from_user_id`, `to_user_id`, `body`, `is_read`, `created_at`) VALUES ('13', '13', '13', 'Dolor saepe reprehenderit aut sed voluptatem. Labore cupiditate quisquam qui molestiae. Qui vero consequatur voluptatum qui doloremque reiciendis ea.', 0, '1972-12-25 18:02:33');
INSERT INTO `messages` (`id`, `from_user_id`, `to_user_id`, `body`, `is_read`, `created_at`) VALUES ('14', '14', '14', 'Nesciunt ipsam quidem nulla nostrum quas aperiam. Aut consequatur quasi architecto. Quos vel illo quibusdam odio et aut totam corrupti.', 1, '2015-09-10 04:48:23');
INSERT INTO `messages` (`id`, `from_user_id`, `to_user_id`, `body`, `is_read`, `created_at`) VALUES ('15', '15', '15', 'Quos eaque harum laudantium qui. Optio minima corrupti accusamus. Quia neque veniam quia facere consequatur.', 0, '2007-02-17 18:07:38');
INSERT INTO `messages` (`id`, `from_user_id`, `to_user_id`, `body`, `is_read`, `created_at`) VALUES ('16', '16', '16', 'Excepturi totam autem quibusdam eum ea ut. Rerum repudiandae quo aut sed ullam. Repellendus et molestiae possimus. Velit velit doloribus nulla dolorum iusto.', 1, '2013-02-23 02:14:10');
INSERT INTO `messages` (`id`, `from_user_id`, `to_user_id`, `body`, `is_read`, `created_at`) VALUES ('17', '17', '17', 'Atque excepturi necessitatibus ut quod nihil facere. Accusamus sint tempora reprehenderit atque quos officiis. Officiis recusandae dolores id est hic.', 1, '1984-05-10 13:59:51');
INSERT INTO `messages` (`id`, `from_user_id`, `to_user_id`, `body`, `is_read`, `created_at`) VALUES ('18', '18', '18', 'Beatae voluptatem voluptas modi et tempora optio. Mollitia eum sed voluptatem eligendi nihil. At reiciendis modi mollitia sed aspernatur in distinctio. Ducimus aut qui et non rerum atque.', 1, '1983-02-21 08:50:41');
INSERT INTO `messages` (`id`, `from_user_id`, `to_user_id`, `body`, `is_read`, `created_at`) VALUES ('19', '19', '19', 'Est velit illum sit repudiandae saepe deleniti. Libero autem doloremque repellat. Ea est deserunt nisi. Qui vel error aperiam culpa et facilis.', 1, '1972-12-04 05:41:55');
INSERT INTO `messages` (`id`, `from_user_id`, `to_user_id`, `body`, `is_read`, `created_at`) VALUES ('20', '20', '20', 'Expedita omnis cum officiis sunt ipsa repellat. Non harum vel facilis numquam. Corrupti atque deleniti quis et enim dolorem. Sunt aliquam beatae occaecati qui.', 0, '1982-06-04 10:01:51');
INSERT INTO `messages` (`id`, `from_user_id`, `to_user_id`, `body`, `is_read`, `created_at`) VALUES ('21', '21', '21', 'Qui quidem iusto atque deleniti exercitationem quo nesciunt nemo. Dolorem eveniet sit et facere et sapiente architecto. Delectus tenetur quaerat dignissimos voluptatum animi et. Assumenda eos doloremque exercitationem magnam.', 0, '1998-06-16 21:50:12');
INSERT INTO `messages` (`id`, `from_user_id`, `to_user_id`, `body`, `is_read`, `created_at`) VALUES ('22', '22', '22', 'Ab accusamus eaque recusandae adipisci officia a pariatur magnam. Delectus voluptas aperiam ipsa et. Inventore dolores cupiditate sed ea. Dicta nihil modi et aut. Sit reiciendis quia consectetur rerum natus sit culpa laudantium.', 0, '1996-05-12 06:55:29');
INSERT INTO `messages` (`id`, `from_user_id`, `to_user_id`, `body`, `is_read`, `created_at`) VALUES ('23', '23', '23', 'Voluptas quia voluptates officia. Maxime molestiae et illum inventore. Ut libero voluptatem ipsa ducimus.', 1, '1983-07-16 19:36:59');
INSERT INTO `messages` (`id`, `from_user_id`, `to_user_id`, `body`, `is_read`, `created_at`) VALUES ('24', '24', '24', 'Odit quibusdam fuga sed cupiditate aut expedita voluptas. Odit alias saepe beatae earum eligendi nemo dignissimos. Accusantium voluptatibus porro sed. Tenetur voluptas quia harum necessitatibus.', 1, '2009-03-11 22:17:13');
INSERT INTO `messages` (`id`, `from_user_id`, `to_user_id`, `body`, `is_read`, `created_at`) VALUES ('25', '25', '25', 'Quis commodi aspernatur ut eum officiis possimus. Optio sed cum id ut. Explicabo impedit temporibus deserunt sit eum perferendis. Eligendi doloribus ut cupiditate accusamus quasi ipsam dolorum et.', 1, '2012-09-05 12:09:23');
INSERT INTO `messages` (`id`, `from_user_id`, `to_user_id`, `body`, `is_read`, `created_at`) VALUES ('26', '26', '26', 'Eum modi eligendi possimus laudantium inventore hic accusamus. Tempora voluptas omnis quia et. Quo aut est atque praesentium inventore accusamus odio. Animi voluptates laborum voluptatibus illum.', 0, '2002-02-25 09:15:53');
INSERT INTO `messages` (`id`, `from_user_id`, `to_user_id`, `body`, `is_read`, `created_at`) VALUES ('27', '27', '27', 'In provident est illum dolorem exercitationem. Hic ut laboriosam fuga quis officia. Beatae magnam in quas ut voluptate. Dolorem sit vero sapiente a esse facere velit.', 0, '1989-10-29 14:34:13');
INSERT INTO `messages` (`id`, `from_user_id`, `to_user_id`, `body`, `is_read`, `created_at`) VALUES ('28', '28', '28', 'Eum est nihil sit qui. Dolorum quaerat itaque nam cum iure dolor rerum. Distinctio quia culpa quaerat velit eos. Ea ratione consequuntur non voluptatem ratione earum. Alias dolor ea consequatur maxime quaerat.', 1, '1994-06-21 10:23:49');
INSERT INTO `messages` (`id`, `from_user_id`, `to_user_id`, `body`, `is_read`, `created_at`) VALUES ('29', '29', '29', 'Qui labore quia laboriosam sit optio et. Consequatur numquam dolorum esse aliquid molestias fugiat vero accusamus. Occaecati harum culpa id ut nostrum voluptatem.', 1, '2018-08-05 14:14:27');
INSERT INTO `messages` (`id`, `from_user_id`, `to_user_id`, `body`, `is_read`, `created_at`) VALUES ('30', '30', '30', 'Repellendus necessitatibus minus facere cum aperiam odio dolorem. Dolore et deserunt molestiae. Vero et consequuntur ipsa quos consectetur. Aut eveniet ut nemo natus et est.', 0, '1972-04-14 04:39:30');
INSERT INTO `messages` (`id`, `from_user_id`, `to_user_id`, `body`, `is_read`, `created_at`) VALUES ('31', '31', '31', 'Et sapiente hic atque nam. Quia eligendi minima asperiores sint cum sed. Illum numquam voluptas impedit accusantium natus. Aliquid delectus eos quos autem neque.', 1, '2006-08-24 17:14:29');
INSERT INTO `messages` (`id`, `from_user_id`, `to_user_id`, `body`, `is_read`, `created_at`) VALUES ('32', '32', '32', 'Vel beatae ut officiis quia. Commodi debitis voluptates rerum esse repellendus delectus. Eaque soluta sit eius nobis voluptatum porro dolorum. Enim commodi sequi nostrum voluptatem quia alias atque mollitia.', 1, '1994-09-15 19:38:32');
INSERT INTO `messages` (`id`, `from_user_id`, `to_user_id`, `body`, `is_read`, `created_at`) VALUES ('33', '33', '33', 'Vel cumque natus tenetur ut officia vel aut. Sapiente eveniet repellendus voluptatem beatae. Ad et et temporibus. Et tempore qui rerum rem fuga quo sit iste.', 1, '1976-07-02 12:48:15');
INSERT INTO `messages` (`id`, `from_user_id`, `to_user_id`, `body`, `is_read`, `created_at`) VALUES ('34', '34', '34', 'Nemo culpa fuga qui illo quod. Officia dolor quisquam ut ea ut. Ex molestias id cumque qui odio. Autem et qui quo tenetur numquam modi.', 1, '2013-01-23 15:06:31');
INSERT INTO `messages` (`id`, `from_user_id`, `to_user_id`, `body`, `is_read`, `created_at`) VALUES ('35', '35', '35', 'Doloremque accusamus magnam qui est ullam quis dolorum. Qui qui qui consequatur dolores ad laudantium. Asperiores reiciendis unde et placeat fuga eos laborum. Soluta sit magnam sit repellendus voluptatem quisquam voluptate. Repellendus ea blanditiis corrupti aut.', 0, '1986-09-17 01:32:02');
INSERT INTO `messages` (`id`, `from_user_id`, `to_user_id`, `body`, `is_read`, `created_at`) VALUES ('36', '36', '36', 'Natus eius eveniet aspernatur qui et facilis voluptatem amet. Molestiae qui facere molestiae aspernatur consequuntur. Asperiores velit deleniti non dicta omnis. Sit cum iure vel dolore suscipit nam sed.', 1, '1974-11-25 22:22:23');
INSERT INTO `messages` (`id`, `from_user_id`, `to_user_id`, `body`, `is_read`, `created_at`) VALUES ('37', '37', '37', 'Aperiam quia dignissimos dolorum adipisci qui rerum aut. Aut sunt illo necessitatibus doloribus. Reiciendis numquam ad qui.', 0, '2006-04-18 07:00:58');
INSERT INTO `messages` (`id`, `from_user_id`, `to_user_id`, `body`, `is_read`, `created_at`) VALUES ('38', '38', '38', 'Veritatis quia voluptatibus excepturi sed necessitatibus. Commodi autem quaerat laudantium quisquam ut dolores voluptatem. Et ea et labore et officia explicabo culpa.', 0, '1984-01-07 11:47:04');
INSERT INTO `messages` (`id`, `from_user_id`, `to_user_id`, `body`, `is_read`, `created_at`) VALUES ('39', '39', '39', 'Dolore eligendi est labore vitae ipsa dolores praesentium. Dolor quo ad minima eligendi odit. Nisi rerum iusto praesentium sint error voluptates.', 0, '2000-04-01 20:17:18');
INSERT INTO `messages` (`id`, `from_user_id`, `to_user_id`, `body`, `is_read`, `created_at`) VALUES ('40', '40', '40', 'Id sed et ut possimus modi error exercitationem voluptates. Illum id quibusdam ut id nobis quam. Natus et vero mollitia.', 0, '1994-11-30 15:40:41');
INSERT INTO `messages` (`id`, `from_user_id`, `to_user_id`, `body`, `is_read`, `created_at`) VALUES ('41', '41', '41', 'Repudiandae quidem facere libero aut. Facere architecto minima voluptatem libero. Voluptas animi amet consequuntur dolorem optio dolorum.', 1, '1992-09-05 05:10:29');
INSERT INTO `messages` (`id`, `from_user_id`, `to_user_id`, `body`, `is_read`, `created_at`) VALUES ('42', '42', '42', 'Ut repellendus modi dolorem. Adipisci beatae nostrum necessitatibus maiores provident iure. Quo officia voluptas velit molestiae ut quae. Ratione praesentium illo neque et aut quis tempore. Incidunt sit incidunt fugit a iusto.', 0, '2013-10-24 07:47:20');
INSERT INTO `messages` (`id`, `from_user_id`, `to_user_id`, `body`, `is_read`, `created_at`) VALUES ('43', '43', '43', 'Quisquam voluptate fuga molestiae et enim in. Error molestiae voluptatibus est sit. Quia deserunt distinctio consequatur quia similique rerum facere est.', 1, '1972-09-26 06:57:53');
INSERT INTO `messages` (`id`, `from_user_id`, `to_user_id`, `body`, `is_read`, `created_at`) VALUES ('44', '44', '44', 'Nihil vitae ut enim voluptates omnis numquam vitae. Pariatur a deleniti perspiciatis ab earum nesciunt. Quidem quo dolor aut sit nihil. Modi quas qui quaerat cupiditate.', 1, '1982-11-09 15:38:10');
INSERT INTO `messages` (`id`, `from_user_id`, `to_user_id`, `body`, `is_read`, `created_at`) VALUES ('45', '45', '45', 'Saepe non itaque eius neque ex qui dolores voluptas. Minus optio aliquid in illo quisquam deleniti dolores. Voluptate vero dicta qui et in.', 1, '1999-10-26 10:00:15');
INSERT INTO `messages` (`id`, `from_user_id`, `to_user_id`, `body`, `is_read`, `created_at`) VALUES ('46', '46', '46', 'Et optio natus sit aliquid facere. Iusto rerum quia sunt quia ipsum. Fugiat dignissimos eius occaecati atque autem veritatis temporibus corporis. Possimus illum asperiores voluptas id.', 1, '2009-01-08 06:57:44');
INSERT INTO `messages` (`id`, `from_user_id`, `to_user_id`, `body`, `is_read`, `created_at`) VALUES ('47', '47', '47', 'Molestias dolorum explicabo quia est cum vero qui. Blanditiis ea voluptate ipsam consequatur consequatur est non. Ut tempore quis impedit inventore perspiciatis.', 1, '1994-08-02 03:39:36');
INSERT INTO `messages` (`id`, `from_user_id`, `to_user_id`, `body`, `is_read`, `created_at`) VALUES ('48', '48', '48', 'Et tenetur odio aliquid vitae qui. Provident omnis et est asperiores et.', 1, '2006-12-04 19:22:53');
INSERT INTO `messages` (`id`, `from_user_id`, `to_user_id`, `body`, `is_read`, `created_at`) VALUES ('49', '49', '49', 'Quaerat voluptas reprehenderit corporis reiciendis consequatur quidem. Aspernatur veniam repellat qui dolor omnis quia et. Qui expedita et at rerum.', 1, '1988-07-22 11:00:45');
INSERT INTO `messages` (`id`, `from_user_id`, `to_user_id`, `body`, `is_read`, `created_at`) VALUES ('50', '50', '50', 'Qui deserunt dolor repellendus cumque. Hic facere sint repellendus numquam quisquam dolorem aspernatur. Dignissimos officiis voluptatum ad suscipit labore nulla. Voluptates eos quia ipsum dolorem repudiandae aperiam.', 0, '2003-02-17 21:59:42');
INSERT INTO `messages` (`id`, `from_user_id`, `to_user_id`, `body`, `is_read`, `created_at`) VALUES ('51', '51', '51', 'Quia praesentium aut eos tenetur in. Corrupti omnis voluptate autem quos est qui. Tempore non voluptas deserunt eos.', 0, '2017-04-02 12:56:22');
INSERT INTO `messages` (`id`, `from_user_id`, `to_user_id`, `body`, `is_read`, `created_at`) VALUES ('52', '52', '52', 'Perferendis et quisquam excepturi quibusdam maiores. Ut dolorem et ut suscipit velit provident.', 1, '1993-05-01 08:27:02');
INSERT INTO `messages` (`id`, `from_user_id`, `to_user_id`, `body`, `is_read`, `created_at`) VALUES ('53', '53', '53', 'Perspiciatis quia laboriosam enim asperiores ea. Voluptas molestiae qui itaque consequatur iure id et.', 1, '2016-10-01 00:38:33');
INSERT INTO `messages` (`id`, `from_user_id`, `to_user_id`, `body`, `is_read`, `created_at`) VALUES ('54', '54', '54', 'Dolores sequi quam placeat. Modi iste minus voluptates et. Rerum ut sit officia et.', 0, '2007-09-20 13:44:08');
INSERT INTO `messages` (`id`, `from_user_id`, `to_user_id`, `body`, `is_read`, `created_at`) VALUES ('55', '55', '55', 'Eos ipsum occaecati optio architecto maiores similique incidunt. Consequatur recusandae fuga velit quia. Eligendi eum ad nobis sint natus molestiae. Qui corporis et et exercitationem architecto.', 1, '1988-01-30 04:55:15');
INSERT INTO `messages` (`id`, `from_user_id`, `to_user_id`, `body`, `is_read`, `created_at`) VALUES ('56', '56', '56', 'Fuga doloremque voluptatem blanditiis voluptas animi accusamus. Alias impedit explicabo rem aut aut minus vel reprehenderit. Sequi sit sequi rerum doloremque sed facere.', 1, '1991-12-05 00:07:24');
INSERT INTO `messages` (`id`, `from_user_id`, `to_user_id`, `body`, `is_read`, `created_at`) VALUES ('57', '57', '57', 'Ipsum facere facere facilis sit sit reiciendis. Corporis error quam qui. Ut fuga nihil minima exercitationem.', 1, '2017-09-04 00:35:29');
INSERT INTO `messages` (`id`, `from_user_id`, `to_user_id`, `body`, `is_read`, `created_at`) VALUES ('58', '58', '58', 'Qui exercitationem ipsa culpa autem omnis iusto. Voluptatum quo debitis sed voluptatem dolores accusamus necessitatibus. Beatae et voluptatibus sapiente esse dolorum nostrum molestiae cumque. Doloribus neque iusto expedita quos consequatur omnis consequatur.', 1, '2012-08-26 16:31:19');
INSERT INTO `messages` (`id`, `from_user_id`, `to_user_id`, `body`, `is_read`, `created_at`) VALUES ('59', '59', '59', 'Qui harum voluptatem tenetur consectetur modi ipsa. Consequatur sunt delectus nesciunt.', 1, '1998-09-07 18:18:24');
INSERT INTO `messages` (`id`, `from_user_id`, `to_user_id`, `body`, `is_read`, `created_at`) VALUES ('60', '60', '60', 'Rerum quia ut et ea velit unde quo. Soluta sit aliquid recusandae sed. Iure ab et dolorum ea id.', 1, '2003-12-30 16:09:44');
INSERT INTO `messages` (`id`, `from_user_id`, `to_user_id`, `body`, `is_read`, `created_at`) VALUES ('61', '61', '61', 'Porro similique officiis ipsam deserunt ut illo beatae. Iusto reiciendis aliquam cumque atque voluptates. Aut sint dolorem omnis reiciendis. Et laborum et et dicta a vitae.', 1, '1984-05-16 23:55:25');
INSERT INTO `messages` (`id`, `from_user_id`, `to_user_id`, `body`, `is_read`, `created_at`) VALUES ('62', '62', '62', 'Praesentium excepturi excepturi id illo qui amet. Ea id ut consequatur temporibus adipisci incidunt molestiae. Rem iure at modi sunt accusantium amet fuga.', 0, '1983-07-02 07:03:43');
INSERT INTO `messages` (`id`, `from_user_id`, `to_user_id`, `body`, `is_read`, `created_at`) VALUES ('63', '63', '63', 'Quisquam itaque ab placeat tenetur non nostrum. Nesciunt dolor temporibus ut ducimus porro aut voluptas.', 0, '2006-08-18 20:36:16');
INSERT INTO `messages` (`id`, `from_user_id`, `to_user_id`, `body`, `is_read`, `created_at`) VALUES ('64', '64', '64', 'Et alias facilis quia voluptas tempora. Blanditiis eos odio eaque nam quo omnis sit. Itaque natus doloremque est qui sit.', 1, '2000-06-27 23:24:42');
INSERT INTO `messages` (`id`, `from_user_id`, `to_user_id`, `body`, `is_read`, `created_at`) VALUES ('65', '65', '65', 'Ea quaerat enim ea qui nemo nemo. Ea voluptatem iure distinctio eos natus autem. Alias exercitationem rerum libero excepturi voluptatem excepturi placeat.', 1, '1988-09-20 19:05:47');
INSERT INTO `messages` (`id`, `from_user_id`, `to_user_id`, `body`, `is_read`, `created_at`) VALUES ('66', '66', '66', 'Aut ut quis sed voluptatem iusto eveniet tempore. Vero cumque ipsa ut odio sint explicabo et. At ut provident eum asperiores exercitationem ducimus repellendus. Ea possimus vero quia fugit at consequatur id voluptatem.', 0, '2002-07-30 04:49:47');
INSERT INTO `messages` (`id`, `from_user_id`, `to_user_id`, `body`, `is_read`, `created_at`) VALUES ('67', '67', '67', 'Accusamus est cum et ipsam qui. Qui a dolor sunt reiciendis. Nulla ut voluptates exercitationem delectus eaque fugit a voluptates. Cumque voluptatibus incidunt ipsum.', 1, '1993-09-09 04:43:51');
INSERT INTO `messages` (`id`, `from_user_id`, `to_user_id`, `body`, `is_read`, `created_at`) VALUES ('68', '68', '68', 'Aliquid cumque sed sed omnis unde. Voluptatibus qui harum laborum vel neque. Pariatur eius accusamus beatae.', 1, '2017-10-10 21:21:36');
INSERT INTO `messages` (`id`, `from_user_id`, `to_user_id`, `body`, `is_read`, `created_at`) VALUES ('69', '69', '69', 'Ducimus ipsa eius neque ut et. Et corrupti omnis culpa quidem aut beatae. Ipsum mollitia eaque itaque deleniti. Voluptatem quod provident et perspiciatis quaerat aut. Est et dolores molestiae et.', 1, '1996-03-05 02:07:13');
INSERT INTO `messages` (`id`, `from_user_id`, `to_user_id`, `body`, `is_read`, `created_at`) VALUES ('70', '70', '70', 'Dignissimos sunt dolores a hic ut eum. Et consectetur provident quis doloribus voluptate omnis. Quisquam et maiores iste adipisci. Neque voluptate ut et similique quia quia delectus.', 0, '1987-11-16 19:16:58');
INSERT INTO `messages` (`id`, `from_user_id`, `to_user_id`, `body`, `is_read`, `created_at`) VALUES ('71', '71', '71', 'Quia quaerat nisi natus. A assumenda magni rerum impedit. Magni voluptatem sequi occaecati et. Reprehenderit dolor numquam eos.', 1, '2004-03-04 23:05:33');
INSERT INTO `messages` (`id`, `from_user_id`, `to_user_id`, `body`, `is_read`, `created_at`) VALUES ('72', '72', '72', 'Nisi voluptatem reprehenderit ea est quasi. Culpa saepe eum consequuntur dignissimos molestias sed aut. Quis placeat voluptatem velit sint sit quae eaque. Vel nemo sed quam non minima id sed.', 1, '1979-05-01 10:37:01');
INSERT INTO `messages` (`id`, `from_user_id`, `to_user_id`, `body`, `is_read`, `created_at`) VALUES ('73', '73', '73', 'Autem molestiae aut modi provident quam ad quidem ullam. Error dolorem qui maxime ab maxime eius voluptatum vel. Quis ut recusandae consequuntur.', 1, '1979-08-06 02:11:24');
INSERT INTO `messages` (`id`, `from_user_id`, `to_user_id`, `body`, `is_read`, `created_at`) VALUES ('74', '74', '74', 'Aut vitae hic voluptate inventore. Velit amet enim voluptatem in voluptatem quo laborum. Sint ut id et error officiis fugiat. Numquam omnis molestias et fugit.', 0, '2012-07-10 13:22:37');
INSERT INTO `messages` (`id`, `from_user_id`, `to_user_id`, `body`, `is_read`, `created_at`) VALUES ('75', '75', '75', 'Sequi quia qui modi laborum autem esse minus ipsum. Dolorum optio vel quia assumenda dolorem veritatis et. Eaque qui minus sint nam saepe ratione. Sunt nihil ipsum placeat repudiandae earum vel sint.', 0, '1986-06-27 18:24:15');
INSERT INTO `messages` (`id`, `from_user_id`, `to_user_id`, `body`, `is_read`, `created_at`) VALUES ('76', '76', '76', 'Ut quasi esse officiis quisquam. Aut quam perspiciatis incidunt. Nulla voluptas expedita voluptas optio quo doloribus.', 0, '2007-03-03 05:51:28');
INSERT INTO `messages` (`id`, `from_user_id`, `to_user_id`, `body`, `is_read`, `created_at`) VALUES ('77', '77', '77', 'Perspiciatis in eius veniam blanditiis quia aliquam eius. Laborum nemo iusto maiores ipsa culpa a. At quod et ullam minima modi rerum neque.', 0, '2009-08-30 13:47:13');
INSERT INTO `messages` (`id`, `from_user_id`, `to_user_id`, `body`, `is_read`, `created_at`) VALUES ('78', '78', '78', 'Quibusdam beatae et repellendus placeat eos. Omnis minima enim ipsa. Et vitae distinctio laboriosam vitae. Voluptatem dolore vel dolore reiciendis animi.', 0, '1992-12-14 08:14:44');
INSERT INTO `messages` (`id`, `from_user_id`, `to_user_id`, `body`, `is_read`, `created_at`) VALUES ('79', '79', '79', 'Saepe animi voluptatem maiores. Occaecati rem nesciunt aut optio ullam est quia. Animi assumenda voluptatem voluptates cupiditate molestiae. Deleniti in et ipsa veritatis est.', 1, '1975-09-03 14:59:35');
INSERT INTO `messages` (`id`, `from_user_id`, `to_user_id`, `body`, `is_read`, `created_at`) VALUES ('80', '80', '80', 'Enim quidem tenetur veniam tempora. Nobis sit nihil amet corporis sunt earum. Ducimus est mollitia incidunt sapiente autem. Eligendi autem et voluptatem beatae tempora laborum placeat.', 1, '1988-12-11 09:16:27');
INSERT INTO `messages` (`id`, `from_user_id`, `to_user_id`, `body`, `is_read`, `created_at`) VALUES ('81', '81', '81', 'Voluptatem non reprehenderit rem occaecati. Harum occaecati sit eum adipisci rerum delectus. Velit perspiciatis incidunt iusto debitis hic sunt. Unde qui voluptates numquam iusto voluptate quo ad.', 0, '2006-12-09 08:39:17');
INSERT INTO `messages` (`id`, `from_user_id`, `to_user_id`, `body`, `is_read`, `created_at`) VALUES ('82', '82', '82', 'Est reiciendis maxime aut vel explicabo qui sit. Ea dignissimos ut perferendis et nostrum molestias. Enim qui quas asperiores eos quo modi. Quo doloribus beatae quae adipisci veritatis.', 1, '2010-09-03 16:21:31');
INSERT INTO `messages` (`id`, `from_user_id`, `to_user_id`, `body`, `is_read`, `created_at`) VALUES ('83', '83', '83', 'Architecto rerum enim accusamus esse at. Hic dolorum autem harum deserunt rerum. Voluptates id soluta architecto quisquam. Non maiores maxime velit accusamus quae qui.', 1, '1992-06-21 22:17:19');
INSERT INTO `messages` (`id`, `from_user_id`, `to_user_id`, `body`, `is_read`, `created_at`) VALUES ('84', '84', '84', 'Velit non occaecati at animi. Ipsam quia omnis ut officiis et aut autem. Illo sequi quae rem sit repellendus sit dolorum. Dolore autem aut ipsam error soluta eveniet eum. Fuga quis laborum assumenda eaque ea.', 0, '2001-04-15 17:40:44');
INSERT INTO `messages` (`id`, `from_user_id`, `to_user_id`, `body`, `is_read`, `created_at`) VALUES ('85', '85', '85', 'Non doloremque animi culpa sequi. Non incidunt ex ea alias est aliquid. Est voluptas debitis voluptas nulla maxime exercitationem rerum. Voluptatem dicta esse corrupti aut suscipit.', 0, '1993-03-15 11:55:37');
INSERT INTO `messages` (`id`, `from_user_id`, `to_user_id`, `body`, `is_read`, `created_at`) VALUES ('86', '86', '86', 'Delectus quae aut cupiditate dolore maiores temporibus. Consectetur dolor id harum totam veritatis voluptas. Tenetur illo quos ut ut et quo quia.', 0, '2016-09-27 19:18:06');
INSERT INTO `messages` (`id`, `from_user_id`, `to_user_id`, `body`, `is_read`, `created_at`) VALUES ('87', '87', '87', 'Velit tempora consequatur voluptas sunt. Voluptatum earum tempora quae omnis ut autem nihil similique. Est ipsa facilis vel odio magnam sed cupiditate et. Veritatis aspernatur aliquid cumque voluptatibus ullam. Sapiente necessitatibus pariatur vero quia.', 1, '1978-01-25 18:15:47');
INSERT INTO `messages` (`id`, `from_user_id`, `to_user_id`, `body`, `is_read`, `created_at`) VALUES ('88', '88', '88', 'Alias enim necessitatibus est eum architecto. Animi beatae perspiciatis consectetur est voluptatem fugit quas. Sint vel et minus.', 1, '1999-03-29 22:13:18');
INSERT INTO `messages` (`id`, `from_user_id`, `to_user_id`, `body`, `is_read`, `created_at`) VALUES ('89', '89', '89', 'Molestias quae id voluptatibus facere reiciendis porro consequatur. Harum cumque totam quam a. Esse repudiandae delectus modi. Totam accusantium aperiam velit explicabo minus fugiat asperiores fugiat.', 0, '1992-09-17 23:24:29');
INSERT INTO `messages` (`id`, `from_user_id`, `to_user_id`, `body`, `is_read`, `created_at`) VALUES ('90', '90', '90', 'Ea earum ducimus exercitationem veritatis blanditiis. Nostrum ad voluptas ullam et incidunt et vitae. Ipsam ullam porro debitis suscipit sunt rerum beatae.', 1, '1971-01-11 14:21:13');
INSERT INTO `messages` (`id`, `from_user_id`, `to_user_id`, `body`, `is_read`, `created_at`) VALUES ('91', '91', '91', 'Voluptates odit sed quia quaerat. Hic error laboriosam vel eaque nobis voluptates illo. Iure iusto enim rem quia excepturi ut.', 1, '1987-02-25 18:16:36');
INSERT INTO `messages` (`id`, `from_user_id`, `to_user_id`, `body`, `is_read`, `created_at`) VALUES ('92', '92', '92', 'Itaque ipsum qui nostrum accusantium sunt. Repudiandae adipisci numquam accusantium iure et. Aliquam saepe nulla recusandae ut. Unde excepturi ea perspiciatis nobis repellendus distinctio rerum.', 1, '2009-10-24 00:40:42');
INSERT INTO `messages` (`id`, `from_user_id`, `to_user_id`, `body`, `is_read`, `created_at`) VALUES ('93', '93', '93', 'Pariatur molestiae rerum adipisci. Harum non facilis optio ut esse. Voluptates exercitationem ex et at laboriosam. Perferendis ut maxime architecto mollitia illo.', 0, '1999-04-07 14:18:31');
INSERT INTO `messages` (`id`, `from_user_id`, `to_user_id`, `body`, `is_read`, `created_at`) VALUES ('94', '94', '94', 'Vitae accusamus dolores ab et vel. In magni molestias tempore nisi mollitia magni. Pariatur quam porro fugiat et qui.', 0, '1974-01-04 09:26:58');
INSERT INTO `messages` (`id`, `from_user_id`, `to_user_id`, `body`, `is_read`, `created_at`) VALUES ('95', '95', '95', 'Dolorem illum necessitatibus saepe et laboriosam. Assumenda sit magni minus dolor commodi. Voluptatem minima eius doloremque odit et.', 0, '1992-04-09 21:02:52');
INSERT INTO `messages` (`id`, `from_user_id`, `to_user_id`, `body`, `is_read`, `created_at`) VALUES ('96', '96', '96', 'Soluta error dolor sed accusamus deleniti nesciunt commodi perspiciatis. Nisi ut doloremque molestiae.', 0, '2016-03-25 02:58:05');
INSERT INTO `messages` (`id`, `from_user_id`, `to_user_id`, `body`, `is_read`, `created_at`) VALUES ('97', '97', '97', 'Fugiat sit voluptate ut quasi occaecati placeat. Est qui beatae odio vel. Vel eum quia eligendi necessitatibus voluptatem. Rerum et non voluptas vero nam possimus est.', 0, '1989-10-04 15:55:37');
INSERT INTO `messages` (`id`, `from_user_id`, `to_user_id`, `body`, `is_read`, `created_at`) VALUES ('98', '98', '98', 'Quaerat et veritatis a facilis. Quis facilis dolores dolor sunt officiis occaecati. Porro ea consequatur fuga sed quisquam adipisci.', 0, '1971-11-21 19:11:34');
INSERT INTO `messages` (`id`, `from_user_id`, `to_user_id`, `body`, `is_read`, `created_at`) VALUES ('99', '99', '99', 'Minima neque sit id et non non sunt ullam. Enim nam et illo ut quasi. Aut voluptas nisi impedit aliquam impedit quia. Laboriosam consectetur rerum assumenda iure.', 0, '1989-07-22 23:48:27');
INSERT INTO `messages` (`id`, `from_user_id`, `to_user_id`, `body`, `is_read`, `created_at`) VALUES ('100', '100', '100', 'Earum quos temporibus nesciunt assumenda iure non. Saepe sunt dolores qui aut.', 0, '2005-02-18 20:40:05');


#
# TABLE STRUCTURE FOR: photos
#

DROP TABLE IF EXISTS `photos`;

CREATE TABLE `photos` (
  `id` bigint(20) unsigned NOT NULL AUTO_INCREMENT,
  `file` varchar(255) COLLATE utf8_unicode_ci DEFAULT NULL,
  `user_id` bigint(20) unsigned NOT NULL,
  `description` text COLLATE utf8_unicode_ci DEFAULT NULL,
  `created_at` datetime DEFAULT current_timestamp(),
  `updated_at` datetime DEFAULT current_timestamp() ON UPDATE current_timestamp(),
  PRIMARY KEY (`id`),
  KEY `user_id` (`user_id`)
  /*CONSTRAINT `photos_ibfk_1` FOREIGN KEY (`user_id`) REFERENCES `profiles` (`user_id`)*/
) ENGINE=InnoDB AUTO_INCREMENT=1501 DEFAULT CHARSET=utf8 COLLATE=utf8_unicode_ci;

INSERT INTO `photos` (`id`, `file`, `user_id`, `description`, `created_at`, `updated_at`) VALUES ('1401', 'http://lorempixel.com/640/480/', '1', 'Nihil harum vitae quidem sequi eligendi dolores. Consequatur est aut non possimus voluptatem. Iure a ipsam iure eius. Alias porro fugiat magni velit.', '2011-03-08 19:43:59', '2013-09-29 04:27:46');
INSERT INTO `photos` (`id`, `file`, `user_id`, `description`, `created_at`, `updated_at`) VALUES ('1402', 'http://lorempixel.com/640/480/', '2', 'Fugiat ea ipsa ut. Dolorem aliquid pariatur ea. Aspernatur quia voluptas delectus maiores. Consequatur ullam est quo soluta est.', '2019-10-13 13:07:52', '1976-11-18 04:40:03');
INSERT INTO `photos` (`id`, `file`, `user_id`, `description`, `created_at`, `updated_at`) VALUES ('1403', 'http://lorempixel.com/640/480/', '3', 'Enim quisquam est accusamus debitis. Deserunt voluptatum ipsam et facilis. Nesciunt magnam suscipit corrupti sed autem eius.', '1973-06-29 18:58:05', '1971-05-05 03:27:42');
INSERT INTO `photos` (`id`, `file`, `user_id`, `description`, `created_at`, `updated_at`) VALUES ('1404', 'http://lorempixel.com/640/480/', '4', 'Eligendi maiores asperiores et perferendis consectetur debitis mollitia iure. Pariatur ex autem culpa ullam ullam deserunt. Placeat et repellendus voluptatem incidunt quia voluptate dolores. Aut velit modi laborum ut incidunt quibusdam. Odit quidem eos recusandae.', '1984-11-18 04:17:32', '2003-12-03 06:13:37');
INSERT INTO `photos` (`id`, `file`, `user_id`, `description`, `created_at`, `updated_at`) VALUES ('1405', 'http://lorempixel.com/640/480/', '5', 'Et quod optio sequi et consequuntur aspernatur. Et dolor qui quibusdam omnis aut. Voluptatem blanditiis reiciendis magni dolorum. Quis sed dolorem quae excepturi porro expedita quaerat.', '1989-02-24 19:58:38', '1985-09-04 08:58:51');
INSERT INTO `photos` (`id`, `file`, `user_id`, `description`, `created_at`, `updated_at`) VALUES ('1406', 'http://lorempixel.com/640/480/', '6', 'Molestiae rerum quis atque officia consequatur. Ex quas rem rerum culpa assumenda neque quam et.', '1989-01-14 10:50:42', '2016-10-20 19:55:00');
INSERT INTO `photos` (`id`, `file`, `user_id`, `description`, `created_at`, `updated_at`) VALUES ('1407', 'http://lorempixel.com/640/480/', '7', 'Iste hic quo dolore ipsa ratione. Magni perspiciatis hic aut occaecati voluptatem neque porro eius. Repudiandae nam ratione veniam in voluptas voluptatibus accusamus. Debitis et et delectus iste aut magnam pariatur.', '1977-08-05 13:18:10', '1992-04-29 06:42:58');
INSERT INTO `photos` (`id`, `file`, `user_id`, `description`, `created_at`, `updated_at`) VALUES ('1408', 'http://lorempixel.com/640/480/', '8', 'Ut error dolorem sequi nostrum molestiae. Iste itaque aspernatur itaque excepturi dolor. Iure doloribus sed amet distinctio quas temporibus repellat. Saepe cumque eos sunt impedit a.', '2012-10-24 16:32:00', '1984-09-17 09:53:35');
INSERT INTO `photos` (`id`, `file`, `user_id`, `description`, `created_at`, `updated_at`) VALUES ('1409', 'http://lorempixel.com/640/480/', '9', 'Consequuntur sunt in iure blanditiis. Est aut suscipit ex autem neque.', '1984-12-13 02:20:51', '1976-09-30 06:01:45');
INSERT INTO `photos` (`id`, `file`, `user_id`, `description`, `created_at`, `updated_at`) VALUES ('1410', 'http://lorempixel.com/640/480/', '10', 'Officiis nam labore tempore sit veritatis beatae iure. Est quos eligendi esse qui. Placeat at vel consequatur tempore.', '1996-10-20 15:23:51', '1990-04-16 14:55:08');
INSERT INTO `photos` (`id`, `file`, `user_id`, `description`, `created_at`, `updated_at`) VALUES ('1411', 'http://lorempixel.com/640/480/', '11', 'Maiores officiis vero nemo fugiat. Fugit laborum quia vero quod. Omnis illo sunt reprehenderit vel.', '1971-07-27 00:14:39', '2004-07-27 02:42:04');
INSERT INTO `photos` (`id`, `file`, `user_id`, `description`, `created_at`, `updated_at`) VALUES ('1412', 'http://lorempixel.com/640/480/', '12', 'Facilis dolore dolorem distinctio doloribus. Pariatur libero adipisci voluptatibus sit. Rerum et quam esse quam quaerat et.', '1990-11-28 05:24:25', '1972-08-12 13:22:22');
INSERT INTO `photos` (`id`, `file`, `user_id`, `description`, `created_at`, `updated_at`) VALUES ('1413', 'http://lorempixel.com/640/480/', '13', 'Temporibus omnis dolorem facere omnis vel adipisci consequatur. Quia consectetur voluptas enim alias. Fugiat recusandae voluptatem et. Quia sed corrupti et.', '2005-07-15 02:17:12', '2005-04-24 04:08:35');
INSERT INTO `photos` (`id`, `file`, `user_id`, `description`, `created_at`, `updated_at`) VALUES ('1414', 'http://lorempixel.com/640/480/', '14', 'Voluptate eligendi sit autem numquam maxime illo labore dolor. Magnam labore voluptas quisquam. Earum eligendi similique enim vel aut distinctio dolor.', '1979-07-07 08:13:12', '1974-06-24 14:36:19');
INSERT INTO `photos` (`id`, `file`, `user_id`, `description`, `created_at`, `updated_at`) VALUES ('1415', 'http://lorempixel.com/640/480/', '15', 'Quidem voluptates temporibus omnis et. Corporis sunt distinctio et ab nihil. Reiciendis eum amet illo fugiat non est sunt. Id quibusdam et dignissimos eveniet cumque dolores.', '2011-08-21 19:54:25', '2004-07-12 01:32:17');
INSERT INTO `photos` (`id`, `file`, `user_id`, `description`, `created_at`, `updated_at`) VALUES ('1416', 'http://lorempixel.com/640/480/', '16', 'Sint quia nihil ducimus pariatur ad sit nemo. Tempora ut rerum similique vel. Ullam quis nam in qui asperiores eligendi ea.', '2016-08-22 13:20:00', '2015-07-01 16:10:06');
INSERT INTO `photos` (`id`, `file`, `user_id`, `description`, `created_at`, `updated_at`) VALUES ('1417', 'http://lorempixel.com/640/480/', '17', 'Ut qui cum quidem atque quod minima aut. Excepturi sed deleniti odio quidem maiores rerum iusto. Dolores temporibus fuga quis dolores perspiciatis.', '2016-08-09 03:55:19', '2010-03-10 03:02:41');
INSERT INTO `photos` (`id`, `file`, `user_id`, `description`, `created_at`, `updated_at`) VALUES ('1418', 'http://lorempixel.com/640/480/', '18', 'Quae consequatur repellendus porro totam sint consequatur. Ad doloremque iure magnam modi vel ullam sed consequatur. Nulla vel incidunt quo pariatur.', '1990-02-14 10:52:09', '2017-10-17 00:08:00');
INSERT INTO `photos` (`id`, `file`, `user_id`, `description`, `created_at`, `updated_at`) VALUES ('1419', 'http://lorempixel.com/640/480/', '19', 'Possimus quis occaecati maiores maxime voluptatibus. Et ut nostrum vel excepturi dolorem quo quasi. Aliquid distinctio ad nulla voluptatibus quia perspiciatis enim laborum.', '1999-06-10 10:32:40', '1999-02-11 13:58:13');
INSERT INTO `photos` (`id`, `file`, `user_id`, `description`, `created_at`, `updated_at`) VALUES ('1420', 'http://lorempixel.com/640/480/', '20', 'Mollitia ut repellat nisi non blanditiis sequi sapiente. Optio cumque iure omnis ducimus non nihil veniam. Eligendi delectus voluptatibus qui cumque laborum. Tenetur deserunt beatae aperiam perspiciatis ut est qui.', '1999-06-13 04:38:21', '2001-05-17 16:19:58');
INSERT INTO `photos` (`id`, `file`, `user_id`, `description`, `created_at`, `updated_at`) VALUES ('1421', 'http://lorempixel.com/640/480/', '21', 'Aliquid illum ex odit voluptatem consequatur. A ad aliquam delectus repudiandae consectetur nostrum unde ex. Consequuntur molestiae dolor incidunt consequatur.', '1973-01-02 12:09:32', '2015-08-03 00:53:18');
INSERT INTO `photos` (`id`, `file`, `user_id`, `description`, `created_at`, `updated_at`) VALUES ('1422', 'http://lorempixel.com/640/480/', '22', 'Dolorem esse sint rerum consequatur numquam harum quidem. Sit quibusdam asperiores in libero quibusdam quae mollitia. Magnam aspernatur ducimus optio quia ut animi. Rerum est impedit aut hic eaque eum voluptates. Reprehenderit eius mollitia sit aperiam cupiditate.', '1979-11-03 11:44:48', '1982-12-13 06:10:00');
INSERT INTO `photos` (`id`, `file`, `user_id`, `description`, `created_at`, `updated_at`) VALUES ('1423', 'http://lorempixel.com/640/480/', '23', 'Eum et aut sint. Vitae alias repellendus aut perspiciatis sed sapiente. Maxime ea totam saepe aut dolores. Nesciunt et repellat consectetur cum quo sit. Voluptatem non voluptas dolores possimus qui.', '2004-09-05 07:02:25', '2001-01-29 21:43:02');
INSERT INTO `photos` (`id`, `file`, `user_id`, `description`, `created_at`, `updated_at`) VALUES ('1424', 'http://lorempixel.com/640/480/', '24', 'Necessitatibus recusandae est minima nam ex ut velit dolor. Consequatur cum ut minus et earum commodi. Nihil cumque consequuntur et a.', '2001-04-19 03:58:57', '1974-12-11 20:33:47');
INSERT INTO `photos` (`id`, `file`, `user_id`, `description`, `created_at`, `updated_at`) VALUES ('1425', 'http://lorempixel.com/640/480/', '25', 'Voluptatem voluptas tenetur aliquid error iusto magni. Dolor sapiente quisquam nihil earum quam voluptate esse. Dolor voluptatibus non fugit aspernatur sunt. Eum architecto aut harum.', '1970-02-26 14:55:27', '1993-07-10 09:27:18');
INSERT INTO `photos` (`id`, `file`, `user_id`, `description`, `created_at`, `updated_at`) VALUES ('1426', 'http://lorempixel.com/640/480/', '26', 'Esse et minima eaque accusantium aperiam laborum. Saepe eum adipisci ut voluptatem magnam. Omnis magnam eos tenetur aspernatur iure et repellat.', '2005-09-03 08:23:07', '1995-05-19 22:35:42');
INSERT INTO `photos` (`id`, `file`, `user_id`, `description`, `created_at`, `updated_at`) VALUES ('1427', 'http://lorempixel.com/640/480/', '27', 'Deserunt fugit numquam dicta placeat eveniet numquam. Hic magnam reiciendis laudantium rem. Totam nesciunt consequatur itaque molestias dolor laudantium. Nam aut veniam tenetur eius ex dicta quaerat.', '1976-08-21 06:35:30', '2012-08-27 21:29:08');
INSERT INTO `photos` (`id`, `file`, `user_id`, `description`, `created_at`, `updated_at`) VALUES ('1428', 'http://lorempixel.com/640/480/', '28', 'Dolores accusamus hic voluptas ea qui. Vel vel libero qui aut et quia nihil. Esse est sint repudiandae rerum.', '2017-03-06 22:05:32', '1997-09-14 06:02:32');
INSERT INTO `photos` (`id`, `file`, `user_id`, `description`, `created_at`, `updated_at`) VALUES ('1429', 'http://lorempixel.com/640/480/', '29', 'Eum autem eveniet repellendus sit accusantium sunt. Officiis ea quia esse veniam quis quas.', '1978-10-25 09:34:57', '1995-06-06 07:48:33');
INSERT INTO `photos` (`id`, `file`, `user_id`, `description`, `created_at`, `updated_at`) VALUES ('1430', 'http://lorempixel.com/640/480/', '30', 'Excepturi quae et quia. Molestiae dolorum illum consectetur. Autem repudiandae necessitatibus aut est mollitia. Eum praesentium magni aut molestiae consectetur nulla.', '1986-02-08 22:47:47', '1994-01-12 03:55:16');
INSERT INTO `photos` (`id`, `file`, `user_id`, `description`, `created_at`, `updated_at`) VALUES ('1431', 'http://lorempixel.com/640/480/', '31', 'Minima accusantium impedit officia eligendi qui sit rerum. Voluptatem dignissimos adipisci corporis quisquam ut repellat mollitia. Qui iusto recusandae nostrum dolor.', '1990-02-04 23:24:03', '1981-08-08 14:03:44');
INSERT INTO `photos` (`id`, `file`, `user_id`, `description`, `created_at`, `updated_at`) VALUES ('1432', 'http://lorempixel.com/640/480/', '32', 'Ipsum et expedita cumque ea. Dolores assumenda voluptate ut eveniet soluta id molestiae. Fugiat et excepturi sunt ad nisi ullam corrupti.', '1970-01-20 05:15:59', '1981-03-23 16:27:05');
INSERT INTO `photos` (`id`, `file`, `user_id`, `description`, `created_at`, `updated_at`) VALUES ('1433', 'http://lorempixel.com/640/480/', '33', 'Neque quia dolore reprehenderit perferendis voluptatibus sit. Reprehenderit in quis consectetur aliquid. Non numquam voluptate molestiae in nesciunt quia velit. Autem quam laboriosam aspernatur vitae. Ex expedita et facere provident nihil.', '2020-02-03 04:10:27', '1977-05-09 10:01:22');
INSERT INTO `photos` (`id`, `file`, `user_id`, `description`, `created_at`, `updated_at`) VALUES ('1434', 'http://lorempixel.com/640/480/', '34', 'Odit quibusdam asperiores fugit odio maxime saepe quisquam sint. Fugit officiis vitae quibusdam qui aliquid ea voluptatibus voluptate. Dolor veniam eaque aut perferendis. Nemo quia omnis voluptatem ullam.', '1976-01-31 02:32:18', '2014-08-27 18:58:15');
INSERT INTO `photos` (`id`, `file`, `user_id`, `description`, `created_at`, `updated_at`) VALUES ('1435', 'http://lorempixel.com/640/480/', '35', 'Doloribus iste explicabo aspernatur quis. Tempore accusamus ut molestiae impedit accusamus consectetur aliquam. Non quia totam incidunt voluptatum error similique. Aut perferendis saepe eum.', '2008-08-06 02:22:49', '2009-04-11 04:48:45');
INSERT INTO `photos` (`id`, `file`, `user_id`, `description`, `created_at`, `updated_at`) VALUES ('1436', 'http://lorempixel.com/640/480/', '36', 'Et quibusdam nobis cum aliquam doloribus doloribus. Laboriosam ad ipsum hic voluptas. Sit molestiae aut hic et assumenda.', '1995-07-27 22:50:32', '1978-03-02 21:29:00');
INSERT INTO `photos` (`id`, `file`, `user_id`, `description`, `created_at`, `updated_at`) VALUES ('1437', 'http://lorempixel.com/640/480/', '37', 'Ab ex vero nemo sunt dolor nobis numquam. Hic non sit impedit aut aspernatur. Nobis eveniet in vel rerum voluptas est blanditiis explicabo. Aut est hic voluptates eos modi praesentium iure.', '2008-05-16 14:05:59', '1974-10-10 13:44:43');
INSERT INTO `photos` (`id`, `file`, `user_id`, `description`, `created_at`, `updated_at`) VALUES ('1438', 'http://lorempixel.com/640/480/', '38', 'Magnam repellat magnam eos deserunt eum. Ut quam expedita voluptatem deleniti est. Culpa sunt pariatur porro corporis distinctio. Pariatur tenetur temporibus est sed.', '1970-03-10 17:39:36', '1988-12-18 03:18:24');
INSERT INTO `photos` (`id`, `file`, `user_id`, `description`, `created_at`, `updated_at`) VALUES ('1439', 'http://lorempixel.com/640/480/', '39', 'Mollitia dolorum sit ratione molestiae esse. Qui corrupti beatae voluptatibus architecto aut. Dolores blanditiis dolores ut eos veniam.', '1980-05-13 13:41:00', '1991-05-13 03:51:00');
INSERT INTO `photos` (`id`, `file`, `user_id`, `description`, `created_at`, `updated_at`) VALUES ('1440', 'http://lorempixel.com/640/480/', '40', 'Exercitationem repellendus est dolor architecto earum repellendus. Eos porro enim laborum minima autem.', '1978-07-18 19:20:10', '1997-07-14 04:44:20');
INSERT INTO `photos` (`id`, `file`, `user_id`, `description`, `created_at`, `updated_at`) VALUES ('1441', 'http://lorempixel.com/640/480/', '41', 'Mollitia consequatur cupiditate officiis ipsam consequatur. Eaque corrupti ducimus quam a et. Reiciendis unde quae beatae occaecati sapiente reiciendis.', '1989-05-04 17:05:06', '2020-03-05 04:06:23');
INSERT INTO `photos` (`id`, `file`, `user_id`, `description`, `created_at`, `updated_at`) VALUES ('1442', 'http://lorempixel.com/640/480/', '42', 'Molestias quo tempore suscipit minima molestiae quia. Autem magni ex illo. Ducimus ut dolorem magni dolor rerum.', '1975-11-27 21:13:36', '1999-07-31 21:50:33');
INSERT INTO `photos` (`id`, `file`, `user_id`, `description`, `created_at`, `updated_at`) VALUES ('1443', 'http://lorempixel.com/640/480/', '43', 'Dolores eum est in fugit molestiae accusamus quos. Hic consequatur non molestias. Qui amet non sit harum.', '2017-09-15 23:22:14', '2010-11-23 17:29:48');
INSERT INTO `photos` (`id`, `file`, `user_id`, `description`, `created_at`, `updated_at`) VALUES ('1444', 'http://lorempixel.com/640/480/', '44', 'Temporibus repellat voluptatem exercitationem quam hic maiores. Ad laboriosam velit voluptas nihil dicta quo harum. Et quaerat soluta saepe consequatur aspernatur sit dolorem. Aut et ea exercitationem repellat natus omnis. Beatae pariatur autem natus rerum quas rem expedita.', '2000-02-17 11:04:17', '1971-03-18 04:20:27');
INSERT INTO `photos` (`id`, `file`, `user_id`, `description`, `created_at`, `updated_at`) VALUES ('1445', 'http://lorempixel.com/640/480/', '45', 'Alias commodi quia quod quo aut. Modi necessitatibus officia illo. Explicabo sunt voluptatum fugit non.', '2010-03-29 21:58:44', '1973-02-16 14:02:26');
INSERT INTO `photos` (`id`, `file`, `user_id`, `description`, `created_at`, `updated_at`) VALUES ('1446', 'http://lorempixel.com/640/480/', '46', 'Rerum error consequuntur harum dolorem quas dolor. Quia accusamus assumenda assumenda ducimus quis. Facilis id laborum amet aperiam ea voluptas quis.', '1977-03-17 14:18:25', '1974-07-22 15:16:21');
INSERT INTO `photos` (`id`, `file`, `user_id`, `description`, `created_at`, `updated_at`) VALUES ('1447', 'http://lorempixel.com/640/480/', '47', 'Et ex fugit tempore quia ad aut impedit. Quod rerum quam excepturi cupiditate. Reiciendis incidunt veritatis voluptatem ullam non nemo cumque. Dolorem nisi ullam consequuntur molestiae.', '1993-05-23 21:02:09', '2001-05-06 08:58:42');
INSERT INTO `photos` (`id`, `file`, `user_id`, `description`, `created_at`, `updated_at`) VALUES ('1448', 'http://lorempixel.com/640/480/', '48', 'Velit in in quis voluptatem odit. Velit eos iusto adipisci voluptates assumenda adipisci est. Nesciunt cupiditate assumenda illo unde est. Aperiam magnam adipisci cum repellat sit incidunt non. Deserunt beatae quos nihil at eveniet voluptatem id.', '1991-06-10 05:21:30', '2001-04-24 17:47:09');
INSERT INTO `photos` (`id`, `file`, `user_id`, `description`, `created_at`, `updated_at`) VALUES ('1449', 'http://lorempixel.com/640/480/', '49', 'Qui quia ab aut. Exercitationem perspiciatis eum optio a labore. Vel rem quia quia quos fugiat laborum. Quidem ut provident autem omnis vitae fugit.', '1977-09-05 14:12:24', '1995-07-30 13:44:35');
INSERT INTO `photos` (`id`, `file`, `user_id`, `description`, `created_at`, `updated_at`) VALUES ('1450', 'http://lorempixel.com/640/480/', '50', 'Ut quod et natus dolor maxime. Et voluptas quos rerum tenetur natus. Quibusdam incidunt totam rerum id quisquam velit at fugiat. Consequatur aut voluptates voluptatibus sint ex placeat.', '1981-03-20 22:57:02', '2008-04-28 10:52:33');
INSERT INTO `photos` (`id`, `file`, `user_id`, `description`, `created_at`, `updated_at`) VALUES ('1451', 'http://lorempixel.com/640/480/', '51', 'Et molestiae laudantium natus rem. Vitae ut explicabo repudiandae culpa. Quibusdam assumenda eum aut esse adipisci ad sunt. Ea animi modi aut ducimus culpa.', '2012-10-23 10:46:06', '1995-02-05 05:25:37');
INSERT INTO `photos` (`id`, `file`, `user_id`, `description`, `created_at`, `updated_at`) VALUES ('1452', 'http://lorempixel.com/640/480/', '52', 'Eum aut saepe atque et explicabo sint. Unde error necessitatibus quis provident eius aut aspernatur et. Voluptatum molestias fugit expedita dolorum blanditiis. Modi iste ea cum quia accusantium quaerat laudantium est.', '1979-07-09 09:04:38', '1971-08-11 16:23:02');
INSERT INTO `photos` (`id`, `file`, `user_id`, `description`, `created_at`, `updated_at`) VALUES ('1453', 'http://lorempixel.com/640/480/', '53', 'Quasi iste porro unde ex iure. Autem consectetur enim tempore quod. Assumenda ipsa unde optio quo. Eligendi ad enim ea quia est sed esse.', '2016-02-26 09:36:03', '2017-06-15 09:21:47');
INSERT INTO `photos` (`id`, `file`, `user_id`, `description`, `created_at`, `updated_at`) VALUES ('1454', 'http://lorempixel.com/640/480/', '54', 'Autem ipsum deserunt cupiditate sed provident dolores dolorem. Id sequi et aut rem et. Fugiat qui aspernatur omnis fugiat deleniti. Ipsum recusandae sit rerum.', '1995-04-07 04:59:30', '1992-10-23 10:43:59');
INSERT INTO `photos` (`id`, `file`, `user_id`, `description`, `created_at`, `updated_at`) VALUES ('1455', 'http://lorempixel.com/640/480/', '55', 'Accusamus velit est odio magni maxime possimus soluta. Qui accusantium totam porro ut. Non odio magnam nemo molestiae dolorem.', '1999-12-19 03:22:48', '1984-01-22 10:42:47');
INSERT INTO `photos` (`id`, `file`, `user_id`, `description`, `created_at`, `updated_at`) VALUES ('1456', 'http://lorempixel.com/640/480/', '56', 'Reprehenderit voluptates et qui minus culpa quasi tempore beatae. Et velit ut voluptate autem id. Eos minima ut vero fugiat quisquam. Ratione iure aspernatur non voluptates soluta est voluptas.', '1998-08-30 09:58:10', '1975-01-18 13:23:14');
INSERT INTO `photos` (`id`, `file`, `user_id`, `description`, `created_at`, `updated_at`) VALUES ('1457', 'http://lorempixel.com/640/480/', '57', 'Nemo ea blanditiis ut earum rerum est omnis modi. Occaecati aut maiores reiciendis omnis aut expedita. Maiores qui sapiente laboriosam consequatur quam. Ut nam enim quas enim quo voluptas ex aliquam.', '1997-12-25 20:58:53', '2012-05-13 23:07:21');
INSERT INTO `photos` (`id`, `file`, `user_id`, `description`, `created_at`, `updated_at`) VALUES ('1458', 'http://lorempixel.com/640/480/', '58', 'Ducimus voluptas voluptatem quisquam ab est et tenetur. Rem qui magnam qui et rem quod voluptas quo.', '1985-10-22 22:54:26', '1981-07-18 06:30:05');
INSERT INTO `photos` (`id`, `file`, `user_id`, `description`, `created_at`, `updated_at`) VALUES ('1459', 'http://lorempixel.com/640/480/', '59', 'Quasi unde magni nulla non. Eum cumque sint sapiente pariatur quam et aliquam. Et blanditiis distinctio corrupti cumque veniam dignissimos animi. Labore ea totam quas impedit unde distinctio in dolor.', '1971-11-04 10:17:05', '1977-01-26 01:57:08');
INSERT INTO `photos` (`id`, `file`, `user_id`, `description`, `created_at`, `updated_at`) VALUES ('1460', 'http://lorempixel.com/640/480/', '60', 'Est suscipit placeat repellendus eos. Rerum assumenda sit eaque nihil voluptas. Eum voluptas praesentium reiciendis commodi. Blanditiis quia dolor cupiditate modi praesentium voluptatem.', '1999-08-05 02:08:38', '1980-01-27 09:37:01');
INSERT INTO `photos` (`id`, `file`, `user_id`, `description`, `created_at`, `updated_at`) VALUES ('1461', 'http://lorempixel.com/640/480/', '61', 'Sit at excepturi debitis voluptates ut ea doloribus. Nisi alias qui omnis ut enim tempore quasi. Et corporis quo corporis expedita sapiente itaque.', '2002-11-03 19:22:33', '1974-03-01 10:57:29');
INSERT INTO `photos` (`id`, `file`, `user_id`, `description`, `created_at`, `updated_at`) VALUES ('1462', 'http://lorempixel.com/640/480/', '62', 'Amet expedita voluptatem impedit rerum eveniet. Itaque fuga quia cumque provident non dignissimos. Hic sequi dolores vitae dolorum error. Quo sit dolores quia mollitia cumque.', '2000-07-25 01:34:00', '2010-02-25 23:29:04');
INSERT INTO `photos` (`id`, `file`, `user_id`, `description`, `created_at`, `updated_at`) VALUES ('1463', 'http://lorempixel.com/640/480/', '63', 'Similique dolore repellendus et nisi ipsum dolor quis. Ut eos iusto autem quis et. Fugiat qui tempore consequatur et id voluptatem.', '2010-09-30 15:05:59', '2001-10-24 04:51:37');
INSERT INTO `photos` (`id`, `file`, `user_id`, `description`, `created_at`, `updated_at`) VALUES ('1464', 'http://lorempixel.com/640/480/', '64', 'Omnis velit consequuntur porro ad. Quia sequi esse dolore fugiat atque et et delectus. Soluta error suscipit tenetur veniam omnis sit nobis.', '2005-09-11 10:02:20', '2015-08-19 06:46:01');
INSERT INTO `photos` (`id`, `file`, `user_id`, `description`, `created_at`, `updated_at`) VALUES ('1465', 'http://lorempixel.com/640/480/', '65', 'Ipsam eos magni numquam dolorem eaque et. Corrupti ipsum natus rerum. Est odit repudiandae possimus sit molestiae fugit officiis. Rem et nihil nisi cumque dolores quasi.', '2002-08-29 04:49:30', '2006-05-04 13:36:49');
INSERT INTO `photos` (`id`, `file`, `user_id`, `description`, `created_at`, `updated_at`) VALUES ('1466', 'http://lorempixel.com/640/480/', '66', 'Labore sit nostrum adipisci quidem fuga quidem non. Adipisci modi soluta dolore consectetur enim perferendis. Et est sint aut aliquam voluptas quaerat. Est quia maxime modi temporibus fuga.', '2009-07-25 05:18:05', '1990-08-17 08:03:36');
INSERT INTO `photos` (`id`, `file`, `user_id`, `description`, `created_at`, `updated_at`) VALUES ('1467', 'http://lorempixel.com/640/480/', '67', 'Magnam reprehenderit placeat omnis sit. Iure voluptatem sint velit eos excepturi voluptatem. Veniam delectus et minima unde voluptas totam voluptas. Est occaecati cupiditate consectetur suscipit delectus dolorem.', '1984-02-10 14:28:37', '1978-10-15 14:00:18');
INSERT INTO `photos` (`id`, `file`, `user_id`, `description`, `created_at`, `updated_at`) VALUES ('1468', 'http://lorempixel.com/640/480/', '68', 'Ut fugit quia unde iste consequatur a. Fuga molestias ipsam natus inventore veniam accusamus sint. A natus corporis et libero.', '2017-12-24 07:56:42', '2011-08-12 00:19:23');
INSERT INTO `photos` (`id`, `file`, `user_id`, `description`, `created_at`, `updated_at`) VALUES ('1469', 'http://lorempixel.com/640/480/', '69', 'Tempora architecto vel architecto. Rerum repellat id in natus sed officiis corrupti. Qui numquam illo totam alias quam. Sequi incidunt nisi soluta excepturi non non est.', '1999-01-18 10:13:35', '2020-04-05 09:55:51');
INSERT INTO `photos` (`id`, `file`, `user_id`, `description`, `created_at`, `updated_at`) VALUES ('1470', 'http://lorempixel.com/640/480/', '70', 'Eius magnam dolor sint reprehenderit voluptas exercitationem mollitia. Omnis distinctio qui fuga non rerum minima. Velit debitis ut ipsam recusandae eaque quos nisi labore. Nisi sed deserunt quisquam tenetur occaecati labore animi. Aut sequi ad dicta aliquam et nihil.', '2004-01-17 19:50:27', '1989-09-15 14:33:53');
INSERT INTO `photos` (`id`, `file`, `user_id`, `description`, `created_at`, `updated_at`) VALUES ('1471', 'http://lorempixel.com/640/480/', '71', 'Totam dolore expedita quia nemo assumenda accusamus. Voluptatem quo nobis error omnis. Sint consequatur velit veniam.', '1970-09-30 18:12:56', '1979-09-18 14:45:10');
INSERT INTO `photos` (`id`, `file`, `user_id`, `description`, `created_at`, `updated_at`) VALUES ('1472', 'http://lorempixel.com/640/480/', '72', 'Iusto quia et consequatur occaecati sed. Voluptates est ducimus veritatis eligendi reprehenderit. Ut praesentium at autem et reprehenderit harum fugit. Harum dolores minus quam facere quaerat.', '1971-04-12 09:14:03', '2003-05-04 07:59:56');
INSERT INTO `photos` (`id`, `file`, `user_id`, `description`, `created_at`, `updated_at`) VALUES ('1473', 'http://lorempixel.com/640/480/', '73', 'Repellendus sed velit autem et quis modi. Ut quas asperiores ut rerum est similique. Eos doloribus temporibus quia ratione.', '2012-03-20 09:16:15', '1979-04-15 16:00:32');
INSERT INTO `photos` (`id`, `file`, `user_id`, `description`, `created_at`, `updated_at`) VALUES ('1474', 'http://lorempixel.com/640/480/', '74', 'Ex maiores expedita consequuntur molestiae vel. Culpa sed dolores eligendi autem hic fuga velit. Sed vitae nulla dolor aut fugiat et eaque.', '1989-08-26 12:44:38', '1972-10-06 07:45:40');
INSERT INTO `photos` (`id`, `file`, `user_id`, `description`, `created_at`, `updated_at`) VALUES ('1475', 'http://lorempixel.com/640/480/', '75', 'Debitis voluptas voluptatem voluptatum quisquam. Sunt animi temporibus hic. Dolorem maxime quisquam similique et magni accusantium. Non magni ullam recusandae fugiat est magnam.', '2008-05-27 08:24:27', '1977-04-26 19:39:32');
INSERT INTO `photos` (`id`, `file`, `user_id`, `description`, `created_at`, `updated_at`) VALUES ('1476', 'http://lorempixel.com/640/480/', '76', 'Aut porro fugiat unde voluptatem tempora occaecati vitae quod. Modi et et voluptas quaerat est non. Sed magnam quisquam non maxime sunt et et eos. Accusamus alias harum eligendi id sint. Amet rem quia sed dolorem et repellendus ut.', '1990-02-23 22:38:38', '2019-06-20 19:53:37');
INSERT INTO `photos` (`id`, `file`, `user_id`, `description`, `created_at`, `updated_at`) VALUES ('1477', 'http://lorempixel.com/640/480/', '77', 'Sint suscipit sed rerum libero. Minus veritatis necessitatibus magnam dolor dolores minima. Sit enim quisquam ipsum explicabo molestias.', '1998-12-10 20:53:03', '1991-04-14 20:59:31');
INSERT INTO `photos` (`id`, `file`, `user_id`, `description`, `created_at`, `updated_at`) VALUES ('1478', 'http://lorempixel.com/640/480/', '78', 'Qui quis quis assumenda quis. Eveniet pariatur ducimus quibusdam voluptate voluptatem non deserunt. Placeat eaque sit ut maiores aliquid velit.', '2000-08-19 07:29:39', '1999-07-26 15:32:27');
INSERT INTO `photos` (`id`, `file`, `user_id`, `description`, `created_at`, `updated_at`) VALUES ('1479', 'http://lorempixel.com/640/480/', '79', 'Omnis in rerum asperiores aut amet sed id. Cumque pariatur eum qui molestiae quos veritatis. Non id hic minus sapiente. Vero vel tempore rem hic atque alias iusto.', '2005-04-13 14:39:30', '2009-05-14 11:26:31');
INSERT INTO `photos` (`id`, `file`, `user_id`, `description`, `created_at`, `updated_at`) VALUES ('1480', 'http://lorempixel.com/640/480/', '80', 'Id et placeat optio non aut. Voluptatem architecto necessitatibus nihil animi enim earum officiis. Est reiciendis voluptatem sunt qui consequatur esse natus.', '1980-12-22 20:35:37', '1987-10-26 15:06:34');
INSERT INTO `photos` (`id`, `file`, `user_id`, `description`, `created_at`, `updated_at`) VALUES ('1481', 'http://lorempixel.com/640/480/', '81', 'Autem et eum molestiae fugiat voluptas id dolorum. Et in provident eum id ad est. Rerum et amet nisi. Dicta qui debitis sit consequuntur rerum vero sunt. Reprehenderit eius est et quas exercitationem mollitia labore.', '1975-02-14 01:09:03', '1991-07-27 12:28:53');
INSERT INTO `photos` (`id`, `file`, `user_id`, `description`, `created_at`, `updated_at`) VALUES ('1482', 'http://lorempixel.com/640/480/', '82', 'Voluptatem nisi eos odit voluptatem ut. Error sapiente voluptate vel repellat rerum est libero dolorem. Dignissimos ut at amet.', '2008-11-18 22:38:22', '1988-09-23 23:29:12');
INSERT INTO `photos` (`id`, `file`, `user_id`, `description`, `created_at`, `updated_at`) VALUES ('1483', 'http://lorempixel.com/640/480/', '83', 'Ipsum et consequatur et nihil et doloribus. Corporis veniam sit vel aspernatur molestias itaque. Enim sunt voluptatibus fuga magnam omnis perspiciatis.', '1988-07-06 10:43:57', '2002-01-04 09:12:19');
INSERT INTO `photos` (`id`, `file`, `user_id`, `description`, `created_at`, `updated_at`) VALUES ('1484', 'http://lorempixel.com/640/480/', '84', 'Harum pariatur porro nihil ab et. Incidunt repellendus quaerat aut. Maiores voluptatem nihil et debitis perspiciatis quia minus. In distinctio velit est quia eos ea quos.', '1982-08-28 07:48:19', '2013-01-16 10:00:26');
INSERT INTO `photos` (`id`, `file`, `user_id`, `description`, `created_at`, `updated_at`) VALUES ('1485', 'http://lorempixel.com/640/480/', '85', 'Deserunt doloribus maxime et in. Ut dolorem hic eveniet laudantium iusto labore aspernatur. At veritatis eligendi laboriosam consequatur sint blanditiis ut. Nulla sit id id.', '2013-08-26 05:34:42', '2016-03-05 05:28:05');
INSERT INTO `photos` (`id`, `file`, `user_id`, `description`, `created_at`, `updated_at`) VALUES ('1486', 'http://lorempixel.com/640/480/', '86', 'Maiores exercitationem doloremque eum. Voluptatibus nihil id ratione minima. Molestias tempore et voluptate ab velit earum.', '2012-08-09 20:18:14', '1984-01-19 17:42:18');
INSERT INTO `photos` (`id`, `file`, `user_id`, `description`, `created_at`, `updated_at`) VALUES ('1487', 'http://lorempixel.com/640/480/', '87', 'Magni architecto mollitia qui facere nesciunt sunt. Inventore consequatur labore quis incidunt qui. Veniam tempora qui ut id quaerat. Consequatur ipsum et excepturi laboriosam.', '1998-10-29 21:42:44', '2018-12-19 22:41:32');
INSERT INTO `photos` (`id`, `file`, `user_id`, `description`, `created_at`, `updated_at`) VALUES ('1488', 'http://lorempixel.com/640/480/', '88', 'Aut itaque corrupti qui. Reprehenderit nostrum et vitae incidunt. Molestiae porro labore quo eum eligendi.', '1993-11-02 08:41:04', '1985-08-10 14:21:13');
INSERT INTO `photos` (`id`, `file`, `user_id`, `description`, `created_at`, `updated_at`) VALUES ('1489', 'http://lorempixel.com/640/480/', '89', 'Praesentium adipisci rerum labore quaerat repudiandae aut. Ipsa quia quasi eius magni quae. Eum iusto et quia sit. Excepturi cumque eveniet delectus sit iste.', '2017-10-30 14:22:03', '1982-02-20 00:41:58');
INSERT INTO `photos` (`id`, `file`, `user_id`, `description`, `created_at`, `updated_at`) VALUES ('1490', 'http://lorempixel.com/640/480/', '90', 'Natus facilis sit velit qui iusto iste ut. Dolores dolorum officiis omnis nisi placeat ut. Natus alias suscipit dicta et temporibus quaerat ea. Ut quis unde non esse odio. Autem ut enim magnam temporibus soluta perspiciatis et.', '1988-09-18 00:24:16', '2015-10-10 11:35:19');
INSERT INTO `photos` (`id`, `file`, `user_id`, `description`, `created_at`, `updated_at`) VALUES ('1491', 'http://lorempixel.com/640/480/', '91', 'Consequuntur sed voluptatibus est nisi. Itaque dignissimos autem sint.', '2014-05-12 04:46:23', '1985-05-25 01:14:50');
INSERT INTO `photos` (`id`, `file`, `user_id`, `description`, `created_at`, `updated_at`) VALUES ('1492', 'http://lorempixel.com/640/480/', '92', 'Provident incidunt aut accusantium laudantium. Qui quos quod repellendus et sed dolorum.', '1982-04-30 19:30:20', '1982-11-30 18:47:52');
INSERT INTO `photos` (`id`, `file`, `user_id`, `description`, `created_at`, `updated_at`) VALUES ('1493', 'http://lorempixel.com/640/480/', '93', 'Animi ea dolore dolor mollitia qui debitis soluta. Nobis sint totam id alias. Aut excepturi occaecati eum nisi. Est voluptas molestiae quidem.', '2007-02-16 05:21:34', '1992-05-31 17:37:39');
INSERT INTO `photos` (`id`, `file`, `user_id`, `description`, `created_at`, `updated_at`) VALUES ('1494', 'http://lorempixel.com/640/480/', '94', 'Sunt voluptatem a sunt qui maxime quae incidunt sit. Tempore velit sunt qui reprehenderit et ut voluptatem. Ullam accusantium eos sit quisquam reiciendis id. Nostrum dolorem tempora a et suscipit quis aut.', '2008-07-15 02:54:45', '1990-08-22 12:53:52');
INSERT INTO `photos` (`id`, `file`, `user_id`, `description`, `created_at`, `updated_at`) VALUES ('1495', 'http://lorempixel.com/640/480/', '95', 'Repudiandae quae praesentium nisi minima soluta laudantium. In totam dolorem quibusdam aut veritatis officiis. Aut eveniet nobis iste ut.', '1983-12-12 20:22:53', '1991-08-01 00:48:10');
INSERT INTO `photos` (`id`, `file`, `user_id`, `description`, `created_at`, `updated_at`) VALUES ('1496', 'http://lorempixel.com/640/480/', '96', 'Qui libero omnis sit architecto deserunt. Nesciunt est et totam voluptate et. Et et iusto voluptatem. Iusto exercitationem odio autem a velit assumenda.', '2016-04-30 20:01:24', '2000-02-07 05:39:45');
INSERT INTO `photos` (`id`, `file`, `user_id`, `description`, `created_at`, `updated_at`) VALUES ('1497', 'http://lorempixel.com/640/480/', '97', 'Vitae repudiandae atque ut aliquam. Dicta molestiae debitis eaque itaque nesciunt libero cum dolorem. Et aliquid eos et ut eius eveniet.', '2001-04-29 16:18:48', '2011-01-02 05:10:15');
INSERT INTO `photos` (`id`, `file`, `user_id`, `description`, `created_at`, `updated_at`) VALUES ('1498', 'http://lorempixel.com/640/480/', '98', 'Voluptatem ad qui nemo in qui delectus sunt. Provident et et at totam ex eum quia. Aut blanditiis mollitia natus qui quae qui nisi et. Ipsam ipsam minus deserunt possimus. Non voluptate sed id.', '1980-12-09 02:22:26', '2005-04-24 21:58:21');
INSERT INTO `photos` (`id`, `file`, `user_id`, `description`, `created_at`, `updated_at`) VALUES ('1499', 'http://lorempixel.com/640/480/', '99', 'Tempora quo quam enim nihil. Voluptas ut consequuntur voluptas odio facere rerum quaerat odio. Aut repudiandae et aspernatur expedita. Aut suscipit numquam totam maxime. Pariatur voluptatibus officiis consequuntur.', '1979-05-02 14:17:03', '2002-09-22 04:51:41');
INSERT INTO `photos` (`id`, `file`, `user_id`, `description`, `created_at`, `updated_at`) VALUES ('1500', 'http://lorempixel.com/640/480/', '100', 'Ut velit harum omnis aperiam rerum. Excepturi et perferendis illum dolor sed repudiandae ipsam. Et repellat est ea.', '1974-06-27 20:51:11', '2011-07-10 06:54:46');


#
# TABLE STRUCTURE FOR: posts
#

DROP TABLE IF EXISTS `posts`;

CREATE TABLE `posts` (
  `id` bigint(20) unsigned NOT NULL AUTO_INCREMENT,
  `user_id` bigint(20) unsigned NOT NULL,
  `body` text COLLATE utf8_unicode_ci DEFAULT NULL,
  `attachments` longtext CHARACTER SET utf8mb4 COLLATE utf8mb4_bin DEFAULT NULL CHECK (json_valid(`attachments`)),
  `metadata` longtext CHARACTER SET utf8mb4 COLLATE utf8mb4_bin DEFAULT NULL CHECK (json_valid(`metadata`)),
  `created_at` datetime DEFAULT current_timestamp(),
  `updated_at` datetime DEFAULT current_timestamp() ON UPDATE current_timestamp(),
  PRIMARY KEY (`id`),
  KEY `user_id` (`user_id`)
  /*CONSTRAINT `posts_ibfk_1` FOREIGN KEY (`user_id`) REFERENCES `profiles` (`user_id`)*/
) ENGINE=InnoDB AUTO_INCREMENT=501 DEFAULT CHARSET=utf8 COLLATE=utf8_unicode_ci;

INSERT INTO `posts` (`id`, `user_id`, `body`, `attachments`, `metadata`, `created_at`, `updated_at`) VALUES ('401', '1', 'Inventore impedit autem nam inventore fugit voluptas delectus est. Sit ipsa vero iste ut cupiditate quia. Cumque et fugiat ad.', NULL, NULL, '1970-03-01 20:45:22', '2000-01-10 16:13:45');
INSERT INTO `posts` (`id`, `user_id`, `body`, `attachments`, `metadata`, `created_at`, `updated_at`) VALUES ('402', '2', 'Est impedit tempore vero qui sapiente. Vel dolores veniam voluptatem delectus velit. Aut voluptates consequatur nam eaque vero aut est. Aut distinctio aliquam rerum nesciunt.', NULL, NULL, '2020-02-16 18:13:32', '2007-01-09 02:39:05');
INSERT INTO `posts` (`id`, `user_id`, `body`, `attachments`, `metadata`, `created_at`, `updated_at`) VALUES ('403', '3', 'Eos fugiat accusantium reprehenderit eos neque. Explicabo est vel nulla earum et quo. Eaque ut in qui quidem sed porro.', NULL, NULL, '1992-01-28 17:36:36', '2010-07-02 04:38:08');
INSERT INTO `posts` (`id`, `user_id`, `body`, `attachments`, `metadata`, `created_at`, `updated_at`) VALUES ('404', '4', 'Deleniti molestias consequuntur quidem autem qui asperiores. Molestias consectetur minima eos. Distinctio aut velit omnis non repudiandae iusto. Est saepe illum fugiat aut magni ut dignissimos est.', NULL, NULL, '1999-06-02 02:42:18', '1995-10-19 18:04:42');
INSERT INTO `posts` (`id`, `user_id`, `body`, `attachments`, `metadata`, `created_at`, `updated_at`) VALUES ('405', '5', 'Enim perferendis mollitia qui. Animi quasi magnam et officia voluptate blanditiis. Voluptates est voluptatibus exercitationem ea repudiandae beatae doloremque tempora.', NULL, NULL, '2002-05-05 09:45:26', '2013-09-05 02:19:16');
INSERT INTO `posts` (`id`, `user_id`, `body`, `attachments`, `metadata`, `created_at`, `updated_at`) VALUES ('406', '6', 'Vitae nam et maiores rem consectetur quia. Blanditiis laudantium est nulla beatae quia exercitationem. Quia accusamus aut molestiae quis hic eveniet veritatis.', NULL, NULL, '1983-09-20 09:08:41', '1975-12-03 00:08:53');
INSERT INTO `posts` (`id`, `user_id`, `body`, `attachments`, `metadata`, `created_at`, `updated_at`) VALUES ('407', '7', 'Et assumenda quos pariatur eaque ut rerum non. Ut aut aspernatur adipisci sapiente ut eligendi. Quia eum corrupti similique itaque libero similique. Autem deserunt unde consectetur unde ut voluptates. Adipisci id reiciendis nemo tempora.', NULL, NULL, '2001-09-03 23:53:39', '2014-11-12 08:21:35');
INSERT INTO `posts` (`id`, `user_id`, `body`, `attachments`, `metadata`, `created_at`, `updated_at`) VALUES ('408', '8', 'Laborum rerum aut ea voluptatem sunt possimus. Vel architecto et enim. Vel omnis repudiandae aut corrupti maiores nisi. Et tempora natus quis ipsum nemo.', NULL, NULL, '1974-08-26 08:18:17', '2014-07-03 01:10:42');
INSERT INTO `posts` (`id`, `user_id`, `body`, `attachments`, `metadata`, `created_at`, `updated_at`) VALUES ('409', '9', 'Itaque magni molestiae qui quisquam consequatur. Officiis et optio et a molestias quos. Expedita facilis ut illum magni suscipit.', NULL, NULL, '2013-06-24 16:37:43', '1980-09-27 00:51:21');
INSERT INTO `posts` (`id`, `user_id`, `body`, `attachments`, `metadata`, `created_at`, `updated_at`) VALUES ('410', '10', 'Quia qui ullam quia aut. Aspernatur culpa labore consequatur quos libero placeat. Et aut sed eveniet mollitia.', NULL, NULL, '1990-06-26 19:17:39', '1998-04-29 15:09:10');
INSERT INTO `posts` (`id`, `user_id`, `body`, `attachments`, `metadata`, `created_at`, `updated_at`) VALUES ('411', '11', 'Nisi qui ipsa dolore cumque quia corrupti. Sunt ad eligendi quam quia eveniet voluptatem. Consequatur eos sunt cumque soluta in ullam.', NULL, NULL, '2010-07-17 13:05:43', '2005-05-27 11:00:19');
INSERT INTO `posts` (`id`, `user_id`, `body`, `attachments`, `metadata`, `created_at`, `updated_at`) VALUES ('412', '12', 'Deserunt suscipit non aspernatur culpa ut. Explicabo blanditiis veritatis et magnam velit corrupti. Qui adipisci eveniet cumque possimus accusamus. Possimus enim blanditiis architecto nisi culpa quo cumque.', NULL, NULL, '1999-07-03 13:09:39', '1979-06-27 11:42:55');
INSERT INTO `posts` (`id`, `user_id`, `body`, `attachments`, `metadata`, `created_at`, `updated_at`) VALUES ('413', '13', 'Fugit fuga et aspernatur omnis. Veniam dolor id amet est maxime. Quia optio nulla aspernatur perspiciatis labore vel.', NULL, NULL, '2015-05-09 08:29:52', '2009-11-14 08:18:33');
INSERT INTO `posts` (`id`, `user_id`, `body`, `attachments`, `metadata`, `created_at`, `updated_at`) VALUES ('414', '14', 'Magni blanditiis cupiditate est unde. Reprehenderit neque nobis dolor beatae est. Nihil consequatur sapiente commodi et ut accusamus aut. Eum enim deserunt sed adipisci perspiciatis.', NULL, NULL, '1985-04-19 02:48:35', '1970-05-16 13:40:26');
INSERT INTO `posts` (`id`, `user_id`, `body`, `attachments`, `metadata`, `created_at`, `updated_at`) VALUES ('415', '15', 'Id autem aut est mollitia ab. Et qui assumenda reiciendis beatae blanditiis voluptatibus. Aut in libero fuga non quia. Iure omnis expedita cumque iste.', NULL, NULL, '1987-03-22 21:16:56', '1981-09-28 01:53:43');
INSERT INTO `posts` (`id`, `user_id`, `body`, `attachments`, `metadata`, `created_at`, `updated_at`) VALUES ('416', '16', 'Mollitia eum aliquid quaerat soluta excepturi. In qui laboriosam quibusdam. Illo dolorem consectetur magni corrupti consequatur quasi aut.', NULL, NULL, '1977-05-31 03:12:37', '1974-03-17 21:28:55');
INSERT INTO `posts` (`id`, `user_id`, `body`, `attachments`, `metadata`, `created_at`, `updated_at`) VALUES ('417', '17', 'Numquam quam at a. Distinctio quos hic pariatur soluta neque non ad. Dolores commodi non facere molestiae ipsam. Rerum sed laborum dignissimos.', NULL, NULL, '1985-04-18 07:54:33', '1985-02-10 14:11:59');
INSERT INTO `posts` (`id`, `user_id`, `body`, `attachments`, `metadata`, `created_at`, `updated_at`) VALUES ('418', '18', 'Qui praesentium nobis ducimus. Aut nihil est perspiciatis impedit impedit rem. Voluptates dolorem saepe quis. Aut impedit aut nostrum porro neque sint beatae laboriosam. Id maxime cumque consequatur dolores explicabo.', NULL, NULL, '1975-05-15 00:38:37', '1975-03-09 18:38:41');
INSERT INTO `posts` (`id`, `user_id`, `body`, `attachments`, `metadata`, `created_at`, `updated_at`) VALUES ('419', '19', 'Aliquid nihil sed vel quia. A sint corrupti consectetur laudantium enim eos hic enim. Voluptatem cupiditate quasi ea iste. Culpa neque quia et.', NULL, NULL, '2015-09-20 10:44:28', '2009-05-16 07:43:49');
INSERT INTO `posts` (`id`, `user_id`, `body`, `attachments`, `metadata`, `created_at`, `updated_at`) VALUES ('420', '20', 'Voluptas numquam et id nihil enim voluptate excepturi est. Error sed vero et deserunt porro rerum error.', NULL, NULL, '2015-05-24 18:22:57', '1984-06-22 02:21:09');
INSERT INTO `posts` (`id`, `user_id`, `body`, `attachments`, `metadata`, `created_at`, `updated_at`) VALUES ('421', '21', 'Quia in ut laudantium rem corrupti. Molestiae quia sed dolores at. Explicabo et vel inventore quae dolor animi molestiae. Iusto ea nihil nobis.', NULL, NULL, '1984-01-29 14:33:46', '1971-10-11 10:56:06');
INSERT INTO `posts` (`id`, `user_id`, `body`, `attachments`, `metadata`, `created_at`, `updated_at`) VALUES ('422', '22', 'Tempore ratione ut quis consequatur illum eum illo. Ut commodi corrupti et vero dolor aperiam facere. Aperiam est fuga consequatur eveniet a alias.', NULL, NULL, '1995-07-20 15:25:03', '2001-06-15 12:10:48');
INSERT INTO `posts` (`id`, `user_id`, `body`, `attachments`, `metadata`, `created_at`, `updated_at`) VALUES ('423', '23', 'Dicta sed dolore aut eos cumque. Distinctio est consequatur debitis. Labore et eveniet doloremque harum laborum. Non odio quibusdam laboriosam et consequatur. Hic quo nam corrupti ullam voluptatum.', NULL, NULL, '1989-06-29 22:18:04', '1985-06-10 07:06:04');
INSERT INTO `posts` (`id`, `user_id`, `body`, `attachments`, `metadata`, `created_at`, `updated_at`) VALUES ('424', '24', 'Quia quae beatae sed veniam dolor est voluptatem. Consequuntur earum expedita ea amet reprehenderit cupiditate. Voluptatum sit id sed cum quasi quod. Facere nam ab dicta aut sunt excepturi dignissimos.', NULL, NULL, '1980-04-06 20:16:08', '2008-03-31 02:12:28');
INSERT INTO `posts` (`id`, `user_id`, `body`, `attachments`, `metadata`, `created_at`, `updated_at`) VALUES ('425', '25', 'Quia laborum assumenda qui modi nisi enim. Sit dolor expedita a impedit sed.', NULL, NULL, '1997-07-27 13:51:39', '2003-03-09 19:25:58');
INSERT INTO `posts` (`id`, `user_id`, `body`, `attachments`, `metadata`, `created_at`, `updated_at`) VALUES ('426', '26', 'Et voluptatum aut unde iste eius. Et nihil consequatur dolorem eum. Eveniet quae quidem totam minus amet architecto possimus. Illo velit quasi qui in cumque natus incidunt.', NULL, NULL, '1994-09-24 21:46:40', '2002-05-12 22:08:20');
INSERT INTO `posts` (`id`, `user_id`, `body`, `attachments`, `metadata`, `created_at`, `updated_at`) VALUES ('427', '27', 'Dignissimos doloremque beatae facilis vel nisi id voluptas sunt. Eos dolorem quas magni exercitationem a consequuntur voluptates. Aut voluptatibus enim facere voluptatibus vero qui. Vel ut quidem et corporis eaque rerum eaque quas. Dolor ipsa molestias sed dolorem dolor.', NULL, NULL, '1998-01-17 13:32:40', '2001-07-06 21:56:41');
INSERT INTO `posts` (`id`, `user_id`, `body`, `attachments`, `metadata`, `created_at`, `updated_at`) VALUES ('428', '28', 'Qui quia iure aspernatur iure. Illum perferendis accusamus temporibus maiores laborum et. Soluta sed non odit ab quia voluptatem tenetur.', NULL, NULL, '1999-07-18 13:28:53', '1978-12-26 23:33:03');
INSERT INTO `posts` (`id`, `user_id`, `body`, `attachments`, `metadata`, `created_at`, `updated_at`) VALUES ('429', '29', 'Magnam consequatur dolor atque. Repudiandae perferendis quia est tenetur id corporis incidunt eum. Voluptatum amet deleniti molestiae ad qui. Dolorum porro omnis ea.', NULL, NULL, '2017-06-08 10:14:19', '1993-08-02 08:09:29');
INSERT INTO `posts` (`id`, `user_id`, `body`, `attachments`, `metadata`, `created_at`, `updated_at`) VALUES ('430', '30', 'Nesciunt eum corporis nobis vel quam numquam. Harum veritatis nulla culpa possimus. Corporis eum qui explicabo commodi ut voluptates nulla.', NULL, NULL, '1970-06-08 00:29:44', '1994-03-06 20:12:09');
INSERT INTO `posts` (`id`, `user_id`, `body`, `attachments`, `metadata`, `created_at`, `updated_at`) VALUES ('431', '31', 'Beatae sed debitis nulla ducimus. Temporibus similique est nostrum illo non laboriosam. Numquam aliquid nostrum blanditiis illum adipisci non. Natus in ea odio.', NULL, NULL, '1989-06-12 22:32:20', '2018-12-28 04:19:16');
INSERT INTO `posts` (`id`, `user_id`, `body`, `attachments`, `metadata`, `created_at`, `updated_at`) VALUES ('432', '32', 'Rerum neque vel repellat. Id exercitationem placeat praesentium iure illo a magnam et.', NULL, NULL, '2009-01-29 18:06:22', '1980-09-19 11:27:07');
INSERT INTO `posts` (`id`, `user_id`, `body`, `attachments`, `metadata`, `created_at`, `updated_at`) VALUES ('433', '33', 'Sapiente eaque quaerat accusamus ducimus tenetur et blanditiis. Fugit dicta assumenda est accusamus et ipsa. Sit a nesciunt distinctio fugit quis ullam at. Ad officiis sit quam sunt suscipit similique.', NULL, NULL, '2006-08-13 03:42:06', '1990-07-29 23:32:00');
INSERT INTO `posts` (`id`, `user_id`, `body`, `attachments`, `metadata`, `created_at`, `updated_at`) VALUES ('434', '34', 'Aspernatur reiciendis nesciunt voluptas numquam aut. Quidem architecto maxime ipsam vel distinctio occaecati. Suscipit consequatur odit fugiat quis quia suscipit.', NULL, NULL, '1982-12-20 15:00:56', '1977-07-15 01:55:02');
INSERT INTO `posts` (`id`, `user_id`, `body`, `attachments`, `metadata`, `created_at`, `updated_at`) VALUES ('435', '35', 'Praesentium iusto iste qui quia dolor eum id. Totam dolorem ipsum quia similique. A distinctio omnis optio labore voluptas.', NULL, NULL, '2012-12-28 08:43:38', '1988-01-20 12:16:18');
INSERT INTO `posts` (`id`, `user_id`, `body`, `attachments`, `metadata`, `created_at`, `updated_at`) VALUES ('436', '36', 'Doloremque quisquam nam sapiente dignissimos. Nesciunt tempora illo tempora. Eum quod ut voluptas quis ut esse quo. Explicabo rerum facilis veritatis suscipit ex in.', NULL, NULL, '1991-03-20 04:51:05', '1976-03-06 03:04:26');
INSERT INTO `posts` (`id`, `user_id`, `body`, `attachments`, `metadata`, `created_at`, `updated_at`) VALUES ('437', '37', 'Quia suscipit et amet aut sint incidunt. Ut odio nihil molestiae eos molestiae. Est enim enim pariatur quod sapiente. Itaque sed autem qui soluta hic et. Totam ut natus beatae magnam.', NULL, NULL, '2011-11-24 04:05:38', '1973-01-26 16:39:09');
INSERT INTO `posts` (`id`, `user_id`, `body`, `attachments`, `metadata`, `created_at`, `updated_at`) VALUES ('438', '38', 'Non et explicabo accusantium aspernatur mollitia aspernatur. Eos aperiam magnam ut qui nihil voluptatibus dolor.', NULL, NULL, '2008-04-03 13:30:06', '2008-09-01 13:42:56');
INSERT INTO `posts` (`id`, `user_id`, `body`, `attachments`, `metadata`, `created_at`, `updated_at`) VALUES ('439', '39', 'Quae error aperiam nesciunt non velit. Et voluptatem reprehenderit qui sint omnis quaerat dolore. Porro repellendus reprehenderit eius saepe quis repudiandae ullam.', NULL, NULL, '1983-03-15 13:30:36', '1983-10-05 23:54:03');
INSERT INTO `posts` (`id`, `user_id`, `body`, `attachments`, `metadata`, `created_at`, `updated_at`) VALUES ('440', '40', 'Corrupti numquam nam ut dicta ad sunt velit. Rerum quos corporis ipsum voluptate repellat esse id. Et et maiores vitae aut veniam alias.', NULL, NULL, '2003-06-16 12:52:06', '2002-06-01 05:24:14');
INSERT INTO `posts` (`id`, `user_id`, `body`, `attachments`, `metadata`, `created_at`, `updated_at`) VALUES ('441', '41', 'Qui fugiat consectetur alias maiores commodi voluptatem quia. Quod et est ad perferendis aspernatur deserunt molestiae. Quis nisi qui est reiciendis ipsam dicta. Fugit harum rerum voluptates aut voluptas.', NULL, NULL, '1975-12-19 01:50:05', '1987-10-07 00:07:27');
INSERT INTO `posts` (`id`, `user_id`, `body`, `attachments`, `metadata`, `created_at`, `updated_at`) VALUES ('442', '42', 'Magni distinctio hic fugiat. Molestiae dignissimos sit quaerat qui dolor corrupti nemo.', NULL, NULL, '1983-04-10 00:18:16', '1998-08-07 17:42:58');
INSERT INTO `posts` (`id`, `user_id`, `body`, `attachments`, `metadata`, `created_at`, `updated_at`) VALUES ('443', '43', 'Voluptas accusantium sit quos cum. Distinctio dolor quisquam et sit velit. Adipisci saepe ea vel quidem.', NULL, NULL, '2005-07-05 14:44:05', '2002-09-30 23:25:01');
INSERT INTO `posts` (`id`, `user_id`, `body`, `attachments`, `metadata`, `created_at`, `updated_at`) VALUES ('444', '44', 'Amet repudiandae ullam rem et. Rem harum suscipit aut voluptatem maxime itaque voluptatem.', NULL, NULL, '2014-06-29 23:45:12', '1999-01-02 01:49:15');
INSERT INTO `posts` (`id`, `user_id`, `body`, `attachments`, `metadata`, `created_at`, `updated_at`) VALUES ('445', '45', 'Omnis necessitatibus placeat omnis a voluptatem. Voluptatem aut hic et consequatur debitis. Maiores id magni ipsum cum.', NULL, NULL, '1976-11-01 17:50:05', '1975-07-03 14:48:02');
INSERT INTO `posts` (`id`, `user_id`, `body`, `attachments`, `metadata`, `created_at`, `updated_at`) VALUES ('446', '46', 'Id ducimus iste facilis non. Repellat voluptas molestiae ut nisi dolor mollitia animi quae. Quas et ut perferendis deserunt ut debitis non. Deleniti consequatur placeat at et quos rerum.', NULL, NULL, '2015-12-06 01:02:22', '1975-10-28 23:06:13');
INSERT INTO `posts` (`id`, `user_id`, `body`, `attachments`, `metadata`, `created_at`, `updated_at`) VALUES ('447', '47', 'Iste nam placeat et aliquid. Accusamus ipsum qui enim officia. Hic tempore et tempora consequatur quis libero. Porro fugit ut voluptates officiis vel repudiandae facere.', NULL, NULL, '2002-08-13 09:15:56', '1998-11-25 23:25:01');
INSERT INTO `posts` (`id`, `user_id`, `body`, `attachments`, `metadata`, `created_at`, `updated_at`) VALUES ('448', '48', 'Eligendi ut cum nesciunt. Fugiat autem qui nihil quas sed nemo officiis. Vel ullam ipsa molestias eos.', NULL, NULL, '1988-03-31 05:42:34', '1984-10-09 08:06:47');
INSERT INTO `posts` (`id`, `user_id`, `body`, `attachments`, `metadata`, `created_at`, `updated_at`) VALUES ('449', '49', 'Nihil aut quibusdam consequatur perferendis tempora. Dolorum quisquam dolor placeat. Voluptates consequuntur est non quia. Mollitia est sint et aut et.', NULL, NULL, '1970-12-04 10:15:40', '1974-03-12 13:21:49');
INSERT INTO `posts` (`id`, `user_id`, `body`, `attachments`, `metadata`, `created_at`, `updated_at`) VALUES ('450', '50', 'Sit dignissimos aut accusantium voluptas in velit dignissimos. Sequi maxime veritatis tempore sunt ea quas impedit. Sint laudantium et rerum illo.', NULL, NULL, '1980-12-03 03:32:28', '2005-09-06 02:44:41');
INSERT INTO `posts` (`id`, `user_id`, `body`, `attachments`, `metadata`, `created_at`, `updated_at`) VALUES ('451', '51', 'Quia occaecati dolore est voluptates vel numquam voluptatem. Et quibusdam neque in facere sunt iusto. Enim odit autem delectus dolores dolor. Ut doloremque aut consectetur ut.', NULL, NULL, '2017-05-24 17:01:09', '1973-10-28 02:57:41');
INSERT INTO `posts` (`id`, `user_id`, `body`, `attachments`, `metadata`, `created_at`, `updated_at`) VALUES ('452', '52', 'Mollitia nostrum eos occaecati qui quo. Aspernatur ex deleniti dolore. Corporis illum culpa quae repellendus laudantium quia. Id autem et similique.', NULL, NULL, '1988-05-23 22:44:34', '1974-07-20 02:41:32');
INSERT INTO `posts` (`id`, `user_id`, `body`, `attachments`, `metadata`, `created_at`, `updated_at`) VALUES ('453', '53', 'Tempore consequatur quia excepturi aut. Numquam consequatur numquam optio optio. Ut dolorum quaerat aut laudantium cumque maxime.', NULL, NULL, '2007-01-13 02:54:46', '2017-02-26 13:05:56');
INSERT INTO `posts` (`id`, `user_id`, `body`, `attachments`, `metadata`, `created_at`, `updated_at`) VALUES ('454', '54', 'Sed dolor repudiandae harum aut asperiores. Ut quo esse et aut vel. Magni numquam quis quas quisquam. Quo non dicta eum nihil et minima porro.', NULL, NULL, '1996-11-11 16:26:23', '2002-08-05 06:08:50');
INSERT INTO `posts` (`id`, `user_id`, `body`, `attachments`, `metadata`, `created_at`, `updated_at`) VALUES ('455', '55', 'Rerum veritatis hic quae. Necessitatibus consequatur facilis laborum dolor. Reiciendis est distinctio deleniti consequatur rerum. Nisi excepturi debitis qui itaque.', NULL, NULL, '2015-10-16 16:16:54', '1988-04-15 10:00:15');
INSERT INTO `posts` (`id`, `user_id`, `body`, `attachments`, `metadata`, `created_at`, `updated_at`) VALUES ('456', '56', 'Dolorum ipsum quis quasi assumenda. Voluptatem ullam ex minus non. Voluptatem est excepturi nesciunt dolores expedita. Aut est autem omnis.', NULL, NULL, '2018-03-06 10:25:24', '2017-12-17 23:44:29');
INSERT INTO `posts` (`id`, `user_id`, `body`, `attachments`, `metadata`, `created_at`, `updated_at`) VALUES ('457', '57', 'Et natus neque fugiat tempore nihil debitis tempora. Eum veniam qui aut. Velit repellat consequuntur incidunt cum minima quasi nisi. Quas expedita omnis dicta.', NULL, NULL, '1977-06-06 03:44:40', '1986-04-21 18:41:47');
INSERT INTO `posts` (`id`, `user_id`, `body`, `attachments`, `metadata`, `created_at`, `updated_at`) VALUES ('458', '58', 'Omnis quisquam eos et et maiores modi. Pariatur expedita tenetur maxime id aut accusantium. Et rem ut repellat quo amet sapiente est. Aut magnam dignissimos inventore voluptates cumque.', NULL, NULL, '1986-11-13 05:38:32', '2014-05-28 12:49:20');
INSERT INTO `posts` (`id`, `user_id`, `body`, `attachments`, `metadata`, `created_at`, `updated_at`) VALUES ('459', '59', 'Molestiae quis aliquam quisquam aut. Eos tenetur possimus et impedit. Voluptatem aut beatae veritatis quaerat. Aperiam magnam quis nisi sint.', NULL, NULL, '2003-03-03 17:25:51', '1999-10-04 07:23:21');
INSERT INTO `posts` (`id`, `user_id`, `body`, `attachments`, `metadata`, `created_at`, `updated_at`) VALUES ('460', '60', 'Quia tempore velit sit est amet fugiat. Unde assumenda impedit voluptas voluptas qui. Voluptas ipsa nam architecto quis deserunt esse enim excepturi. Velit voluptatem velit assumenda voluptas tenetur molestias.', NULL, NULL, '1984-07-19 19:04:35', '2014-12-30 02:55:00');
INSERT INTO `posts` (`id`, `user_id`, `body`, `attachments`, `metadata`, `created_at`, `updated_at`) VALUES ('461', '61', 'Aperiam quas quam totam. Eum voluptatem est officia excepturi in temporibus quam repellendus. Nesciunt consequatur velit ad ipsa eos et provident ab.', NULL, NULL, '1982-07-07 09:17:07', '1994-08-23 01:36:31');
INSERT INTO `posts` (`id`, `user_id`, `body`, `attachments`, `metadata`, `created_at`, `updated_at`) VALUES ('462', '62', 'Beatae perspiciatis veritatis provident nemo ratione dolores. Sit eum quia accusantium exercitationem.', NULL, NULL, '1984-08-28 18:37:29', '1972-12-21 13:28:31');
INSERT INTO `posts` (`id`, `user_id`, `body`, `attachments`, `metadata`, `created_at`, `updated_at`) VALUES ('463', '63', 'Est deleniti officiis libero illum necessitatibus. Provident ut modi pariatur pariatur. Maiores placeat voluptatem dolores sit nemo voluptatem. Debitis omnis ducimus cumque iusto dolor voluptatem.', NULL, NULL, '2016-11-24 09:48:20', '1997-05-17 12:31:25');
INSERT INTO `posts` (`id`, `user_id`, `body`, `attachments`, `metadata`, `created_at`, `updated_at`) VALUES ('464', '64', 'Neque qui eum quaerat maiores iste quis. Aspernatur delectus totam temporibus quo et qui. Illum sequi quia molestias maiores cum sapiente sint.', NULL, NULL, '1996-04-27 02:24:47', '1973-08-25 08:07:11');
INSERT INTO `posts` (`id`, `user_id`, `body`, `attachments`, `metadata`, `created_at`, `updated_at`) VALUES ('465', '65', 'In deleniti optio officiis rem expedita omnis. Ipsum dolorum rerum occaecati et consequatur. Aliquam rerum sunt sapiente molestiae repellat rerum ex nihil. Molestias magnam cumque nostrum quas iure suscipit.', NULL, NULL, '2006-01-08 10:43:49', '1985-04-04 06:33:39');
INSERT INTO `posts` (`id`, `user_id`, `body`, `attachments`, `metadata`, `created_at`, `updated_at`) VALUES ('466', '66', 'Necessitatibus dicta suscipit in et et at quos. At tempore in laboriosam vero. Totam et ut labore sit suscipit.', NULL, NULL, '1977-10-17 01:19:13', '2006-10-14 18:42:31');
INSERT INTO `posts` (`id`, `user_id`, `body`, `attachments`, `metadata`, `created_at`, `updated_at`) VALUES ('467', '67', 'Repellat sit eveniet maxime suscipit. Quia aperiam aut maiores in fuga. A optio excepturi cumque facere. Asperiores maxime quo omnis voluptatibus.', NULL, NULL, '2014-06-30 11:11:16', '1971-03-02 15:18:15');
INSERT INTO `posts` (`id`, `user_id`, `body`, `attachments`, `metadata`, `created_at`, `updated_at`) VALUES ('468', '68', 'Minima sunt aliquid magni et laborum et aut. Sit porro possimus commodi repudiandae quia ad recusandae. Nihil consequatur officiis ut aut architecto quod qui doloribus. Consequatur atque quo exercitationem non unde est quo. Id adipisci expedita et voluptatem omnis et distinctio.', NULL, NULL, '2005-08-17 21:02:21', '2003-03-20 07:25:46');
INSERT INTO `posts` (`id`, `user_id`, `body`, `attachments`, `metadata`, `created_at`, `updated_at`) VALUES ('469', '69', 'Voluptas quaerat voluptatem commodi consequuntur adipisci deleniti dignissimos. At consequatur enim et debitis unde voluptas vero. Aliquid rerum dolorem consequatur corrupti eos fuga. Voluptatem officiis nisi iste possimus dolorum officia ad.', NULL, NULL, '1996-12-18 14:03:03', '2018-03-21 03:09:07');
INSERT INTO `posts` (`id`, `user_id`, `body`, `attachments`, `metadata`, `created_at`, `updated_at`) VALUES ('470', '70', 'Tempore dolor id consequatur qui omnis inventore. Quos ea voluptatum aut qui rerum id esse dolorem. Aut numquam ullam modi est molestiae omnis quibusdam. Quae vel est earum amet.', NULL, NULL, '2018-05-02 10:55:51', '1971-10-21 02:53:28');
INSERT INTO `posts` (`id`, `user_id`, `body`, `attachments`, `metadata`, `created_at`, `updated_at`) VALUES ('471', '71', 'Quibusdam magni aperiam adipisci est odio. Assumenda minus velit perspiciatis sit consequuntur et qui. Sequi totam error nulla atque odio veritatis. Explicabo magni impedit fugit voluptas. Molestias officiis voluptatem illum repellendus et sequi perferendis.', NULL, NULL, '1998-10-27 22:05:57', '2002-12-28 18:26:11');
INSERT INTO `posts` (`id`, `user_id`, `body`, `attachments`, `metadata`, `created_at`, `updated_at`) VALUES ('472', '72', 'Numquam et ut laborum labore ea qui doloremque. Et quo ratione esse labore magni.', NULL, NULL, '1975-09-15 15:31:54', '1989-12-22 09:08:32');
INSERT INTO `posts` (`id`, `user_id`, `body`, `attachments`, `metadata`, `created_at`, `updated_at`) VALUES ('473', '73', 'Rerum qui officia quam pariatur molestias quaerat. Suscipit amet blanditiis accusantium aut aut consequatur. Omnis nisi nisi est quam veritatis est repellat excepturi.', NULL, NULL, '1996-02-11 15:15:52', '2010-04-27 21:23:46');
INSERT INTO `posts` (`id`, `user_id`, `body`, `attachments`, `metadata`, `created_at`, `updated_at`) VALUES ('474', '74', 'Ea porro consequatur et tenetur. Eos aspernatur omnis laborum aut est. Cum minima porro delectus sint ut eum numquam. Ab hic ipsum rem fugiat illum sint eum.', NULL, NULL, '2003-04-24 08:49:56', '1997-04-15 01:41:39');
INSERT INTO `posts` (`id`, `user_id`, `body`, `attachments`, `metadata`, `created_at`, `updated_at`) VALUES ('475', '75', 'Quasi veritatis incidunt magnam unde architecto ut. Animi non nostrum provident autem. Sunt quia fugit natus.', NULL, NULL, '1980-10-14 03:04:21', '1996-03-13 06:25:46');
INSERT INTO `posts` (`id`, `user_id`, `body`, `attachments`, `metadata`, `created_at`, `updated_at`) VALUES ('476', '76', 'Quasi doloribus nam saepe esse enim. Tenetur hic rerum dolorum dicta iure sunt.', NULL, NULL, '1985-10-23 13:02:31', '2013-04-03 03:26:16');
INSERT INTO `posts` (`id`, `user_id`, `body`, `attachments`, `metadata`, `created_at`, `updated_at`) VALUES ('477', '77', 'Delectus dignissimos similique dolores reprehenderit voluptatibus. Totam nam aliquam fuga nulla. Et et dolorem ut. Iusto vel ex maxime eos.', NULL, NULL, '2017-07-23 04:11:46', '2019-10-02 20:23:44');
INSERT INTO `posts` (`id`, `user_id`, `body`, `attachments`, `metadata`, `created_at`, `updated_at`) VALUES ('478', '78', 'Velit architecto quasi et accusantium aut corporis quo. Voluptates ducimus doloribus ducimus sint quis quos. Ratione est sed dolorum dignissimos repellat. Molestiae explicabo numquam ducimus eaque praesentium harum.', NULL, NULL, '2010-05-22 14:54:05', '1988-11-07 15:19:20');
INSERT INTO `posts` (`id`, `user_id`, `body`, `attachments`, `metadata`, `created_at`, `updated_at`) VALUES ('479', '79', 'Suscipit a neque consequuntur aut nihil et possimus. Soluta quasi ipsam voluptatum aspernatur. Unde aut et ea distinctio.', NULL, NULL, '1995-07-28 23:56:40', '1974-09-09 22:40:06');
INSERT INTO `posts` (`id`, `user_id`, `body`, `attachments`, `metadata`, `created_at`, `updated_at`) VALUES ('480', '80', 'Quae est et quae sed. Sint consequatur sint cum omnis qui quod. Beatae enim quam voluptas dolores.', NULL, NULL, '2017-03-23 00:32:04', '1981-01-22 05:25:58');
INSERT INTO `posts` (`id`, `user_id`, `body`, `attachments`, `metadata`, `created_at`, `updated_at`) VALUES ('481', '81', 'Sit magni impedit dolorem et similique. Eos quia earum ut ea sunt. Hic sint molestiae qui quia.', NULL, NULL, '1995-08-05 13:17:10', '2016-11-15 23:03:26');
INSERT INTO `posts` (`id`, `user_id`, `body`, `attachments`, `metadata`, `created_at`, `updated_at`) VALUES ('482', '82', 'Maiores aliquam eaque similique nisi. Suscipit omnis qui nam voluptatem cupiditate molestiae. Aliquid tempore illum fugiat sapiente ut corporis.', NULL, NULL, '1974-01-01 23:29:30', '2019-12-22 22:35:50');
INSERT INTO `posts` (`id`, `user_id`, `body`, `attachments`, `metadata`, `created_at`, `updated_at`) VALUES ('483', '83', 'Voluptatem non cumque incidunt non autem corrupti. Non ullam corporis laborum modi. Ducimus voluptatem veniam cupiditate ad et necessitatibus aliquid. Neque dolorum neque autem labore.', NULL, NULL, '1991-04-08 11:07:33', '1980-02-19 22:15:44');
INSERT INTO `posts` (`id`, `user_id`, `body`, `attachments`, `metadata`, `created_at`, `updated_at`) VALUES ('484', '84', 'Distinctio id doloremque harum occaecati dolorem. Ea doloribus molestiae veniam doloremque vitae. Ipsa et quia pariatur beatae iusto sint excepturi rerum. Fuga id qui aut doloribus dolorem quia eaque.', NULL, NULL, '2007-06-28 23:57:31', '1972-06-12 01:02:34');
INSERT INTO `posts` (`id`, `user_id`, `body`, `attachments`, `metadata`, `created_at`, `updated_at`) VALUES ('485', '85', 'Ut illum earum non dolorum quae architecto. Qui est est impedit dolorem unde enim. Provident sunt et autem sit. Eveniet eaque labore officia autem accusantium eveniet.', NULL, NULL, '1983-05-31 11:16:43', '2018-12-27 21:18:04');
INSERT INTO `posts` (`id`, `user_id`, `body`, `attachments`, `metadata`, `created_at`, `updated_at`) VALUES ('486', '86', 'Libero nostrum laudantium ea. Quisquam consequatur illo animi ut. Nihil sunt architecto iste eius quia. Nihil voluptatem distinctio occaecati accusamus.', NULL, NULL, '2007-10-16 23:32:53', '2004-10-25 00:04:45');
INSERT INTO `posts` (`id`, `user_id`, `body`, `attachments`, `metadata`, `created_at`, `updated_at`) VALUES ('487', '87', 'Unde perspiciatis enim sequi atque et qui debitis. Eos quo non commodi deserunt et error. Laudantium fugiat sit consequatur aut nemo dolorem. Nam deserunt quia nemo repudiandae in natus facere.', NULL, NULL, '2005-12-03 00:10:03', '1979-03-05 21:14:46');
INSERT INTO `posts` (`id`, `user_id`, `body`, `attachments`, `metadata`, `created_at`, `updated_at`) VALUES ('488', '88', 'Et quo aut magni aut provident. Ut ex ab qui nemo aliquid suscipit. Accusamus alias similique et quod ducimus vero sunt et.', NULL, NULL, '1976-03-24 21:48:21', '2003-07-17 07:46:30');
INSERT INTO `posts` (`id`, `user_id`, `body`, `attachments`, `metadata`, `created_at`, `updated_at`) VALUES ('489', '89', 'Voluptatibus amet sed nostrum numquam. Dolores velit iste iusto maxime ab quas quis. Iusto porro voluptatem expedita mollitia temporibus expedita. Commodi qui suscipit et fugit omnis voluptatum pariatur dolore.', NULL, NULL, '1994-07-08 12:57:20', '1988-01-28 13:33:08');
INSERT INTO `posts` (`id`, `user_id`, `body`, `attachments`, `metadata`, `created_at`, `updated_at`) VALUES ('490', '90', 'Alias tempore est dolores quas eos consequatur est. Cumque perferendis consequatur cum voluptatem nemo culpa et similique. Esse incidunt occaecati itaque odio quibusdam qui omnis. Molestias quaerat earum et qui iusto repellendus ea possimus.', NULL, NULL, '1995-08-18 22:35:02', '1981-01-19 16:34:18');
INSERT INTO `posts` (`id`, `user_id`, `body`, `attachments`, `metadata`, `created_at`, `updated_at`) VALUES ('491', '91', 'Odio voluptas repellendus omnis iusto. Praesentium explicabo illo et vel ea modi pariatur. Quis odio qui et iste ipsa.', NULL, NULL, '1978-10-14 15:22:34', '2016-12-09 16:59:04');
INSERT INTO `posts` (`id`, `user_id`, `body`, `attachments`, `metadata`, `created_at`, `updated_at`) VALUES ('492', '92', 'Consequuntur veniam id autem exercitationem. Et recusandae inventore odit tempora mollitia error non. Sed voluptatum explicabo repellendus provident.', NULL, NULL, '1983-06-10 04:24:06', '2016-06-05 14:04:44');
INSERT INTO `posts` (`id`, `user_id`, `body`, `attachments`, `metadata`, `created_at`, `updated_at`) VALUES ('493', '93', 'Ad autem qui cum debitis praesentium ad. Porro molestiae est necessitatibus. Reiciendis non ut iure nesciunt ratione tempore fuga. Occaecati voluptatem ullam et id.', NULL, NULL, '1981-07-21 06:14:52', '1989-11-19 02:30:19');
INSERT INTO `posts` (`id`, `user_id`, `body`, `attachments`, `metadata`, `created_at`, `updated_at`) VALUES ('494', '94', 'Officia voluptatem numquam laudantium ipsam mollitia ut sit. Consequatur dolor nemo et officiis magnam sint. Veniam quia sapiente consequatur.', NULL, NULL, '1983-06-16 16:35:52', '2015-10-04 03:38:01');
INSERT INTO `posts` (`id`, `user_id`, `body`, `attachments`, `metadata`, `created_at`, `updated_at`) VALUES ('495', '95', 'Et culpa qui ut quasi. Tempore dicta architecto inventore ipsa quia id. Aut sunt unde rerum alias maxime ratione. Ex quia at placeat omnis voluptas eaque sint. Eum voluptatem tenetur in voluptas.', NULL, NULL, '1993-06-26 08:15:32', '1983-10-10 16:54:55');
INSERT INTO `posts` (`id`, `user_id`, `body`, `attachments`, `metadata`, `created_at`, `updated_at`) VALUES ('496', '96', 'Et facilis dolores odio. Quia incidunt neque nihil quia error provident et. Fuga non eaque molestiae eos molestias minima.', NULL, NULL, '2008-05-03 14:31:15', '2004-09-21 01:22:05');
INSERT INTO `posts` (`id`, `user_id`, `body`, `attachments`, `metadata`, `created_at`, `updated_at`) VALUES ('497', '97', 'Sint repellat doloremque sed. Voluptatum qui perspiciatis qui voluptates. Impedit quod exercitationem iste et et quae ea.', NULL, NULL, '2015-12-05 22:00:37', '1980-08-07 20:29:31');
INSERT INTO `posts` (`id`, `user_id`, `body`, `attachments`, `metadata`, `created_at`, `updated_at`) VALUES ('498', '98', 'Esse ut officiis officia. Veniam odio officia maxime aut. Accusantium quia cupiditate officiis maxime.', NULL, NULL, '2011-01-04 16:39:08', '2008-06-25 11:38:06');
INSERT INTO `posts` (`id`, `user_id`, `body`, `attachments`, `metadata`, `created_at`, `updated_at`) VALUES ('499', '99', 'Voluptas voluptatem sed deleniti doloribus nihil alias. Natus quisquam et culpa ut.', NULL, NULL, '2002-03-26 19:17:54', '1974-03-26 11:22:37');
INSERT INTO `posts` (`id`, `user_id`, `body`, `attachments`, `metadata`, `created_at`, `updated_at`) VALUES ('500', '100', 'Ut atque quo aliquam quo neque non voluptates aut. Tempore et quisquam ipsam. Quod ea enim sit corporis consequatur corporis.', NULL, NULL, '2017-10-23 02:02:21', '1980-09-12 11:35:45');


#
# TABLE STRUCTURE FOR: profiles
#

DROP TABLE IF EXISTS `profiles`;

CREATE TABLE `profiles` (
  `user_id` bigint(20) unsigned NOT NULL AUTO_INCREMENT,
  `name` varchar(255) COLLATE utf8_unicode_ci NOT NULL,
  `lastname` varchar(255) COLLATE utf8_unicode_ci NOT NULL,
  `gender` char(1) COLLATE utf8_unicode_ci DEFAULT NULL,
  `birthday` date DEFAULT NULL,
  `photo_id` bigint(20) unsigned DEFAULT NULL,
  PRIMARY KEY (`user_id`),
  KEY `name` (`name`),
  KEY `lastname` (`lastname`)
  /*CONSTRAINT `profiles_ibfk_1` FOREIGN KEY (`user_id`) REFERENCES `users` (`id`)*/
) ENGINE=InnoDB AUTO_INCREMENT=101 DEFAULT CHARSET=utf8 COLLATE=utf8_unicode_ci;

INSERT INTO `profiles` (`user_id`, `name`, `lastname`, `gender`, `birthday`, `photo_id`) VALUES ('1', 'pariatur', 'Roberts', NULL, '1990-09-18', '0');
INSERT INTO `profiles` (`user_id`, `name`, `lastname`, `gender`, `birthday`, `photo_id`) VALUES ('2', 'quisquam', 'Schamberger', NULL, '1978-07-06', '0');
INSERT INTO `profiles` (`user_id`, `name`, `lastname`, `gender`, `birthday`, `photo_id`) VALUES ('3', 'ut', 'Crist', NULL, '1998-10-23', '22');
INSERT INTO `profiles` (`user_id`, `name`, `lastname`, `gender`, `birthday`, `photo_id`) VALUES ('4', 'repudiandae', 'Bauch', NULL, '2001-04-19', '93');
INSERT INTO `profiles` (`user_id`, `name`, `lastname`, `gender`, `birthday`, `photo_id`) VALUES ('5', 'ut', 'Legros', NULL, '1999-01-25', '6');
INSERT INTO `profiles` (`user_id`, `name`, `lastname`, `gender`, `birthday`, `photo_id`) VALUES ('6', 'eligendi', 'Erdman', NULL, '2010-01-28', '14');
INSERT INTO `profiles` (`user_id`, `name`, `lastname`, `gender`, `birthday`, `photo_id`) VALUES ('7', 'cupiditate', 'Howe', NULL, '1982-08-02', '84');
INSERT INTO `profiles` (`user_id`, `name`, `lastname`, `gender`, `birthday`, `photo_id`) VALUES ('8', 'earum', 'Padberg', NULL, '2015-12-01', '99');
INSERT INTO `profiles` (`user_id`, `name`, `lastname`, `gender`, `birthday`, `photo_id`) VALUES ('9', 'in', 'Terry', NULL, '1982-03-27', '16');
INSERT INTO `profiles` (`user_id`, `name`, `lastname`, `gender`, `birthday`, `photo_id`) VALUES ('10', 'alias', 'Monahan', NULL, '2019-07-01', '16');
INSERT INTO `profiles` (`user_id`, `name`, `lastname`, `gender`, `birthday`, `photo_id`) VALUES ('11', 'doloribus', 'Willms', NULL, '2013-01-01', '41');
INSERT INTO `profiles` (`user_id`, `name`, `lastname`, `gender`, `birthday`, `photo_id`) VALUES ('12', 'officia', 'Kuhic', NULL, '1985-03-25', '21');
INSERT INTO `profiles` (`user_id`, `name`, `lastname`, `gender`, `birthday`, `photo_id`) VALUES ('13', 'provident', 'Becker', NULL, '1988-09-02', '45');
INSERT INTO `profiles` (`user_id`, `name`, `lastname`, `gender`, `birthday`, `photo_id`) VALUES ('14', 'nihil', 'Kuhlman', NULL, '1973-05-02', '9');
INSERT INTO `profiles` (`user_id`, `name`, `lastname`, `gender`, `birthday`, `photo_id`) VALUES ('15', 'est', 'Ratke', NULL, '2009-06-01', '68');
INSERT INTO `profiles` (`user_id`, `name`, `lastname`, `gender`, `birthday`, `photo_id`) VALUES ('16', 'soluta', 'Price', NULL, '1999-04-16', '28');
INSERT INTO `profiles` (`user_id`, `name`, `lastname`, `gender`, `birthday`, `photo_id`) VALUES ('17', 'aut', 'Gleichner', NULL, '1988-02-10', '92');
INSERT INTO `profiles` (`user_id`, `name`, `lastname`, `gender`, `birthday`, `photo_id`) VALUES ('18', 'et', 'Waelchi', NULL, '2005-03-27', '88');
INSERT INTO `profiles` (`user_id`, `name`, `lastname`, `gender`, `birthday`, `photo_id`) VALUES ('19', 'ut', 'Hudson', NULL, '2004-01-28', '16');
INSERT INTO `profiles` (`user_id`, `name`, `lastname`, `gender`, `birthday`, `photo_id`) VALUES ('20', 'sed', 'Krajcik', NULL, '2014-04-29', '0');
INSERT INTO `profiles` (`user_id`, `name`, `lastname`, `gender`, `birthday`, `photo_id`) VALUES ('21', 'ratione', 'Denesik', NULL, '2006-02-18', '85');
INSERT INTO `profiles` (`user_id`, `name`, `lastname`, `gender`, `birthday`, `photo_id`) VALUES ('22', 'exercitationem', 'Bergnaum', NULL, '1987-01-29', '53');
INSERT INTO `profiles` (`user_id`, `name`, `lastname`, `gender`, `birthday`, `photo_id`) VALUES ('23', 'est', 'Dare', NULL, '2005-02-26', '12');
INSERT INTO `profiles` (`user_id`, `name`, `lastname`, `gender`, `birthday`, `photo_id`) VALUES ('24', 'perferendis', 'O\'Reilly', NULL, '1988-02-01', '75');
INSERT INTO `profiles` (`user_id`, `name`, `lastname`, `gender`, `birthday`, `photo_id`) VALUES ('25', 'voluptatem', 'Lesch', NULL, '1984-06-20', '71');
INSERT INTO `profiles` (`user_id`, `name`, `lastname`, `gender`, `birthday`, `photo_id`) VALUES ('26', 'veniam', 'Dach', NULL, '1970-08-26', '62');
INSERT INTO `profiles` (`user_id`, `name`, `lastname`, `gender`, `birthday`, `photo_id`) VALUES ('27', 'voluptatem', 'Boehm', NULL, '2006-08-05', '99');
INSERT INTO `profiles` (`user_id`, `name`, `lastname`, `gender`, `birthday`, `photo_id`) VALUES ('28', 'suscipit', 'Abshire', NULL, '2009-05-01', '33');
INSERT INTO `profiles` (`user_id`, `name`, `lastname`, `gender`, `birthday`, `photo_id`) VALUES ('29', 'dolor', 'Lynch', NULL, '1993-11-10', '65');
INSERT INTO `profiles` (`user_id`, `name`, `lastname`, `gender`, `birthday`, `photo_id`) VALUES ('30', 'aut', 'Moen', NULL, '1997-09-03', '9');
INSERT INTO `profiles` (`user_id`, `name`, `lastname`, `gender`, `birthday`, `photo_id`) VALUES ('31', 'non', 'Nicolas', NULL, '2018-09-14', '79');
INSERT INTO `profiles` (`user_id`, `name`, `lastname`, `gender`, `birthday`, `photo_id`) VALUES ('32', 'itaque', 'Hermann', NULL, '1976-11-14', '74');
INSERT INTO `profiles` (`user_id`, `name`, `lastname`, `gender`, `birthday`, `photo_id`) VALUES ('33', 'et', 'Conroy', NULL, '2002-02-13', '62');
INSERT INTO `profiles` (`user_id`, `name`, `lastname`, `gender`, `birthday`, `photo_id`) VALUES ('34', 'doloremque', 'Stracke', NULL, '1994-03-23', '8');
INSERT INTO `profiles` (`user_id`, `name`, `lastname`, `gender`, `birthday`, `photo_id`) VALUES ('35', 'atque', 'Rempel', NULL, '2009-07-14', '89');
INSERT INTO `profiles` (`user_id`, `name`, `lastname`, `gender`, `birthday`, `photo_id`) VALUES ('36', 'velit', 'Crist', NULL, '1988-01-03', '19');
INSERT INTO `profiles` (`user_id`, `name`, `lastname`, `gender`, `birthday`, `photo_id`) VALUES ('37', 'voluptatum', 'O\'Kon', NULL, '1973-02-06', '38');
INSERT INTO `profiles` (`user_id`, `name`, `lastname`, `gender`, `birthday`, `photo_id`) VALUES ('38', 'totam', 'Ankunding', NULL, '1997-05-22', '26');
INSERT INTO `profiles` (`user_id`, `name`, `lastname`, `gender`, `birthday`, `photo_id`) VALUES ('39', 'cupiditate', 'Keebler', NULL, '1985-02-26', '78');
INSERT INTO `profiles` (`user_id`, `name`, `lastname`, `gender`, `birthday`, `photo_id`) VALUES ('40', 'similique', 'Dach', NULL, '2015-04-27', '83');
INSERT INTO `profiles` (`user_id`, `name`, `lastname`, `gender`, `birthday`, `photo_id`) VALUES ('41', 'sit', 'Bogisich', NULL, '2018-09-19', '28');
INSERT INTO `profiles` (`user_id`, `name`, `lastname`, `gender`, `birthday`, `photo_id`) VALUES ('42', 'nemo', 'Boehm', NULL, '2002-11-10', '66');
INSERT INTO `profiles` (`user_id`, `name`, `lastname`, `gender`, `birthday`, `photo_id`) VALUES ('43', 'enim', 'Vandervort', NULL, '1982-12-01', '59');
INSERT INTO `profiles` (`user_id`, `name`, `lastname`, `gender`, `birthday`, `photo_id`) VALUES ('44', 'iste', 'Ruecker', NULL, '2017-05-18', '45');
INSERT INTO `profiles` (`user_id`, `name`, `lastname`, `gender`, `birthday`, `photo_id`) VALUES ('45', 'et', 'Schinner', NULL, '2012-09-29', '79');
INSERT INTO `profiles` (`user_id`, `name`, `lastname`, `gender`, `birthday`, `photo_id`) VALUES ('46', 'sint', 'Wilderman', NULL, '2018-12-05', '91');
INSERT INTO `profiles` (`user_id`, `name`, `lastname`, `gender`, `birthday`, `photo_id`) VALUES ('47', 'eveniet', 'Christiansen', NULL, '2005-10-30', '23');
INSERT INTO `profiles` (`user_id`, `name`, `lastname`, `gender`, `birthday`, `photo_id`) VALUES ('48', 'et', 'Leffler', NULL, '1998-08-28', '66');
INSERT INTO `profiles` (`user_id`, `name`, `lastname`, `gender`, `birthday`, `photo_id`) VALUES ('49', 'eligendi', 'Glover', NULL, '2016-09-10', '64');
INSERT INTO `profiles` (`user_id`, `name`, `lastname`, `gender`, `birthday`, `photo_id`) VALUES ('50', 'eius', 'O\'Connell', NULL, '1975-01-25', '35');
INSERT INTO `profiles` (`user_id`, `name`, `lastname`, `gender`, `birthday`, `photo_id`) VALUES ('51', 'quas', 'Grant', NULL, '1991-11-19', '65');
INSERT INTO `profiles` (`user_id`, `name`, `lastname`, `gender`, `birthday`, `photo_id`) VALUES ('52', 'et', 'Ernser', NULL, '1993-05-19', '5');
INSERT INTO `profiles` (`user_id`, `name`, `lastname`, `gender`, `birthday`, `photo_id`) VALUES ('53', 'saepe', 'Murazik', NULL, '2014-02-27', '97');
INSERT INTO `profiles` (`user_id`, `name`, `lastname`, `gender`, `birthday`, `photo_id`) VALUES ('54', 'deleniti', 'Friesen', NULL, '2017-06-21', '18');
INSERT INTO `profiles` (`user_id`, `name`, `lastname`, `gender`, `birthday`, `photo_id`) VALUES ('55', 'vitae', 'Cronin', NULL, '1979-02-19', '98');
INSERT INTO `profiles` (`user_id`, `name`, `lastname`, `gender`, `birthday`, `photo_id`) VALUES ('56', 'non', 'Okuneva', NULL, '1985-07-13', '24');
INSERT INTO `profiles` (`user_id`, `name`, `lastname`, `gender`, `birthday`, `photo_id`) VALUES ('57', 'qui', 'Huel', NULL, '1972-05-27', '14');
INSERT INTO `profiles` (`user_id`, `name`, `lastname`, `gender`, `birthday`, `photo_id`) VALUES ('58', 'iste', 'Harvey', NULL, '1992-01-24', '84');
INSERT INTO `profiles` (`user_id`, `name`, `lastname`, `gender`, `birthday`, `photo_id`) VALUES ('59', 'minima', 'McDermott', NULL, '2004-10-01', '7');
INSERT INTO `profiles` (`user_id`, `name`, `lastname`, `gender`, `birthday`, `photo_id`) VALUES ('60', 'sit', 'Bayer', NULL, '2014-01-12', '22');
INSERT INTO `profiles` (`user_id`, `name`, `lastname`, `gender`, `birthday`, `photo_id`) VALUES ('61', 'placeat', 'Nikolaus', NULL, '1982-10-31', '41');
INSERT INTO `profiles` (`user_id`, `name`, `lastname`, `gender`, `birthday`, `photo_id`) VALUES ('62', 'quis', 'Block', NULL, '1994-12-26', '32');
INSERT INTO `profiles` (`user_id`, `name`, `lastname`, `gender`, `birthday`, `photo_id`) VALUES ('63', 'sapiente', 'Kulas', NULL, '1991-02-03', '57');
INSERT INTO `profiles` (`user_id`, `name`, `lastname`, `gender`, `birthday`, `photo_id`) VALUES ('64', 'enim', 'Howell', NULL, '2003-07-27', '23');
INSERT INTO `profiles` (`user_id`, `name`, `lastname`, `gender`, `birthday`, `photo_id`) VALUES ('65', 'placeat', 'Jacobi', NULL, '1991-03-29', '62');
INSERT INTO `profiles` (`user_id`, `name`, `lastname`, `gender`, `birthday`, `photo_id`) VALUES ('66', 'ipsum', 'Gottlieb', NULL, '1978-04-27', '44');
INSERT INTO `profiles` (`user_id`, `name`, `lastname`, `gender`, `birthday`, `photo_id`) VALUES ('67', 'rerum', 'Little', NULL, '1994-01-31', '72');
INSERT INTO `profiles` (`user_id`, `name`, `lastname`, `gender`, `birthday`, `photo_id`) VALUES ('68', 'culpa', 'Herzog', NULL, '1984-02-25', '1');
INSERT INTO `profiles` (`user_id`, `name`, `lastname`, `gender`, `birthday`, `photo_id`) VALUES ('69', 'in', 'Durgan', NULL, '1978-08-12', '19');
INSERT INTO `profiles` (`user_id`, `name`, `lastname`, `gender`, `birthday`, `photo_id`) VALUES ('70', 'non', 'Auer', NULL, '2013-05-22', '12');
INSERT INTO `profiles` (`user_id`, `name`, `lastname`, `gender`, `birthday`, `photo_id`) VALUES ('71', 'facilis', 'Hilpert', NULL, '1991-12-16', '4');
INSERT INTO `profiles` (`user_id`, `name`, `lastname`, `gender`, `birthday`, `photo_id`) VALUES ('72', 'placeat', 'Terry', NULL, '2013-05-05', '95');
INSERT INTO `profiles` (`user_id`, `name`, `lastname`, `gender`, `birthday`, `photo_id`) VALUES ('73', 'ducimus', 'Langosh', NULL, '1993-06-24', '99');
INSERT INTO `profiles` (`user_id`, `name`, `lastname`, `gender`, `birthday`, `photo_id`) VALUES ('74', 'nihil', 'Sawayn', NULL, '2006-07-07', '3');
INSERT INTO `profiles` (`user_id`, `name`, `lastname`, `gender`, `birthday`, `photo_id`) VALUES ('75', 'enim', 'Corwin', NULL, '2006-10-22', '67');
INSERT INTO `profiles` (`user_id`, `name`, `lastname`, `gender`, `birthday`, `photo_id`) VALUES ('76', 'veritatis', 'Hickle', NULL, '2011-08-19', '50');
INSERT INTO `profiles` (`user_id`, `name`, `lastname`, `gender`, `birthday`, `photo_id`) VALUES ('77', 'maxime', 'Schowalter', NULL, '2017-01-22', '40');
INSERT INTO `profiles` (`user_id`, `name`, `lastname`, `gender`, `birthday`, `photo_id`) VALUES ('78', 'unde', 'Towne', NULL, '1984-04-22', '5');
INSERT INTO `profiles` (`user_id`, `name`, `lastname`, `gender`, `birthday`, `photo_id`) VALUES ('79', 'voluptas', 'Reichert', NULL, '2016-03-13', '10');
INSERT INTO `profiles` (`user_id`, `name`, `lastname`, `gender`, `birthday`, `photo_id`) VALUES ('80', 'officiis', 'Luettgen', NULL, '2015-02-13', '98');
INSERT INTO `profiles` (`user_id`, `name`, `lastname`, `gender`, `birthday`, `photo_id`) VALUES ('81', 'in', 'Kilback', NULL, '1977-05-12', '84');
INSERT INTO `profiles` (`user_id`, `name`, `lastname`, `gender`, `birthday`, `photo_id`) VALUES ('82', 'voluptatem', 'Feil', NULL, '1979-07-02', '99');
INSERT INTO `profiles` (`user_id`, `name`, `lastname`, `gender`, `birthday`, `photo_id`) VALUES ('83', 'blanditiis', 'Kuphal', NULL, '1996-01-31', '4');
INSERT INTO `profiles` (`user_id`, `name`, `lastname`, `gender`, `birthday`, `photo_id`) VALUES ('84', 'consectetur', 'Rodriguez', NULL, '1977-01-04', '74');
INSERT INTO `profiles` (`user_id`, `name`, `lastname`, `gender`, `birthday`, `photo_id`) VALUES ('85', 'ducimus', 'Goodwin', NULL, '1973-12-10', '68');
INSERT INTO `profiles` (`user_id`, `name`, `lastname`, `gender`, `birthday`, `photo_id`) VALUES ('86', 'asperiores', 'Kuphal', NULL, '1995-03-03', '95');
INSERT INTO `profiles` (`user_id`, `name`, `lastname`, `gender`, `birthday`, `photo_id`) VALUES ('87', 'dicta', 'Jenkins', NULL, '1998-01-08', '71');
INSERT INTO `profiles` (`user_id`, `name`, `lastname`, `gender`, `birthday`, `photo_id`) VALUES ('88', 'a', 'Stokes', NULL, '2007-01-25', '11');
INSERT INTO `profiles` (`user_id`, `name`, `lastname`, `gender`, `birthday`, `photo_id`) VALUES ('89', 'sapiente', 'Dietrich', NULL, '2015-12-14', '77');
INSERT INTO `profiles` (`user_id`, `name`, `lastname`, `gender`, `birthday`, `photo_id`) VALUES ('90', 'voluptatum', 'Nitzsche', NULL, '1977-12-16', '89');
INSERT INTO `profiles` (`user_id`, `name`, `lastname`, `gender`, `birthday`, `photo_id`) VALUES ('91', 'non', 'Hane', NULL, '1996-03-30', '31');
INSERT INTO `profiles` (`user_id`, `name`, `lastname`, `gender`, `birthday`, `photo_id`) VALUES ('92', 'dolore', 'Dare', NULL, '1973-02-08', '43');
INSERT INTO `profiles` (`user_id`, `name`, `lastname`, `gender`, `birthday`, `photo_id`) VALUES ('93', 'nostrum', 'Greenholt', NULL, '2019-04-17', '73');
INSERT INTO `profiles` (`user_id`, `name`, `lastname`, `gender`, `birthday`, `photo_id`) VALUES ('94', 'ea', 'Miller', NULL, '2007-01-21', '40');
INSERT INTO `profiles` (`user_id`, `name`, `lastname`, `gender`, `birthday`, `photo_id`) VALUES ('95', 'nostrum', 'Pagac', NULL, '2009-04-24', '17');
INSERT INTO `profiles` (`user_id`, `name`, `lastname`, `gender`, `birthday`, `photo_id`) VALUES ('96', 'modi', 'King', NULL, '1988-01-03', '31');
INSERT INTO `profiles` (`user_id`, `name`, `lastname`, `gender`, `birthday`, `photo_id`) VALUES ('97', 'dolorem', 'Wisozk', NULL, '1971-07-01', '64');
INSERT INTO `profiles` (`user_id`, `name`, `lastname`, `gender`, `birthday`, `photo_id`) VALUES ('98', 'cum', 'Frami', NULL, '2019-06-06', '18');
INSERT INTO `profiles` (`user_id`, `name`, `lastname`, `gender`, `birthday`, `photo_id`) VALUES ('99', 'velit', 'McGlynn', NULL, '2017-11-23', '55');
INSERT INTO `profiles` (`user_id`, `name`, `lastname`, `gender`, `birthday`, `photo_id`) VALUES ('100', 'minus', 'Feil', NULL, '1982-12-20', '86');


#
# TABLE STRUCTURE FOR: users
#

DROP TABLE IF EXISTS `users`;

CREATE TABLE `users` (
  `id` bigint(20) unsigned NOT NULL AUTO_INCREMENT,
  `email` varchar(120) COLLATE utf8_unicode_ci NOT NULL,
  `phone` varchar(15) COLLATE utf8_unicode_ci NOT NULL,
  `pass` varchar(200) COLLATE utf8_unicode_ci NOT NULL,
  `created_at` datetime DEFAULT current_timestamp(),
  `visible_for` enum('all','frends_of_friends','friends') COLLATE utf8_unicode_ci DEFAULT 'all',
  `can_comment` tinyint(1) DEFAULT NULL,
  `can_message` enum('all','frends_of_friends','friends') COLLATE utf8_unicode_ci DEFAULT 'all',
  `invite_to_community` enum('all','frends_of_friends','friends') COLLATE utf8_unicode_ci DEFAULT 'all',
  PRIMARY KEY (`id`),
  UNIQUE KEY `email` (`email`)
) ENGINE=InnoDB AUTO_INCREMENT=101 DEFAULT CHARSET=utf8 COLLATE=utf8_unicode_ci;

INSERT INTO `users` (`id`, `email`, `phone`, `pass`, `created_at`, `visible_for`, `can_comment`, `can_message`, `invite_to_community`) VALUES ('1', 'clark58@example.org', '03625202896', '', '2011-08-01 07:47:34', 'frends_of_friends', NULL, 'all', 'all');
INSERT INTO `users` (`id`, `email`, `phone`, `pass`, `created_at`, `visible_for`, `can_comment`, `can_message`, `invite_to_community`) VALUES ('2', 'hirthe.wilson@example.org', '1-548-741-7395', '', '1971-03-18 16:28:57', 'friends', NULL, 'friends', 'frends_of_friends');
INSERT INTO `users` (`id`, `email`, `phone`, `pass`, `created_at`, `visible_for`, `can_comment`, `can_message`, `invite_to_community`) VALUES ('3', 'eda.mayert@example.org', '939.640.9118x30', '', '2017-07-16 02:19:20', 'all', NULL, 'frends_of_friends', 'all');
INSERT INTO `users` (`id`, `email`, `phone`, `pass`, `created_at`, `visible_for`, `can_comment`, `can_message`, `invite_to_community`) VALUES ('4', 'winnifred.king@example.net', '+42(5)734428451', '', '1983-11-27 03:49:22', 'frends_of_friends', NULL, 'all', 'frends_of_friends');
INSERT INTO `users` (`id`, `email`, `phone`, `pass`, `created_at`, `visible_for`, `can_comment`, `can_message`, `invite_to_community`) VALUES ('5', 'addison35@example.com', '(121)224-2460x5', '', '1983-03-21 20:12:01', 'friends', NULL, 'friends', 'all');
INSERT INTO `users` (`id`, `email`, `phone`, `pass`, `created_at`, `visible_for`, `can_comment`, `can_message`, `invite_to_community`) VALUES ('6', 'myrtice.rempel@example.org', '1-773-255-9435', '', '2004-11-05 13:43:32', 'friends', NULL, 'frends_of_friends', 'all');
INSERT INTO `users` (`id`, `email`, `phone`, `pass`, `created_at`, `visible_for`, `can_comment`, `can_message`, `invite_to_community`) VALUES ('7', 'zemlak.kyra@example.net', '372.300.2587x66', '', '2020-03-15 06:51:50', 'all', NULL, 'all', 'all');
INSERT INTO `users` (`id`, `email`, `phone`, `pass`, `created_at`, `visible_for`, `can_comment`, `can_message`, `invite_to_community`) VALUES ('8', 'louisa.rowe@example.com', '(665)784-5007', '', '2000-11-17 01:41:21', 'all', NULL, 'friends', 'frends_of_friends');
INSERT INTO `users` (`id`, `email`, `phone`, `pass`, `created_at`, `visible_for`, `can_comment`, `can_message`, `invite_to_community`) VALUES ('9', 'ruby59@example.com', '1-371-140-4963', '', '1998-02-22 14:18:09', 'friends', NULL, 'friends', 'friends');
INSERT INTO `users` (`id`, `email`, `phone`, `pass`, `created_at`, `visible_for`, `can_comment`, `can_message`, `invite_to_community`) VALUES ('10', 'nokuneva@example.net', '282-832-1827', '', '1997-12-30 07:51:46', 'all', NULL, 'all', 'all');
INSERT INTO `users` (`id`, `email`, `phone`, `pass`, `created_at`, `visible_for`, `can_comment`, `can_message`, `invite_to_community`) VALUES ('11', 'ppollich@example.net', '1-752-957-1321x', '', '1970-02-04 13:06:43', 'frends_of_friends', NULL, 'all', 'all');
INSERT INTO `users` (`id`, `email`, `phone`, `pass`, `created_at`, `visible_for`, `can_comment`, `can_message`, `invite_to_community`) VALUES ('12', 'julius.rempel@example.com', '(735)381-7389', '', '2007-07-06 02:00:11', 'all', NULL, 'frends_of_friends', 'friends');
INSERT INTO `users` (`id`, `email`, `phone`, `pass`, `created_at`, `visible_for`, `can_comment`, `can_message`, `invite_to_community`) VALUES ('13', 'jkirlin@example.org', '1-045-631-2140', '', '1998-05-03 11:09:49', 'friends', NULL, 'all', 'all');
INSERT INTO `users` (`id`, `email`, `phone`, `pass`, `created_at`, `visible_for`, `can_comment`, `can_message`, `invite_to_community`) VALUES ('14', 'judd.jerde@example.com', '903-998-3096', '', '1988-05-15 06:22:15', 'frends_of_friends', NULL, 'frends_of_friends', 'friends');
INSERT INTO `users` (`id`, `email`, `phone`, `pass`, `created_at`, `visible_for`, `can_comment`, `can_message`, `invite_to_community`) VALUES ('15', 'keshawn.cruickshank@example.net', '07628831012', '', '1989-12-22 06:44:24', 'friends', NULL, 'frends_of_friends', 'frends_of_friends');
INSERT INTO `users` (`id`, `email`, `phone`, `pass`, `created_at`, `visible_for`, `can_comment`, `can_message`, `invite_to_community`) VALUES ('16', 'ted57@example.net', '+80(5)684332640', '', '1997-04-17 02:16:05', 'friends', NULL, 'frends_of_friends', 'all');
INSERT INTO `users` (`id`, `email`, `phone`, `pass`, `created_at`, `visible_for`, `can_comment`, `can_message`, `invite_to_community`) VALUES ('17', 'mvonrueden@example.com', '01451931641', '', '1996-05-02 12:21:34', 'friends', NULL, 'all', 'all');
INSERT INTO `users` (`id`, `email`, `phone`, `pass`, `created_at`, `visible_for`, `can_comment`, `can_message`, `invite_to_community`) VALUES ('18', 'kendra.yundt@example.net', '1-735-883-7913x', '', '2020-08-04 19:20:24', 'all', NULL, 'all', 'friends');
INSERT INTO `users` (`id`, `email`, `phone`, `pass`, `created_at`, `visible_for`, `can_comment`, `can_message`, `invite_to_community`) VALUES ('19', 'christiansen.myra@example.org', '04527422338', '', '2000-07-09 21:14:49', 'friends', NULL, 'all', 'frends_of_friends');
INSERT INTO `users` (`id`, `email`, `phone`, `pass`, `created_at`, `visible_for`, `can_comment`, `can_message`, `invite_to_community`) VALUES ('20', 'ustreich@example.org', '270.191.8109x46', '', '1982-04-11 13:17:54', 'all', NULL, 'all', 'friends');
INSERT INTO `users` (`id`, `email`, `phone`, `pass`, `created_at`, `visible_for`, `can_comment`, `can_message`, `invite_to_community`) VALUES ('21', 'beahan.wade@example.net', '(785)476-0459x1', '', '1989-06-17 22:05:09', 'all', NULL, 'frends_of_friends', 'friends');
INSERT INTO `users` (`id`, `email`, `phone`, `pass`, `created_at`, `visible_for`, `can_comment`, `can_message`, `invite_to_community`) VALUES ('22', 'francisco55@example.net', '+43(2)727781410', '', '1979-06-10 13:59:08', 'frends_of_friends', NULL, 'all', 'all');
INSERT INTO `users` (`id`, `email`, `phone`, `pass`, `created_at`, `visible_for`, `can_comment`, `can_message`, `invite_to_community`) VALUES ('23', 'casper.alford@example.net', '+44(5)876376064', '', '2006-05-25 09:21:36', 'frends_of_friends', NULL, 'frends_of_friends', 'all');
INSERT INTO `users` (`id`, `email`, `phone`, `pass`, `created_at`, `visible_for`, `can_comment`, `can_message`, `invite_to_community`) VALUES ('24', 'pernser@example.org', '(285)723-3921x2', '', '1975-07-12 06:31:00', 'friends', NULL, 'all', 'friends');
INSERT INTO `users` (`id`, `email`, `phone`, `pass`, `created_at`, `visible_for`, `can_comment`, `can_message`, `invite_to_community`) VALUES ('25', 'nyasia.buckridge@example.com', '886-015-3040x56', '', '1997-01-07 21:00:10', 'all', NULL, 'friends', 'all');
INSERT INTO `users` (`id`, `email`, `phone`, `pass`, `created_at`, `visible_for`, `can_comment`, `can_message`, `invite_to_community`) VALUES ('26', 'conroy.name@example.org', '+77(9)686224778', '', '1993-07-07 17:49:49', 'frends_of_friends', NULL, 'frends_of_friends', 'friends');
INSERT INTO `users` (`id`, `email`, `phone`, `pass`, `created_at`, `visible_for`, `can_comment`, `can_message`, `invite_to_community`) VALUES ('27', 'dlueilwitz@example.org', '(499)478-1074', '', '2007-08-23 20:04:23', 'frends_of_friends', NULL, 'frends_of_friends', 'all');
INSERT INTO `users` (`id`, `email`, `phone`, `pass`, `created_at`, `visible_for`, `can_comment`, `can_message`, `invite_to_community`) VALUES ('28', 'shana.balistreri@example.com', '(665)448-9000', '', '1976-12-21 15:49:39', 'frends_of_friends', NULL, 'all', 'friends');
INSERT INTO `users` (`id`, `email`, `phone`, `pass`, `created_at`, `visible_for`, `can_comment`, `can_message`, `invite_to_community`) VALUES ('29', 'skiles.zula@example.com', '(708)663-4761x2', '', '1984-04-12 00:07:59', 'frends_of_friends', NULL, 'frends_of_friends', 'frends_of_friends');
INSERT INTO `users` (`id`, `email`, `phone`, `pass`, `created_at`, `visible_for`, `can_comment`, `can_message`, `invite_to_community`) VALUES ('30', 'abotsford@example.net', '(324)330-0466', '', '1992-01-24 20:59:40', 'all', NULL, 'friends', 'friends');
INSERT INTO `users` (`id`, `email`, `phone`, `pass`, `created_at`, `visible_for`, `can_comment`, `can_message`, `invite_to_community`) VALUES ('31', 'emile.bergnaum@example.com', '816-096-2504', '', '2005-10-02 00:17:18', 'frends_of_friends', NULL, 'frends_of_friends', 'all');
INSERT INTO `users` (`id`, `email`, `phone`, `pass`, `created_at`, `visible_for`, `can_comment`, `can_message`, `invite_to_community`) VALUES ('32', 'raphaelle.lind@example.com', '841.396.5888x55', '', '2006-04-17 05:08:20', 'all', NULL, 'frends_of_friends', 'frends_of_friends');
INSERT INTO `users` (`id`, `email`, `phone`, `pass`, `created_at`, `visible_for`, `can_comment`, `can_message`, `invite_to_community`) VALUES ('33', 'kassulke.taylor@example.net', '09948704418', '', '1983-09-05 15:30:02', 'friends', NULL, 'all', 'frends_of_friends');
INSERT INTO `users` (`id`, `email`, `phone`, `pass`, `created_at`, `visible_for`, `can_comment`, `can_message`, `invite_to_community`) VALUES ('34', 'blaze83@example.net', '305.611.3883x85', '', '1977-04-12 12:49:39', 'friends', NULL, 'frends_of_friends', 'all');
INSERT INTO `users` (`id`, `email`, `phone`, `pass`, `created_at`, `visible_for`, `can_comment`, `can_message`, `invite_to_community`) VALUES ('35', 'ldubuque@example.org', '625.803.3067', '', '2001-07-03 04:53:58', 'all', NULL, 'frends_of_friends', 'frends_of_friends');
INSERT INTO `users` (`id`, `email`, `phone`, `pass`, `created_at`, `visible_for`, `can_comment`, `can_message`, `invite_to_community`) VALUES ('36', 'will.addie@example.org', '(247)377-8631', '', '1978-08-14 05:34:22', 'friends', NULL, 'frends_of_friends', 'all');
INSERT INTO `users` (`id`, `email`, `phone`, `pass`, `created_at`, `visible_for`, `can_comment`, `can_message`, `invite_to_community`) VALUES ('37', 'shanahan.amelia@example.com', '(371)221-7628x2', '', '1974-03-26 04:41:52', 'frends_of_friends', NULL, 'frends_of_friends', 'all');
INSERT INTO `users` (`id`, `email`, `phone`, `pass`, `created_at`, `visible_for`, `can_comment`, `can_message`, `invite_to_community`) VALUES ('38', 'grace.flatley@example.com', '(039)872-8709x8', '', '1983-07-14 16:22:13', 'frends_of_friends', NULL, 'all', 'friends');
INSERT INTO `users` (`id`, `email`, `phone`, `pass`, `created_at`, `visible_for`, `can_comment`, `can_message`, `invite_to_community`) VALUES ('39', 'qmarks@example.com', '421-111-9580', '', '1981-11-01 03:29:09', 'friends', NULL, 'friends', 'friends');
INSERT INTO `users` (`id`, `email`, `phone`, `pass`, `created_at`, `visible_for`, `can_comment`, `can_message`, `invite_to_community`) VALUES ('40', 'bart.simonis@example.com', '969-223-2496x61', '', '1996-10-25 01:42:26', 'friends', NULL, 'friends', 'frends_of_friends');
INSERT INTO `users` (`id`, `email`, `phone`, `pass`, `created_at`, `visible_for`, `can_comment`, `can_message`, `invite_to_community`) VALUES ('41', 'price.molly@example.com', '156.195.1216', '', '1995-11-01 11:25:50', 'all', NULL, 'frends_of_friends', 'frends_of_friends');
INSERT INTO `users` (`id`, `email`, `phone`, `pass`, `created_at`, `visible_for`, `can_comment`, `can_message`, `invite_to_community`) VALUES ('42', 'qdickinson@example.net', '562-224-0177', '', '2016-07-10 04:56:14', 'friends', NULL, 'frends_of_friends', 'all');
INSERT INTO `users` (`id`, `email`, `phone`, `pass`, `created_at`, `visible_for`, `can_comment`, `can_message`, `invite_to_community`) VALUES ('43', 'braeden04@example.org', '1-948-867-4217x', '', '2016-11-20 06:02:56', 'frends_of_friends', NULL, 'friends', 'friends');
INSERT INTO `users` (`id`, `email`, `phone`, `pass`, `created_at`, `visible_for`, `can_comment`, `can_message`, `invite_to_community`) VALUES ('44', 'odell68@example.org', '460-684-6553x83', '', '2016-02-12 17:45:29', 'all', NULL, 'frends_of_friends', 'frends_of_friends');
INSERT INTO `users` (`id`, `email`, `phone`, `pass`, `created_at`, `visible_for`, `can_comment`, `can_message`, `invite_to_community`) VALUES ('45', 'nyasia.ward@example.net', '921-492-9310x86', '', '2016-02-13 18:31:41', 'frends_of_friends', NULL, 'all', 'all');
INSERT INTO `users` (`id`, `email`, `phone`, `pass`, `created_at`, `visible_for`, `can_comment`, `can_message`, `invite_to_community`) VALUES ('46', 'deckow.moshe@example.org', '067-036-2087', '', '1999-04-25 16:23:17', 'friends', NULL, 'friends', 'all');
INSERT INTO `users` (`id`, `email`, `phone`, `pass`, `created_at`, `visible_for`, `can_comment`, `can_message`, `invite_to_community`) VALUES ('47', 'brandy44@example.org', '984.306.0181x65', '', '1985-11-06 17:36:21', 'friends', NULL, 'all', 'friends');
INSERT INTO `users` (`id`, `email`, `phone`, `pass`, `created_at`, `visible_for`, `can_comment`, `can_message`, `invite_to_community`) VALUES ('48', 'armani.greenfelder@example.net', '1-209-266-4080x', '', '1998-09-04 20:22:29', 'frends_of_friends', NULL, 'all', 'friends');
INSERT INTO `users` (`id`, `email`, `phone`, `pass`, `created_at`, `visible_for`, `can_comment`, `can_message`, `invite_to_community`) VALUES ('49', 'terrence12@example.com', '988-841-1835x76', '', '1973-05-25 18:30:17', 'frends_of_friends', NULL, 'friends', 'all');
INSERT INTO `users` (`id`, `email`, `phone`, `pass`, `created_at`, `visible_for`, `can_comment`, `can_message`, `invite_to_community`) VALUES ('50', 'orrin78@example.org', '+13(9)585575381', '', '1975-01-07 06:51:19', 'all', NULL, 'frends_of_friends', 'frends_of_friends');
INSERT INTO `users` (`id`, `email`, `phone`, `pass`, `created_at`, `visible_for`, `can_comment`, `can_message`, `invite_to_community`) VALUES ('51', 'yessenia21@example.com', '553-366-2229x48', '', '1972-01-08 20:06:28', 'frends_of_friends', NULL, 'friends', 'frends_of_friends');
INSERT INTO `users` (`id`, `email`, `phone`, `pass`, `created_at`, `visible_for`, `can_comment`, `can_message`, `invite_to_community`) VALUES ('52', 'qschiller@example.org', '255-903-6724', '', '2011-04-24 22:58:51', 'all', NULL, 'friends', 'all');
INSERT INTO `users` (`id`, `email`, `phone`, `pass`, `created_at`, `visible_for`, `can_comment`, `can_message`, `invite_to_community`) VALUES ('53', 'krenner@example.net', '293.488.6936x97', '', '1970-07-23 18:13:10', 'frends_of_friends', NULL, 'all', 'friends');
INSERT INTO `users` (`id`, `email`, `phone`, `pass`, `created_at`, `visible_for`, `can_comment`, `can_message`, `invite_to_community`) VALUES ('54', 'marina17@example.org', '05627106619', '', '1974-10-02 03:36:04', 'friends', NULL, 'all', 'all');
INSERT INTO `users` (`id`, `email`, `phone`, `pass`, `created_at`, `visible_for`, `can_comment`, `can_message`, `invite_to_community`) VALUES ('55', 'schmidt.alexander@example.com', '+20(1)886727977', '', '1982-02-16 18:33:03', 'all', NULL, 'friends', 'friends');
INSERT INTO `users` (`id`, `email`, `phone`, `pass`, `created_at`, `visible_for`, `can_comment`, `can_message`, `invite_to_community`) VALUES ('56', 'keshaun02@example.org', '284-936-4327x83', '', '2014-02-05 11:20:27', 'all', NULL, 'all', 'frends_of_friends');
INSERT INTO `users` (`id`, `email`, `phone`, `pass`, `created_at`, `visible_for`, `can_comment`, `can_message`, `invite_to_community`) VALUES ('57', 'ledner.giovani@example.com', '06208487709', '', '1984-01-07 22:06:55', 'friends', NULL, 'frends_of_friends', 'frends_of_friends');
INSERT INTO `users` (`id`, `email`, `phone`, `pass`, `created_at`, `visible_for`, `can_comment`, `can_message`, `invite_to_community`) VALUES ('58', 'august.kuhn@example.org', '1-488-774-5094x', '', '1983-12-12 18:56:42', 'all', NULL, 'all', 'all');
INSERT INTO `users` (`id`, `email`, `phone`, `pass`, `created_at`, `visible_for`, `can_comment`, `can_message`, `invite_to_community`) VALUES ('59', 'block.curtis@example.net', '(647)624-3499x2', '', '1978-07-12 04:59:34', 'frends_of_friends', NULL, 'all', 'all');
INSERT INTO `users` (`id`, `email`, `phone`, `pass`, `created_at`, `visible_for`, `can_comment`, `can_message`, `invite_to_community`) VALUES ('60', 'lzulauf@example.org', '1-984-729-2094', '', '1995-05-08 07:09:41', 'frends_of_friends', NULL, 'friends', 'frends_of_friends');
INSERT INTO `users` (`id`, `email`, `phone`, `pass`, `created_at`, `visible_for`, `can_comment`, `can_message`, `invite_to_community`) VALUES ('61', 'camron14@example.net', '07566284822', '', '1989-12-04 20:31:21', 'all', NULL, 'all', 'friends');
INSERT INTO `users` (`id`, `email`, `phone`, `pass`, `created_at`, `visible_for`, `can_comment`, `can_message`, `invite_to_community`) VALUES ('62', 'gianni21@example.com', '330.595.4245', '', '1981-03-10 16:48:36', 'all', NULL, 'all', 'friends');
INSERT INTO `users` (`id`, `email`, `phone`, `pass`, `created_at`, `visible_for`, `can_comment`, `can_message`, `invite_to_community`) VALUES ('63', 'lbayer@example.com', '+21(2)968096419', '', '1972-01-10 10:07:15', 'friends', NULL, 'frends_of_friends', 'all');
INSERT INTO `users` (`id`, `email`, `phone`, `pass`, `created_at`, `visible_for`, `can_comment`, `can_message`, `invite_to_community`) VALUES ('64', 'mcglynn.alysa@example.org', '997.404.2973', '', '1982-03-28 04:56:43', 'friends', NULL, 'frends_of_friends', 'all');
INSERT INTO `users` (`id`, `email`, `phone`, `pass`, `created_at`, `visible_for`, `can_comment`, `can_message`, `invite_to_community`) VALUES ('65', 'hester.jacobi@example.org', '995-157-9936x64', '', '1984-07-21 05:30:22', 'frends_of_friends', NULL, 'all', 'frends_of_friends');
INSERT INTO `users` (`id`, `email`, `phone`, `pass`, `created_at`, `visible_for`, `can_comment`, `can_message`, `invite_to_community`) VALUES ('66', 'glennie.prosacco@example.com', '00763736604', '', '2008-07-13 13:30:37', 'all', NULL, 'frends_of_friends', 'all');
INSERT INTO `users` (`id`, `email`, `phone`, `pass`, `created_at`, `visible_for`, `can_comment`, `can_message`, `invite_to_community`) VALUES ('67', 'ebert.porter@example.org', '1-763-124-5975x', '', '2003-02-24 11:37:18', 'friends', NULL, 'all', 'all');
INSERT INTO `users` (`id`, `email`, `phone`, `pass`, `created_at`, `visible_for`, `can_comment`, `can_message`, `invite_to_community`) VALUES ('68', 'lubowitz.sanford@example.com', '1-745-003-1853x', '', '2007-11-24 11:48:08', 'all', NULL, 'all', 'frends_of_friends');
INSERT INTO `users` (`id`, `email`, `phone`, `pass`, `created_at`, `visible_for`, `can_comment`, `can_message`, `invite_to_community`) VALUES ('69', 'bswift@example.org', '1-482-359-7831x', '', '2018-12-16 05:48:35', 'frends_of_friends', NULL, 'friends', 'frends_of_friends');
INSERT INTO `users` (`id`, `email`, `phone`, `pass`, `created_at`, `visible_for`, `can_comment`, `can_message`, `invite_to_community`) VALUES ('70', 'flavio21@example.org', '+62(6)471483687', '', '1985-03-26 15:00:55', 'frends_of_friends', NULL, 'all', 'friends');
INSERT INTO `users` (`id`, `email`, `phone`, `pass`, `created_at`, `visible_for`, `can_comment`, `can_message`, `invite_to_community`) VALUES ('71', 'doyle.carol@example.net', '(355)670-2600', '', '1998-12-30 16:00:00', 'all', NULL, 'friends', 'friends');
INSERT INTO `users` (`id`, `email`, `phone`, `pass`, `created_at`, `visible_for`, `can_comment`, `can_message`, `invite_to_community`) VALUES ('72', 'laura.mraz@example.com', '1-906-612-8588', '', '1970-04-26 14:19:39', 'friends', NULL, 'all', 'friends');
INSERT INTO `users` (`id`, `email`, `phone`, `pass`, `created_at`, `visible_for`, `can_comment`, `can_message`, `invite_to_community`) VALUES ('73', 'pschaefer@example.com', '866-522-1064', '', '2011-03-05 23:31:19', 'frends_of_friends', NULL, 'friends', 'friends');
INSERT INTO `users` (`id`, `email`, `phone`, `pass`, `created_at`, `visible_for`, `can_comment`, `can_message`, `invite_to_community`) VALUES ('74', 'koelpin.birdie@example.com', '031-895-5443', '', '2018-08-02 13:35:35', 'all', NULL, 'all', 'all');
INSERT INTO `users` (`id`, `email`, `phone`, `pass`, `created_at`, `visible_for`, `can_comment`, `can_message`, `invite_to_community`) VALUES ('75', 'harber.alfreda@example.org', '(241)733-6414x1', '', '1987-01-16 07:55:25', 'all', NULL, 'frends_of_friends', 'friends');
INSERT INTO `users` (`id`, `email`, `phone`, `pass`, `created_at`, `visible_for`, `can_comment`, `can_message`, `invite_to_community`) VALUES ('76', 'sammie.bins@example.net', '238.027.2051x27', '', '2002-08-30 06:13:12', 'friends', NULL, 'all', 'friends');
INSERT INTO `users` (`id`, `email`, `phone`, `pass`, `created_at`, `visible_for`, `can_comment`, `can_message`, `invite_to_community`) VALUES ('77', 'bins.neil@example.net', '+73(2)985171508', '', '2003-08-28 04:15:12', 'all', NULL, 'all', 'frends_of_friends');
INSERT INTO `users` (`id`, `email`, `phone`, `pass`, `created_at`, `visible_for`, `can_comment`, `can_message`, `invite_to_community`) VALUES ('78', 'laney10@example.net', '(437)549-4172', '', '2013-05-12 22:36:04', 'frends_of_friends', NULL, 'all', 'all');
INSERT INTO `users` (`id`, `email`, `phone`, `pass`, `created_at`, `visible_for`, `can_comment`, `can_message`, `invite_to_community`) VALUES ('79', 'khackett@example.com', '788-557-1759', '', '1975-03-15 22:48:07', 'frends_of_friends', NULL, 'frends_of_friends', 'friends');
INSERT INTO `users` (`id`, `email`, `phone`, `pass`, `created_at`, `visible_for`, `can_comment`, `can_message`, `invite_to_community`) VALUES ('80', 'ckuhlman@example.net', '1-337-469-1762x', '', '1970-09-04 06:01:03', 'all', NULL, 'all', 'frends_of_friends');
INSERT INTO `users` (`id`, `email`, `phone`, `pass`, `created_at`, `visible_for`, `can_comment`, `can_message`, `invite_to_community`) VALUES ('81', 'zella61@example.net', '1-256-498-3959x', '', '1984-04-30 10:50:01', 'frends_of_friends', NULL, 'all', 'frends_of_friends');
INSERT INTO `users` (`id`, `email`, `phone`, `pass`, `created_at`, `visible_for`, `can_comment`, `can_message`, `invite_to_community`) VALUES ('82', 'nella.stark@example.com', '214-493-4003x93', '', '2001-06-01 09:46:57', 'friends', NULL, 'all', 'all');
INSERT INTO `users` (`id`, `email`, `phone`, `pass`, `created_at`, `visible_for`, `can_comment`, `can_message`, `invite_to_community`) VALUES ('83', 'erdman.robyn@example.com', '(730)669-0567', '', '1987-09-10 22:02:11', 'frends_of_friends', NULL, 'all', 'friends');
INSERT INTO `users` (`id`, `email`, `phone`, `pass`, `created_at`, `visible_for`, `can_comment`, `can_message`, `invite_to_community`) VALUES ('84', 'ortiz.rahul@example.org', '(828)737-3062x3', '', '1993-07-21 14:07:30', 'friends', NULL, 'frends_of_friends', 'frends_of_friends');
INSERT INTO `users` (`id`, `email`, `phone`, `pass`, `created_at`, `visible_for`, `can_comment`, `can_message`, `invite_to_community`) VALUES ('85', 'vada02@example.com', '+99(4)987927895', '', '1984-03-07 13:48:55', 'frends_of_friends', NULL, 'all', 'frends_of_friends');
INSERT INTO `users` (`id`, `email`, `phone`, `pass`, `created_at`, `visible_for`, `can_comment`, `can_message`, `invite_to_community`) VALUES ('86', 'houston00@example.com', '(827)063-8860', '', '1985-12-20 19:03:04', 'frends_of_friends', NULL, 'all', 'all');
INSERT INTO `users` (`id`, `email`, `phone`, `pass`, `created_at`, `visible_for`, `can_comment`, `can_message`, `invite_to_community`) VALUES ('87', 'laisha08@example.com', '214-802-4032x25', '', '2018-12-30 12:09:17', 'frends_of_friends', NULL, 'friends', 'frends_of_friends');
INSERT INTO `users` (`id`, `email`, `phone`, `pass`, `created_at`, `visible_for`, `can_comment`, `can_message`, `invite_to_community`) VALUES ('88', 'qwiza@example.org', '600.645.5608x84', '', '1999-05-11 07:36:51', 'frends_of_friends', NULL, 'friends', 'all');
INSERT INTO `users` (`id`, `email`, `phone`, `pass`, `created_at`, `visible_for`, `can_comment`, `can_message`, `invite_to_community`) VALUES ('89', 'rsmitham@example.net', '+19(4)899495999', '', '2019-10-27 21:42:34', 'frends_of_friends', NULL, 'frends_of_friends', 'all');
INSERT INTO `users` (`id`, `email`, `phone`, `pass`, `created_at`, `visible_for`, `can_comment`, `can_message`, `invite_to_community`) VALUES ('90', 'gracie.ryan@example.org', '1-307-891-9760', '', '2008-09-17 12:31:17', 'frends_of_friends', NULL, 'frends_of_friends', 'frends_of_friends');
INSERT INTO `users` (`id`, `email`, `phone`, `pass`, `created_at`, `visible_for`, `can_comment`, `can_message`, `invite_to_community`) VALUES ('91', 'alta.trantow@example.net', '1-181-249-4519', '', '1985-12-28 13:28:32', 'all', NULL, 'friends', 'friends');
INSERT INTO `users` (`id`, `email`, `phone`, `pass`, `created_at`, `visible_for`, `can_comment`, `can_message`, `invite_to_community`) VALUES ('92', 'mwillms@example.net', '06110528985', '', '2010-09-25 12:13:23', 'frends_of_friends', NULL, 'all', 'friends');
INSERT INTO `users` (`id`, `email`, `phone`, `pass`, `created_at`, `visible_for`, `can_comment`, `can_message`, `invite_to_community`) VALUES ('93', 'oswaldo.williamson@example.org', '1-938-319-3462x', '', '1989-02-20 06:41:44', 'frends_of_friends', NULL, 'frends_of_friends', 'all');
INSERT INTO `users` (`id`, `email`, `phone`, `pass`, `created_at`, `visible_for`, `can_comment`, `can_message`, `invite_to_community`) VALUES ('94', 'rebeca43@example.org', '937.346.2808', '', '2012-07-13 16:37:18', 'friends', NULL, 'frends_of_friends', 'friends');
INSERT INTO `users` (`id`, `email`, `phone`, `pass`, `created_at`, `visible_for`, `can_comment`, `can_message`, `invite_to_community`) VALUES ('95', 'brando.wintheiser@example.org', '1-406-709-3436x', '', '1994-05-05 14:37:58', 'all', NULL, 'all', 'all');
INSERT INTO `users` (`id`, `email`, `phone`, `pass`, `created_at`, `visible_for`, `can_comment`, `can_message`, `invite_to_community`) VALUES ('96', 'bettie.streich@example.net', '135.925.5573x61', '', '1970-08-31 02:16:45', 'frends_of_friends', NULL, 'all', 'friends');
INSERT INTO `users` (`id`, `email`, `phone`, `pass`, `created_at`, `visible_for`, `can_comment`, `can_message`, `invite_to_community`) VALUES ('97', 'fabiola17@example.net', '05199074430', '', '1975-12-20 02:34:31', 'frends_of_friends', NULL, 'friends', 'friends');
INSERT INTO `users` (`id`, `email`, `phone`, `pass`, `created_at`, `visible_for`, `can_comment`, `can_message`, `invite_to_community`) VALUES ('98', 'cnader@example.net', '1-238-006-7981', '', '2002-12-15 02:43:28', 'friends', NULL, 'all', 'all');
INSERT INTO `users` (`id`, `email`, `phone`, `pass`, `created_at`, `visible_for`, `can_comment`, `can_message`, `invite_to_community`) VALUES ('99', 'roob.carolyn@example.net', '1-523-628-6442x', '', '1990-11-03 16:13:41', 'frends_of_friends', NULL, 'friends', 'friends');
INSERT INTO `users` (`id`, `email`, `phone`, `pass`, `created_at`, `visible_for`, `can_comment`, `can_message`, `invite_to_community`) VALUES ('100', 'isaac02@example.com', '+58(0)377392354', '', '1986-05-21 23:13:00', 'friends', NULL, 'friends', 'frends_of_friends');


#
# TABLE STRUCTURE FOR: users_communities
#

DROP TABLE IF EXISTS `users_communities`;

CREATE TABLE `users_communities` (
  `community_id` bigint(20) unsigned NOT NULL,
  `user_id` bigint(20) unsigned NOT NULL,
  `is_admin` tinyint(1) DEFAULT NULL,
  PRIMARY KEY (`community_id`,`user_id`),
  KEY `user_id` (`user_id`),
  CONSTRAINT `users_communities_ibfk_1` FOREIGN KEY (`user_id`) REFERENCES `profiles` (`user_id`),
  CONSTRAINT `users_communities_ibfk_2` FOREIGN KEY (`community_id`) REFERENCES `communities` (`id`)
) ENGINE=InnoDB DEFAULT CHARSET=utf8 COLLATE=utf8_unicode_ci;

INSERT INTO `users_communities` (`community_id`, `user_id`, `is_admin`) VALUES ('1', '1', 1);
INSERT INTO `users_communities` (`community_id`, `user_id`, `is_admin`) VALUES ('2', '2', 0);
INSERT INTO `users_communities` (`community_id`, `user_id`, `is_admin`) VALUES ('3', '3', 1);
INSERT INTO `users_communities` (`community_id`, `user_id`, `is_admin`) VALUES ('4', '4', 1);
INSERT INTO `users_communities` (`community_id`, `user_id`, `is_admin`) VALUES ('5', '5', 1);
INSERT INTO `users_communities` (`community_id`, `user_id`, `is_admin`) VALUES ('6', '6', 0);
INSERT INTO `users_communities` (`community_id`, `user_id`, `is_admin`) VALUES ('7', '7', 0);
INSERT INTO `users_communities` (`community_id`, `user_id`, `is_admin`) VALUES ('8', '8', 1);
INSERT INTO `users_communities` (`community_id`, `user_id`, `is_admin`) VALUES ('9', '9', 1);
INSERT INTO `users_communities` (`community_id`, `user_id`, `is_admin`) VALUES ('10', '10', 1);
INSERT INTO `users_communities` (`community_id`, `user_id`, `is_admin`) VALUES ('11', '11', 0);
INSERT INTO `users_communities` (`community_id`, `user_id`, `is_admin`) VALUES ('12', '12', 0);
INSERT INTO `users_communities` (`community_id`, `user_id`, `is_admin`) VALUES ('13', '13', 1);
INSERT INTO `users_communities` (`community_id`, `user_id`, `is_admin`) VALUES ('14', '14', 1);
INSERT INTO `users_communities` (`community_id`, `user_id`, `is_admin`) VALUES ('15', '15', 0);
INSERT INTO `users_communities` (`community_id`, `user_id`, `is_admin`) VALUES ('16', '16', 0);
INSERT INTO `users_communities` (`community_id`, `user_id`, `is_admin`) VALUES ('17', '17', 1);
INSERT INTO `users_communities` (`community_id`, `user_id`, `is_admin`) VALUES ('18', '18', 1);
INSERT INTO `users_communities` (`community_id`, `user_id`, `is_admin`) VALUES ('19', '19', 0);
INSERT INTO `users_communities` (`community_id`, `user_id`, `is_admin`) VALUES ('20', '20', 1);
INSERT INTO `users_communities` (`community_id`, `user_id`, `is_admin`) VALUES ('21', '21', 1);
INSERT INTO `users_communities` (`community_id`, `user_id`, `is_admin`) VALUES ('22', '22', 0);
INSERT INTO `users_communities` (`community_id`, `user_id`, `is_admin`) VALUES ('23', '23', 0);
INSERT INTO `users_communities` (`community_id`, `user_id`, `is_admin`) VALUES ('24', '24', 0);
INSERT INTO `users_communities` (`community_id`, `user_id`, `is_admin`) VALUES ('25', '25', 0);
INSERT INTO `users_communities` (`community_id`, `user_id`, `is_admin`) VALUES ('26', '26', 1);
INSERT INTO `users_communities` (`community_id`, `user_id`, `is_admin`) VALUES ('27', '27', 1);
INSERT INTO `users_communities` (`community_id`, `user_id`, `is_admin`) VALUES ('28', '28', 0);
INSERT INTO `users_communities` (`community_id`, `user_id`, `is_admin`) VALUES ('29', '29', 0);
INSERT INTO `users_communities` (`community_id`, `user_id`, `is_admin`) VALUES ('30', '30', 0);
INSERT INTO `users_communities` (`community_id`, `user_id`, `is_admin`) VALUES ('31', '31', 1);
INSERT INTO `users_communities` (`community_id`, `user_id`, `is_admin`) VALUES ('32', '32', 1);
INSERT INTO `users_communities` (`community_id`, `user_id`, `is_admin`) VALUES ('33', '33', 1);
INSERT INTO `users_communities` (`community_id`, `user_id`, `is_admin`) VALUES ('34', '34', 0);
INSERT INTO `users_communities` (`community_id`, `user_id`, `is_admin`) VALUES ('35', '35', 0);
INSERT INTO `users_communities` (`community_id`, `user_id`, `is_admin`) VALUES ('36', '36', 1);
INSERT INTO `users_communities` (`community_id`, `user_id`, `is_admin`) VALUES ('37', '37', 1);
INSERT INTO `users_communities` (`community_id`, `user_id`, `is_admin`) VALUES ('38', '38', 0);
INSERT INTO `users_communities` (`community_id`, `user_id`, `is_admin`) VALUES ('39', '39', 0);
INSERT INTO `users_communities` (`community_id`, `user_id`, `is_admin`) VALUES ('40', '40', 1);
INSERT INTO `users_communities` (`community_id`, `user_id`, `is_admin`) VALUES ('41', '41', 0);
INSERT INTO `users_communities` (`community_id`, `user_id`, `is_admin`) VALUES ('42', '42', 1);
INSERT INTO `users_communities` (`community_id`, `user_id`, `is_admin`) VALUES ('43', '43', 1);
INSERT INTO `users_communities` (`community_id`, `user_id`, `is_admin`) VALUES ('44', '44', 0);
INSERT INTO `users_communities` (`community_id`, `user_id`, `is_admin`) VALUES ('45', '45', 1);
INSERT INTO `users_communities` (`community_id`, `user_id`, `is_admin`) VALUES ('46', '46', 1);
INSERT INTO `users_communities` (`community_id`, `user_id`, `is_admin`) VALUES ('47', '47', 0);
INSERT INTO `users_communities` (`community_id`, `user_id`, `is_admin`) VALUES ('48', '48', 0);
INSERT INTO `users_communities` (`community_id`, `user_id`, `is_admin`) VALUES ('49', '49', 1);
INSERT INTO `users_communities` (`community_id`, `user_id`, `is_admin`) VALUES ('50', '50', 1);
INSERT INTO `users_communities` (`community_id`, `user_id`, `is_admin`) VALUES ('51', '51', 1);
INSERT INTO `users_communities` (`community_id`, `user_id`, `is_admin`) VALUES ('52', '52', 0);
INSERT INTO `users_communities` (`community_id`, `user_id`, `is_admin`) VALUES ('53', '53', 0);
INSERT INTO `users_communities` (`community_id`, `user_id`, `is_admin`) VALUES ('54', '54', 0);
INSERT INTO `users_communities` (`community_id`, `user_id`, `is_admin`) VALUES ('55', '55', 0);
INSERT INTO `users_communities` (`community_id`, `user_id`, `is_admin`) VALUES ('56', '56', 1);
INSERT INTO `users_communities` (`community_id`, `user_id`, `is_admin`) VALUES ('57', '57', 1);
INSERT INTO `users_communities` (`community_id`, `user_id`, `is_admin`) VALUES ('58', '58', 1);
INSERT INTO `users_communities` (`community_id`, `user_id`, `is_admin`) VALUES ('59', '59', 0);
INSERT INTO `users_communities` (`community_id`, `user_id`, `is_admin`) VALUES ('60', '60', 0);
INSERT INTO `users_communities` (`community_id`, `user_id`, `is_admin`) VALUES ('61', '61', 1);
INSERT INTO `users_communities` (`community_id`, `user_id`, `is_admin`) VALUES ('62', '62', 0);
INSERT INTO `users_communities` (`community_id`, `user_id`, `is_admin`) VALUES ('63', '63', 0);
INSERT INTO `users_communities` (`community_id`, `user_id`, `is_admin`) VALUES ('64', '64', 0);
INSERT INTO `users_communities` (`community_id`, `user_id`, `is_admin`) VALUES ('65', '65', 1);
INSERT INTO `users_communities` (`community_id`, `user_id`, `is_admin`) VALUES ('66', '66', 1);
INSERT INTO `users_communities` (`community_id`, `user_id`, `is_admin`) VALUES ('67', '67', 1);
INSERT INTO `users_communities` (`community_id`, `user_id`, `is_admin`) VALUES ('68', '68', 1);
INSERT INTO `users_communities` (`community_id`, `user_id`, `is_admin`) VALUES ('69', '69', 1);
INSERT INTO `users_communities` (`community_id`, `user_id`, `is_admin`) VALUES ('70', '70', 0);
INSERT INTO `users_communities` (`community_id`, `user_id`, `is_admin`) VALUES ('71', '71', 1);
INSERT INTO `users_communities` (`community_id`, `user_id`, `is_admin`) VALUES ('72', '72', 1);
INSERT INTO `users_communities` (`community_id`, `user_id`, `is_admin`) VALUES ('73', '73', 1);
INSERT INTO `users_communities` (`community_id`, `user_id`, `is_admin`) VALUES ('74', '74', 0);
INSERT INTO `users_communities` (`community_id`, `user_id`, `is_admin`) VALUES ('75', '75', 0);
INSERT INTO `users_communities` (`community_id`, `user_id`, `is_admin`) VALUES ('76', '76', 1);
INSERT INTO `users_communities` (`community_id`, `user_id`, `is_admin`) VALUES ('77', '77', 0);
INSERT INTO `users_communities` (`community_id`, `user_id`, `is_admin`) VALUES ('78', '78', 1);
INSERT INTO `users_communities` (`community_id`, `user_id`, `is_admin`) VALUES ('79', '79', 0);
INSERT INTO `users_communities` (`community_id`, `user_id`, `is_admin`) VALUES ('80', '80', 0);
INSERT INTO `users_communities` (`community_id`, `user_id`, `is_admin`) VALUES ('81', '81', 1);
INSERT INTO `users_communities` (`community_id`, `user_id`, `is_admin`) VALUES ('82', '82', 0);
INSERT INTO `users_communities` (`community_id`, `user_id`, `is_admin`) VALUES ('83', '83', 1);
INSERT INTO `users_communities` (`community_id`, `user_id`, `is_admin`) VALUES ('84', '84', 1);
INSERT INTO `users_communities` (`community_id`, `user_id`, `is_admin`) VALUES ('85', '85', 0);
INSERT INTO `users_communities` (`community_id`, `user_id`, `is_admin`) VALUES ('86', '86', 0);
INSERT INTO `users_communities` (`community_id`, `user_id`, `is_admin`) VALUES ('87', '87', 0);
INSERT INTO `users_communities` (`community_id`, `user_id`, `is_admin`) VALUES ('88', '88', 1);
INSERT INTO `users_communities` (`community_id`, `user_id`, `is_admin`) VALUES ('89', '89', 1);
INSERT INTO `users_communities` (`community_id`, `user_id`, `is_admin`) VALUES ('90', '90', 0);
INSERT INTO `users_communities` (`community_id`, `user_id`, `is_admin`) VALUES ('91', '91', 1);
INSERT INTO `users_communities` (`community_id`, `user_id`, `is_admin`) VALUES ('92', '92', 1);
INSERT INTO `users_communities` (`community_id`, `user_id`, `is_admin`) VALUES ('93', '93', 0);
INSERT INTO `users_communities` (`community_id`, `user_id`, `is_admin`) VALUES ('94', '94', 1);
INSERT INTO `users_communities` (`community_id`, `user_id`, `is_admin`) VALUES ('95', '95', 1);
INSERT INTO `users_communities` (`community_id`, `user_id`, `is_admin`) VALUES ('96', '96', 0);
INSERT INTO `users_communities` (`community_id`, `user_id`, `is_admin`) VALUES ('97', '97', 0);
INSERT INTO `users_communities` (`community_id`, `user_id`, `is_admin`) VALUES ('98', '98', 0);
INSERT INTO `users_communities` (`community_id`, `user_id`, `is_admin`) VALUES ('99', '99', 0);
INSERT INTO `users_communities` (`community_id`, `user_id`, `is_admin`) VALUES ('100', '100', 1);


