use vk;


#
# TABLE STRUCTURE FOR: comments
#

DROP TABLE IF EXISTS `comments`;

CREATE TABLE `comments` (
  `id` bigint(20) unsigned NOT NULL AUTO_INCREMENT,
  `user_id` bigint(20) unsigned NOT NULL,
  `post_id` bigint(20) unsigned NOT NULL,
  `body` text COLLATE utf8_unicode_ci DEFAULT NULL,
  `created_at` datetime DEFAULT current_timestamp(),
  `updated_at` datetime DEFAULT current_timestamp() ON UPDATE current_timestamp(),
  PRIMARY KEY (`id`),
  KEY `user_id` (`user_id`),
  KEY `post_id` (`post_id`),
  CONSTRAINT `comments_ibfk_1` FOREIGN KEY (`user_id`) REFERENCES `profiles` (`user_id`),
  CONSTRAINT `comments_ibfk_2` FOREIGN KEY (`post_id`) REFERENCES `posts` (`id`)
) ENGINE=InnoDB AUTO_INCREMENT=101 DEFAULT CHARSET=utf8 COLLATE=utf8_unicode_ci;

INSERT INTO `comments` (`id`, `user_id`, `post_id`, `body`, `created_at`, `updated_at`) VALUES ('1', '1', '01', 'Vel nulla voluptas beatae aut. Magnam quia facilis quod repudiandae porro velit exercitationem.', '1990-02-11 13:17:34', '1976-11-25 09:22:16');
INSERT INTO `comments` (`id`, `user_id`, `post_id`, `body`, `created_at`, `updated_at`) VALUES ('2', '2', '202', 'Esse delectus culpa necessitatibus quia consequatur aliquid facilis et. Dolor et reiciendis unde eius quod. Aut voluptatem doloribus totam consequuntur sint porro rerum.', '1979-07-05 09:51:50', '2018-02-28 15:48:58');
INSERT INTO `comments` (`id`, `user_id`, `post_id`, `body`, `created_at`, `updated_at`) VALUES ('3', '3', '203', 'Perspiciatis dolores consequatur dolorem pariatur laboriosam sed. Perspiciatis labore quasi est velit. Aut et tenetur voluptas dolores. Cum est inventore accusantium veniam ut.', '1991-08-02 11:43:09', '1999-03-28 17:27:52');
INSERT INTO `comments` (`id`, `user_id`, `post_id`, `body`, `created_at`, `updated_at`) VALUES ('4', '4', '204', 'Temporibus reiciendis eius cumque ut nisi sunt. In error quasi sequi et vitae expedita. Voluptate sed praesentium temporibus corporis soluta.', '1982-12-20 09:55:09', '2012-10-22 02:12:28');
INSERT INTO `comments` (`id`, `user_id`, `post_id`, `body`, `created_at`, `updated_at`) VALUES ('5', '5', '205', 'Quae alias quod eum. Est omnis eveniet quis dolor dolorum.', '1979-10-03 15:18:31', '1988-05-12 14:12:01');
INSERT INTO `comments` (`id`, `user_id`, `post_id`, `body`, `created_at`, `updated_at`) VALUES ('6', '6', '206', 'Voluptatem ut perferendis quo voluptatibus aut aliquid. Quia veniam perferendis quis nemo odio ducimus natus atque. Sed neque possimus reiciendis impedit ut quia fugiat repudiandae. Nemo qui esse ut nihil vitae voluptatem placeat reprehenderit.', '1997-06-22 11:18:42', '2004-11-26 20:09:01');
INSERT INTO `comments` (`id`, `user_id`, `post_id`, `body`, `created_at`, `updated_at`) VALUES ('7', '7', '207', 'Voluptatem quis voluptas placeat et dolores facere expedita et. In iste corporis similique. Rerum ex ut esse nam cum perferendis assumenda. Eos temporibus deleniti tempore nemo eum fuga.', '2001-11-09 18:41:51', '1978-01-04 18:42:04');
INSERT INTO `comments` (`id`, `user_id`, `post_id`, `body`, `created_at`, `updated_at`) VALUES ('8', '8', '208', 'Nostrum soluta placeat non dignissimos tempora sit aspernatur natus. Fugit maiores magni sed quisquam ea nulla consequatur. Architecto sequi nesciunt incidunt vitae ipsum sequi maiores quaerat.', '1998-08-13 01:12:15', '1997-02-08 16:29:13');
INSERT INTO `comments` (`id`, `user_id`, `post_id`, `body`, `created_at`, `updated_at`) VALUES ('9', '9', '209', 'Sed sint quia quia quas assumenda earum odit. Et quod recusandae et nobis unde incidunt. Voluptas autem tempore aperiam illum.', '2001-07-13 10:13:44', '1994-10-31 14:23:24');
INSERT INTO `comments` (`id`, `user_id`, `post_id`, `body`, `created_at`, `updated_at`) VALUES ('10', '10', '210', 'Qui omnis explicabo omnis. Quia vel voluptas aut quod provident aspernatur. Sit aut sunt facilis saepe est. Fuga ut dignissimos repudiandae voluptatem.', '2014-10-25 12:31:51', '2015-04-23 09:30:18');
INSERT INTO `comments` (`id`, `user_id`, `post_id`, `body`, `created_at`, `updated_at`) VALUES ('11', '11', '211', 'Maiores velit qui quaerat fugit saepe non vero sunt. Corrupti non sed exercitationem et rerum magni vel. Sunt non hic porro corrupti et quisquam aut.', '1989-12-24 02:08:05', '1996-08-30 08:49:45');
INSERT INTO `comments` (`id`, `user_id`, `post_id`, `body`, `created_at`, `updated_at`) VALUES ('12', '12', '212', 'Deserunt excepturi recusandae repudiandae qui vel nihil quam. Voluptas alias in suscipit dolorem. A temporibus aut est provident omnis.', '1984-03-03 02:22:16', '2016-08-24 13:01:13');
INSERT INTO `comments` (`id`, `user_id`, `post_id`, `body`, `created_at`, `updated_at`) VALUES ('13', '13', '213', 'Vero error alias ut accusamus dolor eum. Et voluptatem iusto qui voluptatem eveniet aut quas.', '2013-06-30 15:34:22', '1991-09-29 22:37:59');
INSERT INTO `comments` (`id`, `user_id`, `post_id`, `body`, `created_at`, `updated_at`) VALUES ('14', '14', '214', 'Sed porro ipsam laboriosam voluptas. Nisi tempora reprehenderit hic dolore qui id ea. Possimus neque nam perspiciatis rerum accusantium error eum quasi.', '2005-02-14 21:23:18', '1989-05-01 11:29:04');
INSERT INTO `comments` (`id`, `user_id`, `post_id`, `body`, `created_at`, `updated_at`) VALUES ('15', '15', '215', 'Similique quasi ut ad. Possimus molestiae maiores consectetur facere a non perferendis velit. Eos id est asperiores consequatur non. Excepturi dolor temporibus quas.', '2013-10-09 03:18:58', '1970-07-18 02:42:09');
INSERT INTO `comments` (`id`, `user_id`, `post_id`, `body`, `created_at`, `updated_at`) VALUES ('16', '16', '216', 'Ut error quo quo labore vero quia. Eligendi accusantium hic beatae qui id eaque. Nihil tempora harum sint illo.', '2011-06-19 20:50:01', '1987-04-23 06:56:32');
INSERT INTO `comments` (`id`, `user_id`, `post_id`, `body`, `created_at`, `updated_at`) VALUES ('17', '17', '217', 'Doloremque ratione dolor iusto quas ad ut voluptatem. Animi saepe aut tenetur vel natus saepe. Temporibus reprehenderit et sit laudantium. Eum velit vero tempora ea et.', '1997-06-05 19:28:11', '2011-12-24 04:00:22');
INSERT INTO `comments` (`id`, `user_id`, `post_id`, `body`, `created_at`, `updated_at`) VALUES ('18', '18', '218', 'Suscipit quas vel cum non. Non iusto aut sit commodi qui hic placeat.', '1993-07-01 07:34:37', '1990-12-26 01:29:57');
INSERT INTO `comments` (`id`, `user_id`, `post_id`, `body`, `created_at`, `updated_at`) VALUES ('19', '19', '219', 'Illo praesentium iure beatae dolorem excepturi vero molestias. Illum quasi repellendus autem nihil quia. Libero labore voluptate fugit maxime.', '2004-05-24 00:37:08', '1993-08-04 13:36:29');
INSERT INTO `comments` (`id`, `user_id`, `post_id`, `body`, `created_at`, `updated_at`) VALUES ('20', '20', '220', 'Non non voluptas enim. Enim quidem consequuntur consequatur.', '2011-01-05 22:11:56', '1971-11-27 10:49:29');
INSERT INTO `comments` (`id`, `user_id`, `post_id`, `body`, `created_at`, `updated_at`) VALUES ('21', '21', '221', 'Aut aut omnis voluptatem facere occaecati. In aut facere ad earum quia. Ab nihil animi tenetur corporis ipsum ea.', '1998-07-16 04:51:00', '1973-02-24 20:46:05');
INSERT INTO `comments` (`id`, `user_id`, `post_id`, `body`, `created_at`, `updated_at`) VALUES ('22', '22', '222', 'Omnis labore pariatur sapiente provident non recusandae. Perspiciatis voluptas fugiat sed id. Saepe ex dolores qui. Quam iusto nihil animi nemo iure.', '1977-05-05 23:37:20', '1990-07-18 14:09:33');
INSERT INTO `comments` (`id`, `user_id`, `post_id`, `body`, `created_at`, `updated_at`) VALUES ('23', '23', '223', 'Dicta at vel dolore sequi. Ut possimus possimus porro necessitatibus autem. Accusantium rerum omnis earum rem nulla voluptas eos. Nesciunt quisquam quo consectetur perferendis quis voluptate. Nulla pariatur consequatur animi incidunt facilis aliquid architecto.', '2005-05-21 10:39:04', '2015-07-19 09:49:16');
INSERT INTO `comments` (`id`, `user_id`, `post_id`, `body`, `created_at`, `updated_at`) VALUES ('24', '24', '224', 'Quo aliquid error expedita laborum perferendis. Necessitatibus ea eveniet ipsam ut. Doloribus sequi earum dolorum ipsum voluptas vitae doloribus. Aut assumenda enim placeat tenetur et minus necessitatibus sit. Ut ratione possimus doloribus sapiente fuga minima et odio.', '2012-12-30 11:54:13', '2011-08-08 21:49:26');
INSERT INTO `comments` (`id`, `user_id`, `post_id`, `body`, `created_at`, `updated_at`) VALUES ('25', '25', '225', 'Sit expedita nulla consequatur optio est consequatur ea. Non assumenda exercitationem vitae enim unde dolor. Et perspiciatis occaecati rerum in amet quibusdam architecto. Enim iusto vero necessitatibus recusandae aut id doloribus.', '2019-05-08 15:22:45', '1986-11-04 12:27:16');
INSERT INTO `comments` (`id`, `user_id`, `post_id`, `body`, `created_at`, `updated_at`) VALUES ('26', '26', '226', 'Beatae repellat nihil harum. Quasi facere molestias deleniti natus accusamus magni ut laudantium. Veritatis eius culpa nobis consequatur quia ut.', '1985-07-21 08:33:52', '1998-08-26 22:55:52');
INSERT INTO `comments` (`id`, `user_id`, `post_id`, `body`, `created_at`, `updated_at`) VALUES ('27', '27', '227', 'Veniam molestiae aspernatur nihil et ut ab. Autem quia est explicabo explicabo ipsum. Iure est minima aut quibusdam.', '2001-03-19 01:32:53', '1987-06-06 16:13:28');
INSERT INTO `comments` (`id`, `user_id`, `post_id`, `body`, `created_at`, `updated_at`) VALUES ('28', '28', '228', 'Quod iusto sunt ipsa quia facere. Nulla dolor quos perferendis fugiat ut maxime est. Aliquam omnis earum et eum labore quas suscipit. Perspiciatis expedita consequuntur incidunt sit.', '1992-02-13 16:37:53', '1988-12-14 03:37:52');
INSERT INTO `comments` (`id`, `user_id`, `post_id`, `body`, `created_at`, `updated_at`) VALUES ('29', '29', '229', 'Quisquam rem debitis fugiat adipisci. Fugit est et quae est libero sed. Et ipsam quidem aliquid enim. Et qui dolores mollitia placeat.', '1987-01-16 04:20:04', '1988-05-11 07:15:46');
INSERT INTO `comments` (`id`, `user_id`, `post_id`, `body`, `created_at`, `updated_at`) VALUES ('30', '30', '230', 'Quibusdam blanditiis ipsam temporibus facere. Aspernatur delectus sunt corporis ea earum eum veniam. Dignissimos a quia dolorem sit. Ut quas amet sunt.', '1978-06-16 12:53:13', '2000-11-20 13:07:49');
INSERT INTO `comments` (`id`, `user_id`, `post_id`, `body`, `created_at`, `updated_at`) VALUES ('31', '31', '231', 'Omnis officia labore laborum quia suscipit iste id. Sunt tempora eligendi earum est eaque excepturi deserunt nihil. Eveniet est neque alias aliquid perspiciatis.', '1990-02-21 10:53:08', '1990-12-01 21:19:25');
INSERT INTO `comments` (`id`, `user_id`, `post_id`, `body`, `created_at`, `updated_at`) VALUES ('32', '32', '232', 'Quaerat reprehenderit mollitia laborum fugiat in. Ex officiis pariatur deserunt velit consequuntur expedita culpa. Earum eos nisi ratione sapiente voluptas.', '1974-11-24 21:36:55', '2011-04-08 02:32:25');
INSERT INTO `comments` (`id`, `user_id`, `post_id`, `body`, `created_at`, `updated_at`) VALUES ('33', '33', '233', 'Necessitatibus ut debitis libero. Voluptatibus est quo officia itaque sapiente quas quis. Cum autem qui cupiditate excepturi. Dicta quasi et placeat dolores perspiciatis ut eligendi.', '1985-03-12 17:22:55', '1999-01-17 11:00:46');
INSERT INTO `comments` (`id`, `user_id`, `post_id`, `body`, `created_at`, `updated_at`) VALUES ('34', '34', '234', 'Et voluptas neque et commodi qui id quia. In amet qui laborum error. Ipsam consequatur inventore eos eos doloribus.', '1997-10-26 23:43:40', '2009-07-09 00:14:17');
INSERT INTO `comments` (`id`, `user_id`, `post_id`, `body`, `created_at`, `updated_at`) VALUES ('35', '35', '235', 'Doloribus et alias in repellendus doloremque. Magnam corrupti dolor aspernatur. Debitis dolorem consequatur qui quas beatae adipisci. Soluta et non hic.', '1973-02-28 13:24:36', '1978-05-18 18:19:03');
INSERT INTO `comments` (`id`, `user_id`, `post_id`, `body`, `created_at`, `updated_at`) VALUES ('36', '36', '236', 'Optio omnis expedita deserunt dolore. Libero et dolores blanditiis accusantium enim accusantium beatae. Illum ad aliquid perferendis provident dignissimos quasi occaecati. Quis unde odit quia maxime maxime exercitationem.', '2009-01-18 22:02:14', '1999-04-02 06:00:47');
INSERT INTO `comments` (`id`, `user_id`, `post_id`, `body`, `created_at`, `updated_at`) VALUES ('37', '37', '237', 'Esse quaerat culpa optio quam. Velit tempora voluptas veniam quia ea vitae accusantium. Et beatae velit assumenda minima.', '1983-07-27 02:03:11', '1988-03-17 02:37:13');
INSERT INTO `comments` (`id`, `user_id`, `post_id`, `body`, `created_at`, `updated_at`) VALUES ('38', '38', '238', 'Veniam voluptas enim vitae quibusdam minus autem est consequatur. Iure excepturi qui et. Quaerat et modi natus dolorum voluptate reprehenderit in vel.', '2017-08-09 22:43:33', '1999-12-02 09:06:12');
INSERT INTO `comments` (`id`, `user_id`, `post_id`, `body`, `created_at`, `updated_at`) VALUES ('39', '39', '239', 'Voluptatem itaque commodi aut quod nesciunt eum sed. Corporis recusandae eaque adipisci et ullam. Amet sed itaque laborum et dolores dignissimos.', '1980-09-10 17:07:08', '2003-01-18 07:17:54');
INSERT INTO `comments` (`id`, `user_id`, `post_id`, `body`, `created_at`, `updated_at`) VALUES ('40', '40', '240', 'Minima atque dolorum aut. Velit atque esse ut labore ipsa. Magnam minima enim accusantium ullam et.', '2020-04-10 18:11:07', '2002-03-08 00:25:45');
INSERT INTO `comments` (`id`, `user_id`, `post_id`, `body`, `created_at`, `updated_at`) VALUES ('41', '41', '241', 'Sunt vel tempora earum delectus eveniet voluptatem explicabo. Quo reprehenderit fugiat nostrum nisi consequatur fugiat. Dolores reiciendis voluptatem eos sunt sequi dignissimos distinctio.', '2000-10-19 17:21:37', '2008-08-25 02:53:09');
INSERT INTO `comments` (`id`, `user_id`, `post_id`, `body`, `created_at`, `updated_at`) VALUES ('42', '42', '242', 'Et id omnis quia enim. Reprehenderit aut dignissimos nemo reiciendis esse. Qui odit laudantium recusandae aliquam. Eos iure amet sint consequatur.', '1987-03-20 21:44:48', '1989-01-20 22:04:34');
INSERT INTO `comments` (`id`, `user_id`, `post_id`, `body`, `created_at`, `updated_at`) VALUES ('43', '43', '243', 'Maxime vel cupiditate esse harum nulla eos et. Commodi quia quisquam quam provident.', '1976-05-29 11:42:13', '1971-01-18 14:46:53');
INSERT INTO `comments` (`id`, `user_id`, `post_id`, `body`, `created_at`, `updated_at`) VALUES ('44', '44', '244', 'Repudiandae dolorum ullam sunt ullam cum. Nihil iure similique non ea illum. Aut accusantium commodi perferendis enim nobis quod velit.', '2010-12-31 13:27:32', '1971-10-23 02:05:30');
INSERT INTO `comments` (`id`, `user_id`, `post_id`, `body`, `created_at`, `updated_at`) VALUES ('45', '45', '245', 'Excepturi doloribus quia nisi. Dolorem culpa distinctio unde dolorem dolor atque quam est. Nobis quia aliquam ipsam excepturi atque fuga. Maxime odit voluptatem qui recusandae expedita.', '1987-10-15 14:11:23', '2001-06-20 14:55:27');
INSERT INTO `comments` (`id`, `user_id`, `post_id`, `body`, `created_at`, `updated_at`) VALUES ('46', '46', '246', 'Voluptas modi minima et in. Ducimus quam explicabo provident. Consequuntur soluta deleniti tempore voluptates accusantium. Velit inventore eos ut vel dolorem praesentium.', '1995-05-07 13:21:17', '1975-10-12 20:20:24');
INSERT INTO `comments` (`id`, `user_id`, `post_id`, `body`, `created_at`, `updated_at`) VALUES ('47', '47', '247', 'Est qui atque magnam quos excepturi. Dolor ipsa enim ullam perferendis deleniti ipsa. Harum dolorem sit aut quidem rerum distinctio culpa. Autem voluptatem non eius exercitationem temporibus non sunt.', '2020-02-12 19:00:47', '1979-09-23 04:18:19');
INSERT INTO `comments` (`id`, `user_id`, `post_id`, `body`, `created_at`, `updated_at`) VALUES ('48', '48', '248', 'Ullam hic dolores aut sunt. Eos qui modi deserunt non nobis reiciendis accusantium aperiam. Voluptates unde error praesentium officiis voluptas.', '1981-06-01 12:47:56', '1989-07-31 11:11:26');
INSERT INTO `comments` (`id`, `user_id`, `post_id`, `body`, `created_at`, `updated_at`) VALUES ('49', '49', '249', 'Omnis ullam pariatur dolorem voluptate. Repellat doloremque ipsam praesentium. Excepturi officia ducimus aut sint voluptates iure nisi. Vitae deserunt quia harum.', '2014-09-11 03:12:11', '1979-07-01 12:14:04');
INSERT INTO `comments` (`id`, `user_id`, `post_id`, `body`, `created_at`, `updated_at`) VALUES ('50', '50', '250', 'Distinctio repellendus earum qui quia vero enim. Tenetur natus molestiae ad sit velit vel. In ut autem consequatur. Mollitia rerum deserunt omnis voluptatem consequatur non.', '2000-08-06 22:34:40', '2020-06-07 01:55:16');
INSERT INTO `comments` (`id`, `user_id`, `post_id`, `body`, `created_at`, `updated_at`) VALUES ('51', '51', '251', 'Voluptatum dolores sed consectetur dolores cupiditate excepturi in. Dignissimos et porro consectetur sapiente ab suscipit velit. Consequuntur consequatur odio neque aut error.', '1985-02-22 23:09:15', '1989-02-15 05:00:16');
INSERT INTO `comments` (`id`, `user_id`, `post_id`, `body`, `created_at`, `updated_at`) VALUES ('52', '52', '252', 'Eum deserunt accusantium quaerat. Velit ratione sapiente dolor omnis eius excepturi. Iure velit ipsum praesentium quia nisi. Est voluptatum officiis quis iusto asperiores praesentium maxime.', '2016-06-24 11:42:00', '1981-04-25 20:50:27');
INSERT INTO `comments` (`id`, `user_id`, `post_id`, `body`, `created_at`, `updated_at`) VALUES ('53', '53', '253', 'Non impedit est rem numquam suscipit in aliquam tempore. Velit aliquid ut quae nesciunt. Aut consequuntur omnis quisquam minus enim amet.', '2017-11-10 13:22:03', '1970-11-22 16:14:28');
INSERT INTO `comments` (`id`, `user_id`, `post_id`, `body`, `created_at`, `updated_at`) VALUES ('54', '54', '254', 'Voluptatem veniam maiores distinctio assumenda non. Facere dolores dolore sit voluptatibus. Quia et enim voluptas quisquam consequatur recusandae sed sapiente. Expedita quis quisquam reprehenderit facere asperiores quasi non.', '2004-06-17 03:44:49', '1998-08-03 21:51:21');
INSERT INTO `comments` (`id`, `user_id`, `post_id`, `body`, `created_at`, `updated_at`) VALUES ('55', '55', '255', 'Enim ipsum dolorum dolorem quas. Error officia et quaerat dolor. Consequatur laudantium aut ab delectus et vel.', '1974-07-31 16:34:32', '1980-02-07 06:24:06');
INSERT INTO `comments` (`id`, `user_id`, `post_id`, `body`, `created_at`, `updated_at`) VALUES ('56', '56', '256', 'Quia optio consequatur quasi nemo saepe possimus. Tempora nihil dolores voluptatem fugiat occaecati aspernatur. Accusantium in nemo aliquid sint ut corporis omnis. Rerum consequuntur ipsa molestiae molestiae.', '1995-10-14 16:30:12', '1973-08-09 11:33:55');
INSERT INTO `comments` (`id`, `user_id`, `post_id`, `body`, `created_at`, `updated_at`) VALUES ('57', '57', '257', 'Quo eos aut molestiae nobis et. Accusantium ut neque quo commodi dicta ut sint rerum. Fugiat rerum repudiandae iusto recusandae itaque. Amet commodi minus minus voluptatum odit hic tempore. Vel aut aut qui impedit recusandae.', '1974-11-24 19:15:07', '1991-03-17 13:35:28');
INSERT INTO `comments` (`id`, `user_id`, `post_id`, `body`, `created_at`, `updated_at`) VALUES ('58', '58', '258', 'Eos illo expedita sint dolorem fugit culpa placeat. Sint labore veritatis ut sed. Laboriosam ut voluptatibus ut itaque in similique. Illum repellat soluta sit illum doloremque qui odio vitae.', '1984-07-02 20:57:29', '1998-01-09 14:39:24');
INSERT INTO `comments` (`id`, `user_id`, `post_id`, `body`, `created_at`, `updated_at`) VALUES ('59', '59', '259', 'Eos omnis est iste vel quaerat. Dolor voluptatum tenetur magni. Est a fugiat iusto necessitatibus.', '1995-08-10 06:11:39', '1991-01-28 23:29:55');
INSERT INTO `comments` (`id`, `user_id`, `post_id`, `body`, `created_at`, `updated_at`) VALUES ('60', '60', '260', 'Voluptatem ex exercitationem eius assumenda voluptatem qui. Provident omnis saepe occaecati commodi et saepe quaerat. Eum neque ut voluptas officia illum et.', '1973-04-14 06:15:52', '2018-09-23 09:55:46');
INSERT INTO `comments` (`id`, `user_id`, `post_id`, `body`, `created_at`, `updated_at`) VALUES ('61', '61', '261', 'Enim quasi incidunt amet itaque molestias vel in. Aut placeat repudiandae et magnam hic. Voluptas quam repudiandae asperiores rerum quia enim tenetur. Harum sint enim ipsum beatae iusto totam doloremque.', '2010-04-12 18:09:04', '1986-05-05 11:24:33');
INSERT INTO `comments` (`id`, `user_id`, `post_id`, `body`, `created_at`, `updated_at`) VALUES ('62', '62', '262', 'Asperiores delectus enim ut sequi natus consequuntur iure. Aperiam ut et sint laudantium.', '2007-05-18 23:34:46', '1995-08-01 13:08:36');
INSERT INTO `comments` (`id`, `user_id`, `post_id`, `body`, `created_at`, `updated_at`) VALUES ('63', '63', '263', 'Tempora earum sit corporis aut. Autem cupiditate dolore deleniti dignissimos. Rerum accusantium nobis quidem sint voluptatem ipsam atque qui. Aut non vel impedit voluptatem enim sit voluptates.', '2002-01-11 02:04:22', '2007-08-03 13:47:23');
INSERT INTO `comments` (`id`, `user_id`, `post_id`, `body`, `created_at`, `updated_at`) VALUES ('64', '64', '264', 'Quia sequi itaque labore. Aut nesciunt tempore odio cum. Quod at quis exercitationem accusantium ut repellat consequatur. Quidem tenetur minima sequi vitae.', '1983-03-21 07:06:15', '1976-12-26 04:53:57');
INSERT INTO `comments` (`id`, `user_id`, `post_id`, `body`, `created_at`, `updated_at`) VALUES ('65', '65', '265', 'Autem dolorem ut labore. Architecto id atque quaerat sit eaque. Tempora sed rerum sequi. Aut aspernatur accusantium libero quia quas odio.', '1980-08-14 05:47:53', '2003-09-07 14:21:17');
INSERT INTO `comments` (`id`, `user_id`, `post_id`, `body`, `created_at`, `updated_at`) VALUES ('66', '66', '266', 'Quos molestiae sit repellat possimus corporis. Omnis sapiente eos voluptas itaque vero vel ex. Tenetur maxime qui qui est inventore amet commodi.', '1993-12-25 17:18:06', '1998-06-10 10:26:48');
INSERT INTO `comments` (`id`, `user_id`, `post_id`, `body`, `created_at`, `updated_at`) VALUES ('67', '67', '267', 'Nulla ut vero dolores similique. Reiciendis sunt enim rerum qui reiciendis blanditiis quas labore. Doloribus et quae quia dolorum repudiandae fugiat accusamus qui.', '2000-12-03 05:45:26', '2004-06-30 09:34:50');
INSERT INTO `comments` (`id`, `user_id`, `post_id`, `body`, `created_at`, `updated_at`) VALUES ('68', '68', '268', 'Doloribus porro quo aliquid at ea dolor quo. Molestias officiis suscipit vitae.', '2014-05-09 21:55:48', '2001-12-31 03:44:17');
INSERT INTO `comments` (`id`, `user_id`, `post_id`, `body`, `created_at`, `updated_at`) VALUES ('69', '69', '269', 'Exercitationem in voluptatem dolorem. Earum nesciunt tenetur molestiae ea neque maiores.', '1971-07-10 05:40:28', '2011-07-02 03:01:36');
INSERT INTO `comments` (`id`, `user_id`, `post_id`, `body`, `created_at`, `updated_at`) VALUES ('70', '70', '270', 'Deserunt ut quia non perspiciatis dolorum consequatur ullam. Sequi quia veniam consequuntur quis. Culpa ut quod error cumque optio quas.', '2005-05-22 12:24:12', '2008-05-09 10:28:14');
INSERT INTO `comments` (`id`, `user_id`, `post_id`, `body`, `created_at`, `updated_at`) VALUES ('71', '71', '271', 'Et enim sit quasi fuga consequatur ipsum. Incidunt ea praesentium doloribus velit. Explicabo labore est soluta consequatur dicta qui. Dignissimos numquam laborum quo corporis ut.', '1982-12-22 16:16:35', '1993-10-05 15:10:19');
INSERT INTO `comments` (`id`, `user_id`, `post_id`, `body`, `created_at`, `updated_at`) VALUES ('72', '72', '272', 'Dolore fugiat aut qui qui. Omnis sit minima est et voluptas qui ipsam. Voluptates ipsam beatae explicabo recusandae non itaque. Doloribus dolorem culpa ipsum deserunt ut. Eaque quod nostrum quos.', '2015-02-16 04:44:05', '1985-03-20 16:27:20');
INSERT INTO `comments` (`id`, `user_id`, `post_id`, `body`, `created_at`, `updated_at`) VALUES ('73', '73', '273', 'Nostrum qui impedit sint ut aut explicabo ex. Necessitatibus incidunt quasi non tenetur aut ea. Quia nihil ut porro voluptate cupiditate mollitia.', '1982-07-25 13:10:52', '1996-08-09 12:58:59');
INSERT INTO `comments` (`id`, `user_id`, `post_id`, `body`, `created_at`, `updated_at`) VALUES ('74', '74', '274', 'Expedita numquam sit suscipit est fuga. Aut tenetur laboriosam iste voluptatibus. Est et odit voluptatum omnis praesentium. Sunt sit in sint eum.', '2019-09-08 17:47:52', '1973-07-22 11:19:23');
INSERT INTO `comments` (`id`, `user_id`, `post_id`, `body`, `created_at`, `updated_at`) VALUES ('75', '75', '275', 'Ratione beatae voluptas quis. Non sunt earum delectus non pariatur aliquid cum. Officia dolorem animi qui architecto velit corrupti ut. Placeat sunt quibusdam fugit facere.', '1993-08-12 10:36:29', '1986-01-06 13:17:52');
INSERT INTO `comments` (`id`, `user_id`, `post_id`, `body`, `created_at`, `updated_at`) VALUES ('76', '76', '276', 'Possimus sit cupiditate aut tempora est. Nesciunt blanditiis magni non reiciendis. Necessitatibus quia sed hic et nemo officiis doloribus.', '1996-10-07 23:30:14', '1994-07-22 05:23:31');
INSERT INTO `comments` (`id`, `user_id`, `post_id`, `body`, `created_at`, `updated_at`) VALUES ('77', '77', '277', 'Qui distinctio blanditiis quam atque ea quaerat nam. Aut doloribus ducimus aut mollitia ratione vero. Officiis et consectetur quos voluptas eveniet sed. Illo deserunt fugit debitis ipsam officia aliquid blanditiis.', '2013-04-02 18:18:52', '2013-01-10 09:46:00');
INSERT INTO `comments` (`id`, `user_id`, `post_id`, `body`, `created_at`, `updated_at`) VALUES ('78', '78', '278', 'Molestiae alias et qui. Quidem aut expedita ipsum. Molestias perspiciatis ducimus sit dicta consequuntur maiores. Vel omnis voluptates incidunt adipisci blanditiis harum officia.', '1983-01-23 16:52:44', '1990-10-04 09:46:08');
INSERT INTO `comments` (`id`, `user_id`, `post_id`, `body`, `created_at`, `updated_at`) VALUES ('79', '79', '279', 'Perferendis atque exercitationem dolores temporibus. Eos voluptatem illo vel nisi sit minus et. Libero ducimus et similique.', '2013-08-05 06:35:44', '1973-12-03 12:09:05');
INSERT INTO `comments` (`id`, `user_id`, `post_id`, `body`, `created_at`, `updated_at`) VALUES ('80', '80', '280', 'Animi modi nulla sapiente eos dolorem minima est aut. Dolor est odio et doloremque necessitatibus. Voluptatem et nihil modi quis quia voluptatem. Nam dignissimos esse ad expedita quae illum.', '1995-07-06 12:41:28', '2003-08-02 06:00:59');
INSERT INTO `comments` (`id`, `user_id`, `post_id`, `body`, `created_at`, `updated_at`) VALUES ('81', '81', '281', 'Et minima ducimus explicabo fugiat consequatur asperiores est aliquam. Voluptatem dolores autem quae ratione alias omnis. Neque ad ea culpa sunt nobis et.', '2003-07-13 11:35:05', '1984-06-16 17:25:09');
INSERT INTO `comments` (`id`, `user_id`, `post_id`, `body`, `created_at`, `updated_at`) VALUES ('82', '82', '282', 'Vel aspernatur rem consequatur et. Neque dolore eos repudiandae vel. Iusto atque provident id sequi. Ullam mollitia possimus omnis. Fuga sint harum et voluptatem et.', '1994-09-21 13:56:07', '1998-07-25 15:51:08');
INSERT INTO `comments` (`id`, `user_id`, `post_id`, `body`, `created_at`, `updated_at`) VALUES ('83', '83', '283', 'Commodi et consequatur cum dolor. Qui provident iure harum delectus ipsa. Aut qui eveniet eos fugit distinctio quia.', '1970-03-27 17:43:36', '1987-06-08 16:35:40');
INSERT INTO `comments` (`id`, `user_id`, `post_id`, `body`, `created_at`, `updated_at`) VALUES ('84', '84', '284', 'Ducimus odio optio odio animi quos dolorum. Quia iusto mollitia error debitis eos. Beatae sit cumque dolores ratione.', '2006-01-25 22:53:27', '2015-05-01 21:05:55');
INSERT INTO `comments` (`id`, `user_id`, `post_id`, `body`, `created_at`, `updated_at`) VALUES ('85', '85', '285', 'Et incidunt et ipsam ut provident nesciunt. Sunt animi nostrum est ipsam totam quas. Voluptas dolores est natus asperiores.', '1976-01-07 02:45:48', '1976-09-26 20:08:45');
INSERT INTO `comments` (`id`, `user_id`, `post_id`, `body`, `created_at`, `updated_at`) VALUES ('86', '86', '286', 'Placeat repellat aspernatur aliquam sint excepturi sint dolore. Aperiam dolor est tempora facere vitae quibusdam. Sint nisi autem ea.', '2011-11-15 09:36:25', '1972-10-16 02:10:08');
INSERT INTO `comments` (`id`, `user_id`, `post_id`, `body`, `created_at`, `updated_at`) VALUES ('87', '87', '287', 'Officiis enim neque sint similique consequuntur soluta blanditiis. Vel ipsa voluptatum enim et ipsa voluptate dolores nihil. Qui qui at ratione id explicabo.', '1993-03-22 20:36:39', '2003-12-27 19:49:58');
INSERT INTO `comments` (`id`, `user_id`, `post_id`, `body`, `created_at`, `updated_at`) VALUES ('88', '88', '288', 'Necessitatibus id laudantium rerum voluptatum est quis doloribus qui. Soluta similique quaerat dolor enim veritatis sint. Nisi autem mollitia qui dolorem minus.', '2003-12-29 22:06:23', '1975-11-25 02:12:12');
INSERT INTO `comments` (`id`, `user_id`, `post_id`, `body`, `created_at`, `updated_at`) VALUES ('89', '89', '289', 'Culpa quisquam sint ducimus id hic est. Voluptatem saepe delectus et mollitia debitis rerum tempora. Possimus totam non est ex. Alias alias delectus dolores consequatur.', '1979-08-20 22:46:04', '2020-03-08 23:53:36');
INSERT INTO `comments` (`id`, `user_id`, `post_id`, `body`, `created_at`, `updated_at`) VALUES ('90', '90', '290', 'Quia suscipit quis non atque doloribus sapiente cupiditate. Ipsa dolor dolor id dolore aut quas quos. Inventore iure vero et facere dolores beatae rerum.', '1985-05-13 06:24:59', '1981-11-06 18:48:10');
INSERT INTO `comments` (`id`, `user_id`, `post_id`, `body`, `created_at`, `updated_at`) VALUES ('91', '91', '291', 'Quam eaque voluptatem dolores ullam porro quod. Omnis consequatur quam et sed. Illo animi et quia. Quis voluptates molestiae ut autem debitis quia.', '1971-07-02 12:42:58', '1975-09-03 15:48:11');
INSERT INTO `comments` (`id`, `user_id`, `post_id`, `body`, `created_at`, `updated_at`) VALUES ('92', '92', '292', 'Quam a ad tempore quis. Nobis et et esse necessitatibus aut corrupti sapiente. Dignissimos porro reprehenderit doloribus omnis cupiditate voluptatem et.', '1991-04-18 14:20:02', '1978-02-16 06:21:43');
INSERT INTO `comments` (`id`, `user_id`, `post_id`, `body`, `created_at`, `updated_at`) VALUES ('93', '93', '293', 'Impedit voluptatem voluptatem cupiditate natus repudiandae nam. Voluptate minus expedita omnis voluptatem nobis ut. Delectus expedita aliquam repellat occaecati et. Iste modi dolorem rerum.', '2014-03-04 02:09:24', '1986-02-02 20:43:42');
INSERT INTO `comments` (`id`, `user_id`, `post_id`, `body`, `created_at`, `updated_at`) VALUES ('94', '94', '294', 'Dolore repellat atque dolor enim cumque. Aspernatur earum veritatis et repellat. Pariatur enim perferendis non et. Qui dolorum suscipit et debitis aut voluptatem ea.', '1987-09-11 16:38:57', '1998-09-04 12:05:41');
INSERT INTO `comments` (`id`, `user_id`, `post_id`, `body`, `created_at`, `updated_at`) VALUES ('95', '95', '295', 'Similique aspernatur sed ut repudiandae asperiores occaecati voluptas dolorem. Adipisci dolorem est velit voluptatum quo velit dignissimos eos. Alias quod est vel.', '1997-10-16 02:02:32', '1999-08-16 14:07:23');
INSERT INTO `comments` (`id`, `user_id`, `post_id`, `body`, `created_at`, `updated_at`) VALUES ('96', '96', '296', 'Dolores ut unde consectetur alias neque. Nihil consequatur sint quibusdam ut occaecati. Quis modi mollitia commodi possimus. Laboriosam suscipit est iure mollitia labore expedita. Beatae commodi aperiam accusamus odit totam saepe sit ut.', '1975-01-23 16:49:08', '2020-08-08 23:57:45');
INSERT INTO `comments` (`id`, `user_id`, `post_id`, `body`, `created_at`, `updated_at`) VALUES ('97', '97', '297', 'Eaque esse nihil veniam sed asperiores et. Accusamus ipsam corrupti ea quisquam esse fugit. Veniam quia alias qui aut error.', '1971-07-17 11:57:43', '2003-05-24 00:03:11');
INSERT INTO `comments` (`id`, `user_id`, `post_id`, `body`, `created_at`, `updated_at`) VALUES ('98', '98', '298', 'Atque id deleniti laboriosam necessitatibus sunt. Aliquid non consequuntur velit exercitationem laudantium nemo labore. Quae expedita eius distinctio sequi expedita.', '1981-12-09 04:08:47', '1984-12-23 16:47:07');
INSERT INTO `comments` (`id`, `user_id`, `post_id`, `body`, `created_at`, `updated_at`) VALUES ('99', '99', '299', 'Aliquam mollitia dolor aut facilis consectetur et reiciendis. Quisquam et repellendus nisi.', '1983-10-05 07:09:08', '1994-08-01 22:33:15');
INSERT INTO `comments` (`id`, `user_id`, `post_id`, `body`, `created_at`, `updated_at`) VALUES ('100', '100', '300', 'Odit ut in atque et. Nisi consequatur aut ab non voluptas et. Vitae repellendus voluptatem sed odio aliquid asperiores non. Magnam quo molestiae possimus ex consequuntur ex.', '1998-04-17 20:37:19', '2015-02-01 13:15:47');


#
# TABLE STRUCTURE FOR: communities
#

DROP TABLE IF EXISTS `communities`;

CREATE TABLE `communities` (
  `id` bigint(20) unsigned NOT NULL AUTO_INCREMENT,
  `name` varchar(255) COLLATE utf8_unicode_ci DEFAULT NULL,
  PRIMARY KEY (`id`),
  KEY `name` (`name`)
) ENGINE=InnoDB AUTO_INCREMENT=101 DEFAULT CHARSET=utf8 COLLATE=utf8_unicode_ci;

INSERT INTO `communities` (`id`, `name`) VALUES ('39', 'ab');
INSERT INTO `communities` (`id`, `name`) VALUES ('51', 'ab');
INSERT INTO `communities` (`id`, `name`) VALUES ('74', 'accusamus');
INSERT INTO `communities` (`id`, `name`) VALUES ('27', 'ad');
INSERT INTO `communities` (`id`, `name`) VALUES ('16', 'aliquam');
INSERT INTO `communities` (`id`, `name`) VALUES ('90', 'aliquam');
INSERT INTO `communities` (`id`, `name`) VALUES ('76', 'amet');
INSERT INTO `communities` (`id`, `name`) VALUES ('64', 'architecto');
INSERT INTO `communities` (`id`, `name`) VALUES ('93', 'architecto');
INSERT INTO `communities` (`id`, `name`) VALUES ('17', 'atque');
INSERT INTO `communities` (`id`, `name`) VALUES ('3', 'aut');
INSERT INTO `communities` (`id`, `name`) VALUES ('30', 'aut');
INSERT INTO `communities` (`id`, `name`) VALUES ('75', 'aut');
INSERT INTO `communities` (`id`, `name`) VALUES ('89', 'aut');
INSERT INTO `communities` (`id`, `name`) VALUES ('71', 'autem');
INSERT INTO `communities` (`id`, `name`) VALUES ('99', 'commodi');
INSERT INTO `communities` (`id`, `name`) VALUES ('5', 'consequatur');
INSERT INTO `communities` (`id`, `name`) VALUES ('9', 'consequuntur');
INSERT INTO `communities` (`id`, `name`) VALUES ('98', 'corporis');
INSERT INTO `communities` (`id`, `name`) VALUES ('59', 'deserunt');
INSERT INTO `communities` (`id`, `name`) VALUES ('79', 'deserunt');
INSERT INTO `communities` (`id`, `name`) VALUES ('77', 'dolor');
INSERT INTO `communities` (`id`, `name`) VALUES ('80', 'dolorem');
INSERT INTO `communities` (`id`, `name`) VALUES ('94', 'doloremque');
INSERT INTO `communities` (`id`, `name`) VALUES ('97', 'doloremque');
INSERT INTO `communities` (`id`, `name`) VALUES ('2', 'doloribus');
INSERT INTO `communities` (`id`, `name`) VALUES ('67', 'doloribus');
INSERT INTO `communities` (`id`, `name`) VALUES ('86', 'ducimus');
INSERT INTO `communities` (`id`, `name`) VALUES ('19', 'ea');
INSERT INTO `communities` (`id`, `name`) VALUES ('56', 'eligendi');
INSERT INTO `communities` (`id`, `name`) VALUES ('60', 'eligendi');
INSERT INTO `communities` (`id`, `name`) VALUES ('83', 'eos');
INSERT INTO `communities` (`id`, `name`) VALUES ('7', 'error');
INSERT INTO `communities` (`id`, `name`) VALUES ('25', 'et');
INSERT INTO `communities` (`id`, `name`) VALUES ('73', 'et');
INSERT INTO `communities` (`id`, `name`) VALUES ('22', 'id');
INSERT INTO `communities` (`id`, `name`) VALUES ('62', 'in');
INSERT INTO `communities` (`id`, `name`) VALUES ('35', 'incidunt');
INSERT INTO `communities` (`id`, `name`) VALUES ('52', 'incidunt');
INSERT INTO `communities` (`id`, `name`) VALUES ('31', 'inventore');
INSERT INTO `communities` (`id`, `name`) VALUES ('96', 'ipsa');
INSERT INTO `communities` (`id`, `name`) VALUES ('33', 'itaque');
INSERT INTO `communities` (`id`, `name`) VALUES ('15', 'iusto');
INSERT INTO `communities` (`id`, `name`) VALUES ('81', 'laudantium');
INSERT INTO `communities` (`id`, `name`) VALUES ('66', 'magni');
INSERT INTO `communities` (`id`, `name`) VALUES ('4', 'maiores');
INSERT INTO `communities` (`id`, `name`) VALUES ('45', 'maiores');
INSERT INTO `communities` (`id`, `name`) VALUES ('50', 'modi');
INSERT INTO `communities` (`id`, `name`) VALUES ('88', 'molestiae');
INSERT INTO `communities` (`id`, `name`) VALUES ('21', 'molestias');
INSERT INTO `communities` (`id`, `name`) VALUES ('28', 'nam');
INSERT INTO `communities` (`id`, `name`) VALUES ('47', 'nam');
INSERT INTO `communities` (`id`, `name`) VALUES ('49', 'natus');
INSERT INTO `communities` (`id`, `name`) VALUES ('63', 'natus');
INSERT INTO `communities` (`id`, `name`) VALUES ('36', 'nemo');
INSERT INTO `communities` (`id`, `name`) VALUES ('85', 'nihil');
INSERT INTO `communities` (`id`, `name`) VALUES ('11', 'nobis');
INSERT INTO `communities` (`id`, `name`) VALUES ('54', 'nostrum');
INSERT INTO `communities` (`id`, `name`) VALUES ('87', 'nostrum');
INSERT INTO `communities` (`id`, `name`) VALUES ('65', 'nulla');
INSERT INTO `communities` (`id`, `name`) VALUES ('91', 'occaecati');
INSERT INTO `communities` (`id`, `name`) VALUES ('95', 'occaecati');
INSERT INTO `communities` (`id`, `name`) VALUES ('6', 'odio');
INSERT INTO `communities` (`id`, `name`) VALUES ('34', 'odio');
INSERT INTO `communities` (`id`, `name`) VALUES ('42', 'odio');
INSERT INTO `communities` (`id`, `name`) VALUES ('100', 'odit');
INSERT INTO `communities` (`id`, `name`) VALUES ('8', 'pariatur');
INSERT INTO `communities` (`id`, `name`) VALUES ('55', 'possimus');
INSERT INTO `communities` (`id`, `name`) VALUES ('46', 'provident');
INSERT INTO `communities` (`id`, `name`) VALUES ('82', 'quae');
INSERT INTO `communities` (`id`, `name`) VALUES ('14', 'qui');
INSERT INTO `communities` (`id`, `name`) VALUES ('23', 'qui');
INSERT INTO `communities` (`id`, `name`) VALUES ('43', 'qui');
INSERT INTO `communities` (`id`, `name`) VALUES ('18', 'quia');
INSERT INTO `communities` (`id`, `name`) VALUES ('84', 'quidem');
INSERT INTO `communities` (`id`, `name`) VALUES ('48', 'quis');
INSERT INTO `communities` (`id`, `name`) VALUES ('40', 'quo');
INSERT INTO `communities` (`id`, `name`) VALUES ('20', 'ratione');
INSERT INTO `communities` (`id`, `name`) VALUES ('26', 'ratione');
INSERT INTO `communities` (`id`, `name`) VALUES ('78', 'recusandae');
INSERT INTO `communities` (`id`, `name`) VALUES ('92', 'rem');
INSERT INTO `communities` (`id`, `name`) VALUES ('61', 'repellendus');
INSERT INTO `communities` (`id`, `name`) VALUES ('10', 'rerum');
INSERT INTO `communities` (`id`, `name`) VALUES ('58', 'rerum');
INSERT INTO `communities` (`id`, `name`) VALUES ('70', 'rerum');
INSERT INTO `communities` (`id`, `name`) VALUES ('32', 'saepe');
INSERT INTO `communities` (`id`, `name`) VALUES ('13', 'sapiente');
INSERT INTO `communities` (`id`, `name`) VALUES ('38', 'sed');
INSERT INTO `communities` (`id`, `name`) VALUES ('41', 'sit');
INSERT INTO `communities` (`id`, `name`) VALUES ('57', 'sit');
INSERT INTO `communities` (`id`, `name`) VALUES ('69', 'sit');
INSERT INTO `communities` (`id`, `name`) VALUES ('53', 'tempore');
INSERT INTO `communities` (`id`, `name`) VALUES ('72', 'unde');
INSERT INTO `communities` (`id`, `name`) VALUES ('44', 'ut');
INSERT INTO `communities` (`id`, `name`) VALUES ('1', 'veritatis');
INSERT INTO `communities` (`id`, `name`) VALUES ('68', 'vero');
INSERT INTO `communities` (`id`, `name`) VALUES ('12', 'voluptas');
INSERT INTO `communities` (`id`, `name`) VALUES ('37', 'voluptas');
INSERT INTO `communities` (`id`, `name`) VALUES ('24', 'voluptatibus');
INSERT INTO `communities` (`id`, `name`) VALUES ('29', 'voluptatum');


#
# TABLE STRUCTURE FOR: friend_requests
#

DROP TABLE IF EXISTS `friend_requests`;

CREATE TABLE `friend_requests` (
  `initiator_user_id` bigint(20) unsigned NOT NULL,
  `target_user_id` bigint(20) unsigned NOT NULL,
  `status` enum('requested','approved','unfriended','decline') COLLATE utf8_unicode_ci DEFAULT 'requested',
  `requested_at` datetime DEFAULT current_timestamp(),
  `updated_at` datetime DEFAULT NULL,
  PRIMARY KEY (`initiator_user_id`,`target_user_id`),
  KEY `friend_requests_iui_idx` (`initiator_user_id`),
  KEY `target_user_id` (`target_user_id`),
  CONSTRAINT `friend_requests_fk1` FOREIGN KEY (`initiator_user_id`) REFERENCES `profiles` (`user_id`),
  CONSTRAINT `friend_requests_ibfk_1` FOREIGN KEY (`target_user_id`) REFERENCES `profiles` (`user_id`)
) ENGINE=InnoDB DEFAULT CHARSET=utf8 COLLATE=utf8_unicode_ci;

INSERT INTO `friend_requests` (`initiator_user_id`, `target_user_id`, `status`, `requested_at`, `updated_at`) VALUES ('1', '1', 'approved', '2003-11-02 16:08:28', '1977-02-04 11:10:51');
INSERT INTO `friend_requests` (`initiator_user_id`, `target_user_id`, `status`, `requested_at`, `updated_at`) VALUES ('2', '2', 'requested', '1994-08-13 12:33:17', '1973-05-28 06:50:44');
INSERT INTO `friend_requests` (`initiator_user_id`, `target_user_id`, `status`, `requested_at`, `updated_at`) VALUES ('3', '3', 'approved', '1978-02-10 22:44:41', '1976-11-06 04:12:27');
INSERT INTO `friend_requests` (`initiator_user_id`, `target_user_id`, `status`, `requested_at`, `updated_at`) VALUES ('4', '4', 'unfriended', '1973-12-01 21:32:04', '1989-08-24 01:47:56');
INSERT INTO `friend_requests` (`initiator_user_id`, `target_user_id`, `status`, `requested_at`, `updated_at`) VALUES ('5', '5', 'requested', '1994-12-11 06:33:31', '1983-01-24 20:37:34');
INSERT INTO `friend_requests` (`initiator_user_id`, `target_user_id`, `status`, `requested_at`, `updated_at`) VALUES ('6', '6', 'unfriended', '1989-08-09 03:18:58', '1979-10-12 20:22:19');
INSERT INTO `friend_requests` (`initiator_user_id`, `target_user_id`, `status`, `requested_at`, `updated_at`) VALUES ('7', '7', 'approved', '2007-11-27 05:26:00', '1978-02-16 00:48:21');
INSERT INTO `friend_requests` (`initiator_user_id`, `target_user_id`, `status`, `requested_at`, `updated_at`) VALUES ('8', '8', 'unfriended', '1973-02-08 19:56:45', '2002-10-15 21:35:42');
INSERT INTO `friend_requests` (`initiator_user_id`, `target_user_id`, `status`, `requested_at`, `updated_at`) VALUES ('9', '9', 'unfriended', '1996-05-18 21:28:44', '1970-05-31 22:03:32');
INSERT INTO `friend_requests` (`initiator_user_id`, `target_user_id`, `status`, `requested_at`, `updated_at`) VALUES ('10', '10', 'decline', '1976-07-29 10:10:54', '1975-07-03 10:49:07');
INSERT INTO `friend_requests` (`initiator_user_id`, `target_user_id`, `status`, `requested_at`, `updated_at`) VALUES ('11', '11', 'decline', '1987-08-09 14:37:12', '1994-05-02 11:26:22');
INSERT INTO `friend_requests` (`initiator_user_id`, `target_user_id`, `status`, `requested_at`, `updated_at`) VALUES ('12', '12', 'unfriended', '1998-02-28 04:03:38', '2003-03-26 01:13:46');
INSERT INTO `friend_requests` (`initiator_user_id`, `target_user_id`, `status`, `requested_at`, `updated_at`) VALUES ('13', '13', 'unfriended', '2015-09-26 14:59:28', '1972-07-09 00:48:38');
INSERT INTO `friend_requests` (`initiator_user_id`, `target_user_id`, `status`, `requested_at`, `updated_at`) VALUES ('14', '14', 'approved', '2007-02-08 11:57:29', '1991-08-04 12:40:14');
INSERT INTO `friend_requests` (`initiator_user_id`, `target_user_id`, `status`, `requested_at`, `updated_at`) VALUES ('15', '15', 'unfriended', '1973-07-22 17:13:43', '2001-10-13 08:26:41');
INSERT INTO `friend_requests` (`initiator_user_id`, `target_user_id`, `status`, `requested_at`, `updated_at`) VALUES ('16', '16', 'decline', '2008-06-12 10:00:56', '2012-09-03 02:56:55');
INSERT INTO `friend_requests` (`initiator_user_id`, `target_user_id`, `status`, `requested_at`, `updated_at`) VALUES ('17', '17', 'decline', '1999-10-05 09:00:53', '1977-08-10 10:44:45');
INSERT INTO `friend_requests` (`initiator_user_id`, `target_user_id`, `status`, `requested_at`, `updated_at`) VALUES ('18', '18', 'requested', '2006-06-13 21:27:10', '2001-10-07 19:20:29');
INSERT INTO `friend_requests` (`initiator_user_id`, `target_user_id`, `status`, `requested_at`, `updated_at`) VALUES ('19', '19', 'unfriended', '1993-11-03 17:57:53', '1973-06-11 06:34:13');
INSERT INTO `friend_requests` (`initiator_user_id`, `target_user_id`, `status`, `requested_at`, `updated_at`) VALUES ('20', '20', 'decline', '1994-11-14 17:32:47', '2014-02-21 05:40:20');
INSERT INTO `friend_requests` (`initiator_user_id`, `target_user_id`, `status`, `requested_at`, `updated_at`) VALUES ('21', '21', 'requested', '2009-01-11 02:56:43', '1996-03-15 02:07:12');
INSERT INTO `friend_requests` (`initiator_user_id`, `target_user_id`, `status`, `requested_at`, `updated_at`) VALUES ('22', '22', 'decline', '1991-01-23 07:44:34', '2017-06-02 07:39:45');
INSERT INTO `friend_requests` (`initiator_user_id`, `target_user_id`, `status`, `requested_at`, `updated_at`) VALUES ('23', '23', 'decline', '1985-02-16 08:50:23', '2002-07-06 15:25:04');
INSERT INTO `friend_requests` (`initiator_user_id`, `target_user_id`, `status`, `requested_at`, `updated_at`) VALUES ('24', '24', 'requested', '1988-09-04 07:09:54', '1972-04-04 10:32:18');
INSERT INTO `friend_requests` (`initiator_user_id`, `target_user_id`, `status`, `requested_at`, `updated_at`) VALUES ('25', '25', 'decline', '1980-04-25 21:20:54', '1990-10-12 09:54:12');
INSERT INTO `friend_requests` (`initiator_user_id`, `target_user_id`, `status`, `requested_at`, `updated_at`) VALUES ('26', '26', 'approved', '2019-01-17 17:58:39', '1992-02-29 14:47:12');
INSERT INTO `friend_requests` (`initiator_user_id`, `target_user_id`, `status`, `requested_at`, `updated_at`) VALUES ('27', '27', 'requested', '2013-07-08 00:34:13', '2016-03-11 05:54:11');
INSERT INTO `friend_requests` (`initiator_user_id`, `target_user_id`, `status`, `requested_at`, `updated_at`) VALUES ('28', '28', 'requested', '2005-01-16 07:13:48', '2006-02-07 10:09:24');
INSERT INTO `friend_requests` (`initiator_user_id`, `target_user_id`, `status`, `requested_at`, `updated_at`) VALUES ('29', '29', 'approved', '2018-04-10 21:26:42', '2011-10-01 14:49:54');
INSERT INTO `friend_requests` (`initiator_user_id`, `target_user_id`, `status`, `requested_at`, `updated_at`) VALUES ('30', '30', 'unfriended', '1976-01-02 09:43:36', '1991-03-22 23:27:09');
INSERT INTO `friend_requests` (`initiator_user_id`, `target_user_id`, `status`, `requested_at`, `updated_at`) VALUES ('31', '31', 'approved', '2005-01-12 20:37:10', '1973-07-22 07:52:02');
INSERT INTO `friend_requests` (`initiator_user_id`, `target_user_id`, `status`, `requested_at`, `updated_at`) VALUES ('32', '32', 'decline', '2013-12-31 16:53:47', '2008-11-09 16:08:09');
INSERT INTO `friend_requests` (`initiator_user_id`, `target_user_id`, `status`, `requested_at`, `updated_at`) VALUES ('33', '33', 'approved', '1975-04-02 08:26:48', '2006-08-18 04:07:58');
INSERT INTO `friend_requests` (`initiator_user_id`, `target_user_id`, `status`, `requested_at`, `updated_at`) VALUES ('34', '34', 'unfriended', '2002-08-11 06:03:15', '1999-08-20 05:35:24');
INSERT INTO `friend_requests` (`initiator_user_id`, `target_user_id`, `status`, `requested_at`, `updated_at`) VALUES ('35', '35', 'decline', '2003-08-07 19:34:12', '1972-01-18 00:19:34');
INSERT INTO `friend_requests` (`initiator_user_id`, `target_user_id`, `status`, `requested_at`, `updated_at`) VALUES ('36', '36', 'decline', '2014-11-26 03:32:48', '1989-10-02 14:04:24');
INSERT INTO `friend_requests` (`initiator_user_id`, `target_user_id`, `status`, `requested_at`, `updated_at`) VALUES ('37', '37', 'decline', '2000-12-27 01:32:22', '1995-03-11 16:06:28');
INSERT INTO `friend_requests` (`initiator_user_id`, `target_user_id`, `status`, `requested_at`, `updated_at`) VALUES ('38', '38', 'decline', '1989-10-17 12:25:44', '1989-06-02 10:16:19');
INSERT INTO `friend_requests` (`initiator_user_id`, `target_user_id`, `status`, `requested_at`, `updated_at`) VALUES ('39', '39', 'unfriended', '1986-11-28 19:36:30', '2010-07-25 03:54:12');
INSERT INTO `friend_requests` (`initiator_user_id`, `target_user_id`, `status`, `requested_at`, `updated_at`) VALUES ('40', '40', 'unfriended', '1988-11-29 02:06:05', '1989-06-30 18:36:09');
INSERT INTO `friend_requests` (`initiator_user_id`, `target_user_id`, `status`, `requested_at`, `updated_at`) VALUES ('41', '41', 'unfriended', '1993-12-06 11:16:32', '2011-10-07 16:42:05');
INSERT INTO `friend_requests` (`initiator_user_id`, `target_user_id`, `status`, `requested_at`, `updated_at`) VALUES ('42', '42', 'decline', '1999-08-23 03:54:30', '1977-01-28 19:36:53');
INSERT INTO `friend_requests` (`initiator_user_id`, `target_user_id`, `status`, `requested_at`, `updated_at`) VALUES ('43', '43', 'decline', '1977-02-09 12:26:02', '1977-03-20 08:19:38');
INSERT INTO `friend_requests` (`initiator_user_id`, `target_user_id`, `status`, `requested_at`, `updated_at`) VALUES ('44', '44', 'decline', '1982-12-08 09:08:11', '1993-08-04 19:20:12');
INSERT INTO `friend_requests` (`initiator_user_id`, `target_user_id`, `status`, `requested_at`, `updated_at`) VALUES ('45', '45', 'unfriended', '1979-09-04 07:20:24', '1985-02-06 08:39:19');
INSERT INTO `friend_requests` (`initiator_user_id`, `target_user_id`, `status`, `requested_at`, `updated_at`) VALUES ('46', '46', 'unfriended', '2002-01-14 18:03:10', '1986-05-25 10:06:09');
INSERT INTO `friend_requests` (`initiator_user_id`, `target_user_id`, `status`, `requested_at`, `updated_at`) VALUES ('47', '47', 'requested', '2019-05-30 18:10:50', '2011-01-31 13:10:33');
INSERT INTO `friend_requests` (`initiator_user_id`, `target_user_id`, `status`, `requested_at`, `updated_at`) VALUES ('48', '48', 'requested', '2001-03-10 00:02:43', '2017-01-10 02:58:35');
INSERT INTO `friend_requests` (`initiator_user_id`, `target_user_id`, `status`, `requested_at`, `updated_at`) VALUES ('49', '49', 'requested', '2016-06-16 18:03:12', '2008-07-26 04:44:42');
INSERT INTO `friend_requests` (`initiator_user_id`, `target_user_id`, `status`, `requested_at`, `updated_at`) VALUES ('50', '50', 'approved', '1994-11-02 10:46:09', '1980-05-31 23:24:00');
INSERT INTO `friend_requests` (`initiator_user_id`, `target_user_id`, `status`, `requested_at`, `updated_at`) VALUES ('51', '51', 'approved', '1972-07-09 10:23:02', '2014-05-28 17:41:43');
INSERT INTO `friend_requests` (`initiator_user_id`, `target_user_id`, `status`, `requested_at`, `updated_at`) VALUES ('52', '52', 'requested', '2012-04-11 17:19:23', '2012-06-24 13:20:33');
INSERT INTO `friend_requests` (`initiator_user_id`, `target_user_id`, `status`, `requested_at`, `updated_at`) VALUES ('53', '53', 'requested', '1972-01-28 11:09:00', '2003-06-08 10:09:48');
INSERT INTO `friend_requests` (`initiator_user_id`, `target_user_id`, `status`, `requested_at`, `updated_at`) VALUES ('54', '54', 'approved', '1990-01-18 08:05:18', '1977-09-15 14:57:55');
INSERT INTO `friend_requests` (`initiator_user_id`, `target_user_id`, `status`, `requested_at`, `updated_at`) VALUES ('55', '55', 'decline', '1987-05-19 00:38:51', '2006-12-18 18:26:35');
INSERT INTO `friend_requests` (`initiator_user_id`, `target_user_id`, `status`, `requested_at`, `updated_at`) VALUES ('56', '56', 'decline', '1995-10-12 02:15:41', '1997-10-24 06:09:49');
INSERT INTO `friend_requests` (`initiator_user_id`, `target_user_id`, `status`, `requested_at`, `updated_at`) VALUES ('57', '57', 'decline', '1980-05-21 16:05:37', '2019-06-07 22:45:19');
INSERT INTO `friend_requests` (`initiator_user_id`, `target_user_id`, `status`, `requested_at`, `updated_at`) VALUES ('58', '58', 'unfriended', '2005-01-19 20:08:16', '1996-07-28 03:57:26');
INSERT INTO `friend_requests` (`initiator_user_id`, `target_user_id`, `status`, `requested_at`, `updated_at`) VALUES ('59', '59', 'requested', '1983-12-23 08:52:17', '2009-10-09 14:09:36');
INSERT INTO `friend_requests` (`initiator_user_id`, `target_user_id`, `status`, `requested_at`, `updated_at`) VALUES ('60', '60', 'decline', '1982-10-11 04:48:47', '1996-02-08 15:57:17');
INSERT INTO `friend_requests` (`initiator_user_id`, `target_user_id`, `status`, `requested_at`, `updated_at`) VALUES ('61', '61', 'decline', '2015-02-18 01:24:51', '2011-06-02 12:48:42');
INSERT INTO `friend_requests` (`initiator_user_id`, `target_user_id`, `status`, `requested_at`, `updated_at`) VALUES ('62', '62', 'unfriended', '1980-06-25 10:32:23', '2014-02-27 08:04:20');
INSERT INTO `friend_requests` (`initiator_user_id`, `target_user_id`, `status`, `requested_at`, `updated_at`) VALUES ('63', '63', 'unfriended', '2009-11-21 05:44:37', '2009-09-07 00:56:06');
INSERT INTO `friend_requests` (`initiator_user_id`, `target_user_id`, `status`, `requested_at`, `updated_at`) VALUES ('64', '64', 'unfriended', '2015-04-22 12:49:14', '1993-12-13 17:16:18');
INSERT INTO `friend_requests` (`initiator_user_id`, `target_user_id`, `status`, `requested_at`, `updated_at`) VALUES ('65', '65', 'approved', '1973-08-02 16:17:51', '1986-04-24 03:19:51');
INSERT INTO `friend_requests` (`initiator_user_id`, `target_user_id`, `status`, `requested_at`, `updated_at`) VALUES ('66', '66', 'decline', '2006-01-26 01:57:12', '1970-08-07 19:40:22');
INSERT INTO `friend_requests` (`initiator_user_id`, `target_user_id`, `status`, `requested_at`, `updated_at`) VALUES ('67', '67', 'approved', '2013-12-21 12:01:17', '1976-06-03 23:55:08');
INSERT INTO `friend_requests` (`initiator_user_id`, `target_user_id`, `status`, `requested_at`, `updated_at`) VALUES ('68', '68', 'decline', '1971-07-31 03:16:23', '1993-12-31 00:41:56');
INSERT INTO `friend_requests` (`initiator_user_id`, `target_user_id`, `status`, `requested_at`, `updated_at`) VALUES ('69', '69', 'requested', '2015-07-21 05:44:25', '1980-07-12 00:04:27');
INSERT INTO `friend_requests` (`initiator_user_id`, `target_user_id`, `status`, `requested_at`, `updated_at`) VALUES ('70', '70', 'requested', '1995-08-27 07:09:34', '1971-12-29 12:00:42');
INSERT INTO `friend_requests` (`initiator_user_id`, `target_user_id`, `status`, `requested_at`, `updated_at`) VALUES ('71', '71', 'unfriended', '1974-01-06 04:40:18', '2018-01-03 06:44:11');
INSERT INTO `friend_requests` (`initiator_user_id`, `target_user_id`, `status`, `requested_at`, `updated_at`) VALUES ('72', '72', 'unfriended', '1976-02-29 11:16:37', '1976-12-31 20:28:08');
INSERT INTO `friend_requests` (`initiator_user_id`, `target_user_id`, `status`, `requested_at`, `updated_at`) VALUES ('73', '73', 'unfriended', '2017-02-08 15:34:27', '1994-10-20 08:25:28');
INSERT INTO `friend_requests` (`initiator_user_id`, `target_user_id`, `status`, `requested_at`, `updated_at`) VALUES ('74', '74', 'unfriended', '2010-07-05 01:00:33', '2006-03-02 12:06:12');
INSERT INTO `friend_requests` (`initiator_user_id`, `target_user_id`, `status`, `requested_at`, `updated_at`) VALUES ('75', '75', 'unfriended', '2003-09-20 17:48:51', '1990-04-07 15:21:37');
INSERT INTO `friend_requests` (`initiator_user_id`, `target_user_id`, `status`, `requested_at`, `updated_at`) VALUES ('76', '76', 'decline', '1990-02-07 13:44:30', '2001-05-29 19:34:46');
INSERT INTO `friend_requests` (`initiator_user_id`, `target_user_id`, `status`, `requested_at`, `updated_at`) VALUES ('77', '77', 'unfriended', '2006-08-14 06:07:22', '2020-07-28 06:22:20');
INSERT INTO `friend_requests` (`initiator_user_id`, `target_user_id`, `status`, `requested_at`, `updated_at`) VALUES ('78', '78', 'unfriended', '2017-03-15 22:27:42', '1970-05-13 02:34:36');
INSERT INTO `friend_requests` (`initiator_user_id`, `target_user_id`, `status`, `requested_at`, `updated_at`) VALUES ('79', '79', 'approved', '2018-12-15 20:59:01', '1978-08-28 03:20:20');
INSERT INTO `friend_requests` (`initiator_user_id`, `target_user_id`, `status`, `requested_at`, `updated_at`) VALUES ('80', '80', 'approved', '1997-08-26 01:12:55', '2010-12-21 17:58:43');
INSERT INTO `friend_requests` (`initiator_user_id`, `target_user_id`, `status`, `requested_at`, `updated_at`) VALUES ('81', '81', 'decline', '1991-09-25 20:12:40', '1972-07-13 15:42:29');
INSERT INTO `friend_requests` (`initiator_user_id`, `target_user_id`, `status`, `requested_at`, `updated_at`) VALUES ('82', '82', 'approved', '2008-08-16 00:31:29', '2020-08-07 02:07:38');
INSERT INTO `friend_requests` (`initiator_user_id`, `target_user_id`, `status`, `requested_at`, `updated_at`) VALUES ('83', '83', 'requested', '2003-11-25 20:18:45', '1985-02-02 03:34:21');
INSERT INTO `friend_requests` (`initiator_user_id`, `target_user_id`, `status`, `requested_at`, `updated_at`) VALUES ('84', '84', 'unfriended', '2018-05-12 03:57:11', '2020-06-15 00:05:30');
INSERT INTO `friend_requests` (`initiator_user_id`, `target_user_id`, `status`, `requested_at`, `updated_at`) VALUES ('85', '85', 'unfriended', '1977-03-07 00:21:10', '1998-11-21 11:04:25');
INSERT INTO `friend_requests` (`initiator_user_id`, `target_user_id`, `status`, `requested_at`, `updated_at`) VALUES ('86', '86', 'approved', '1991-11-07 06:05:33', '2010-11-02 17:56:00');
INSERT INTO `friend_requests` (`initiator_user_id`, `target_user_id`, `status`, `requested_at`, `updated_at`) VALUES ('87', '87', 'requested', '1992-10-25 09:21:54', '1980-10-17 00:26:39');
INSERT INTO `friend_requests` (`initiator_user_id`, `target_user_id`, `status`, `requested_at`, `updated_at`) VALUES ('88', '88', 'requested', '1995-01-31 20:14:43', '1978-07-08 16:08:40');
INSERT INTO `friend_requests` (`initiator_user_id`, `target_user_id`, `status`, `requested_at`, `updated_at`) VALUES ('89', '89', 'requested', '1995-10-24 03:01:22', '2009-12-22 03:54:55');
INSERT INTO `friend_requests` (`initiator_user_id`, `target_user_id`, `status`, `requested_at`, `updated_at`) VALUES ('90', '90', 'decline', '1997-05-31 17:38:50', '1990-11-12 03:57:38');
INSERT INTO `friend_requests` (`initiator_user_id`, `target_user_id`, `status`, `requested_at`, `updated_at`) VALUES ('91', '91', 'unfriended', '2013-11-24 16:07:58', '1970-08-30 13:17:24');
INSERT INTO `friend_requests` (`initiator_user_id`, `target_user_id`, `status`, `requested_at`, `updated_at`) VALUES ('92', '92', 'decline', '1989-06-13 09:33:36', '2004-03-13 18:38:37');
INSERT INTO `friend_requests` (`initiator_user_id`, `target_user_id`, `status`, `requested_at`, `updated_at`) VALUES ('93', '93', 'requested', '1980-12-27 10:26:46', '1999-07-07 00:47:17');
INSERT INTO `friend_requests` (`initiator_user_id`, `target_user_id`, `status`, `requested_at`, `updated_at`) VALUES ('94', '94', 'decline', '1970-03-14 11:29:01', '2017-12-31 11:39:53');
INSERT INTO `friend_requests` (`initiator_user_id`, `target_user_id`, `status`, `requested_at`, `updated_at`) VALUES ('95', '95', 'decline', '1970-03-22 22:09:45', '1998-01-29 13:26:41');
INSERT INTO `friend_requests` (`initiator_user_id`, `target_user_id`, `status`, `requested_at`, `updated_at`) VALUES ('96', '96', 'approved', '2008-11-10 20:07:32', '2006-12-02 03:31:21');
INSERT INTO `friend_requests` (`initiator_user_id`, `target_user_id`, `status`, `requested_at`, `updated_at`) VALUES ('97', '97', 'unfriended', '1984-12-25 03:42:32', '1971-11-27 15:53:27');
INSERT INTO `friend_requests` (`initiator_user_id`, `target_user_id`, `status`, `requested_at`, `updated_at`) VALUES ('98', '98', 'unfriended', '1978-01-02 08:05:34', '1998-07-01 03:29:25');
INSERT INTO `friend_requests` (`initiator_user_id`, `target_user_id`, `status`, `requested_at`, `updated_at`) VALUES ('99', '99', 'decline', '1985-04-28 13:52:42', '1973-12-13 04:12:43');
INSERT INTO `friend_requests` (`initiator_user_id`, `target_user_id`, `status`, `requested_at`, `updated_at`) VALUES ('100', '100', 'unfriended', '1978-12-31 21:14:57', '1973-03-07 08:34:10');


#
# TABLE STRUCTURE FOR: messages
#

DROP TABLE IF EXISTS `messages`;

CREATE TABLE `messages` (
  `id` bigint(20) unsigned NOT NULL AUTO_INCREMENT,
  `from_user_id` bigint(20) unsigned NOT NULL,
  `to_user_id` bigint(20) unsigned NOT NULL,
  `body` text COLLATE utf8_unicode_ci DEFAULT NULL,
  `is_read` tinyint(1) DEFAULT NULL,
  `created_at` datetime DEFAULT current_timestamp(),
  PRIMARY KEY (`id`),
  UNIQUE KEY `id` (`id`),
  KEY `from_user_id` (`from_user_id`),
  KEY `to_user_id` (`to_user_id`),
  CONSTRAINT `messages_ibfk_1` FOREIGN KEY (`from_user_id`) REFERENCES `profiles` (`user_id`),
  CONSTRAINT `messages_ibfk_2` FOREIGN KEY (`to_user_id`) REFERENCES `profiles` (`user_id`)
) ENGINE=InnoDB AUTO_INCREMENT=101 DEFAULT CHARSET=utf8 COLLATE=utf8_unicode_ci;

INSERT INTO `messages` (`id`, `from_user_id`, `to_user_id`, `body`, `is_read`, `created_at`) VALUES ('1', '1', '1', 'Reiciendis nostrum adipisci voluptatem ipsam et eos doloremque. Beatae repellendus rerum sunt placeat ducimus. Consequatur modi voluptate eum et dolorem vel.', 1, '1999-07-12 06:27:21');
INSERT INTO `messages` (`id`, `from_user_id`, `to_user_id`, `body`, `is_read`, `created_at`) VALUES ('2', '2', '2', 'Qui incidunt dolores voluptas animi quidem quo rerum quo. Incidunt quis necessitatibus voluptas et expedita ad eaque. Nihil quos eos quae voluptatem qui.', 1, '2014-07-14 20:20:14');
INSERT INTO `messages` (`id`, `from_user_id`, `to_user_id`, `body`, `is_read`, `created_at`) VALUES ('3', '3', '3', 'Sapiente quia magnam omnis sit dolores itaque est. Possimus qui repellat id eius. Nesciunt et dolores labore deleniti aliquam reprehenderit distinctio. Quis consequatur vel molestias laborum eos quia. Ratione necessitatibus corporis aspernatur quis totam.', 1, '1988-02-04 09:06:17');
INSERT INTO `messages` (`id`, `from_user_id`, `to_user_id`, `body`, `is_read`, `created_at`) VALUES ('4', '4', '4', 'Cum molestias est autem ut. Debitis commodi ipsum consequatur quisquam id dolore amet. Iure a error qui nobis id.', 1, '1970-11-01 09:48:53');
INSERT INTO `messages` (`id`, `from_user_id`, `to_user_id`, `body`, `is_read`, `created_at`) VALUES ('5', '5', '5', 'Molestias distinctio nihil et quas optio autem necessitatibus. Optio ut et adipisci delectus voluptatibus.', 0, '1993-03-14 14:10:39');
INSERT INTO `messages` (`id`, `from_user_id`, `to_user_id`, `body`, `is_read`, `created_at`) VALUES ('6', '6', '6', 'Voluptatem quae velit ab fugit eveniet ad. Facere molestias consequuntur ut architecto. Nemo sit sed aut vitae et.', 0, '2009-11-09 02:45:19');
INSERT INTO `messages` (`id`, `from_user_id`, `to_user_id`, `body`, `is_read`, `created_at`) VALUES ('7', '7', '7', 'Eos atque rerum ducimus autem culpa possimus ut. Sit voluptates dolores incidunt ducimus assumenda cupiditate quos. Sapiente ut minima earum nihil non hic quos at.', 1, '2014-10-05 16:14:40');
INSERT INTO `messages` (`id`, `from_user_id`, `to_user_id`, `body`, `is_read`, `created_at`) VALUES ('8', '8', '8', 'Nostrum atque velit eius unde consequatur quo illum. Nesciunt maiores architecto quasi voluptas assumenda. Asperiores nisi voluptatem in qui itaque et et.', 0, '1994-05-14 10:09:42');
INSERT INTO `messages` (`id`, `from_user_id`, `to_user_id`, `body`, `is_read`, `created_at`) VALUES ('9', '9', '9', 'Fugiat aliquam sint nemo voluptatem ut illo ullam voluptatem. Veritatis omnis commodi consectetur vel sapiente rerum laudantium qui. Possimus quos atque fugiat dolor et ad beatae commodi.', 1, '1986-06-23 18:37:12');
INSERT INTO `messages` (`id`, `from_user_id`, `to_user_id`, `body`, `is_read`, `created_at`) VALUES ('10', '10', '10', 'Deleniti placeat molestiae voluptatem molestias. Eveniet eum non ab quo cumque. Quos dicta dolores et voluptatem esse.', 1, '2020-04-27 06:32:56');
INSERT INTO `messages` (`id`, `from_user_id`, `to_user_id`, `body`, `is_read`, `created_at`) VALUES ('11', '11', '11', 'Possimus amet ipsam rerum placeat. Possimus molestiae voluptate et et enim reprehenderit tenetur. Sint inventore aperiam aut illum.', 0, '2013-05-17 16:10:06');
INSERT INTO `messages` (`id`, `from_user_id`, `to_user_id`, `body`, `is_read`, `created_at`) VALUES ('12', '12', '12', 'Modi enim quisquam nostrum nemo dolorum praesentium distinctio. Delectus qui nobis deleniti reiciendis quibusdam illo nulla. Nesciunt voluptas qui eveniet fugit. Debitis quaerat inventore aut ex sint et.', 1, '1997-10-29 17:40:44');
INSERT INTO `messages` (`id`, `from_user_id`, `to_user_id`, `body`, `is_read`, `created_at`) VALUES ('13', '13', '13', 'Eos cumque ut labore debitis. Facilis officia accusantium exercitationem eveniet doloribus libero tempora.', 1, '2018-10-08 02:31:47');
INSERT INTO `messages` (`id`, `from_user_id`, `to_user_id`, `body`, `is_read`, `created_at`) VALUES ('14', '14', '14', 'Recusandae nisi non culpa ad fugit harum rerum. Voluptatibus ex aut sint quos et fugit et. Iste fugiat consequuntur quaerat velit repellat optio ex. Et blanditiis doloremque deleniti nostrum reiciendis similique mollitia.', 0, '2001-11-17 06:45:51');
INSERT INTO `messages` (`id`, `from_user_id`, `to_user_id`, `body`, `is_read`, `created_at`) VALUES ('15', '15', '15', 'Aut omnis cum sunt optio ducimus. Reiciendis quo maiores velit aut et. Itaque libero aut quidem sit. Ut distinctio corporis et aspernatur vel placeat temporibus.', 1, '1992-02-06 17:23:59');
INSERT INTO `messages` (`id`, `from_user_id`, `to_user_id`, `body`, `is_read`, `created_at`) VALUES ('16', '16', '16', 'Velit id odit ducimus quia. Aut possimus quisquam totam reiciendis perspiciatis suscipit. Sunt ut repudiandae sed nihil.', 0, '2020-01-07 21:57:55');
INSERT INTO `messages` (`id`, `from_user_id`, `to_user_id`, `body`, `is_read`, `created_at`) VALUES ('17', '17', '17', 'Tenetur nam reprehenderit dolorum aliquid eum. Pariatur praesentium cum sit at. Magnam impedit laborum voluptas velit. Ea a rem nisi rem sint et.', 0, '2011-06-04 17:27:31');
INSERT INTO `messages` (`id`, `from_user_id`, `to_user_id`, `body`, `is_read`, `created_at`) VALUES ('18', '18', '18', 'Reprehenderit in at dolor ut. Accusantium sit aliquid nisi consequatur cumque nesciunt natus omnis. Explicabo libero quod dolorum id quo vitae.', 1, '2005-12-07 12:47:24');
INSERT INTO `messages` (`id`, `from_user_id`, `to_user_id`, `body`, `is_read`, `created_at`) VALUES ('19', '19', '19', 'Distinctio facilis voluptas officia ducimus quae. Eius placeat magnam animi qui. Et delectus dolores ratione ut.', 1, '1992-04-27 03:27:43');
INSERT INTO `messages` (`id`, `from_user_id`, `to_user_id`, `body`, `is_read`, `created_at`) VALUES ('20', '20', '20', 'Qui et voluptatibus omnis consequuntur dolores velit. Et minus aperiam sequi explicabo libero enim. Quam consequatur non aut modi reprehenderit perspiciatis similique. Alias iste quae distinctio debitis nam.', 1, '1983-08-01 20:24:22');
INSERT INTO `messages` (`id`, `from_user_id`, `to_user_id`, `body`, `is_read`, `created_at`) VALUES ('21', '21', '21', 'Eum voluptatum dignissimos quia eveniet. Vel vel totam et. Esse maxime quas rem ipsam labore nesciunt. Et incidunt quia aut repudiandae laboriosam.', 1, '1997-10-22 18:04:33');
INSERT INTO `messages` (`id`, `from_user_id`, `to_user_id`, `body`, `is_read`, `created_at`) VALUES ('22', '22', '22', 'Distinctio maiores aut enim impedit. Officia aperiam consectetur aut commodi ratione. Veniam pariatur voluptas sit ipsum quo ex consectetur.', 0, '2010-10-13 11:37:52');
INSERT INTO `messages` (`id`, `from_user_id`, `to_user_id`, `body`, `is_read`, `created_at`) VALUES ('23', '23', '23', 'Deleniti provident voluptates temporibus. Temporibus enim modi quia accusamus. Nemo minus adipisci quae et eos amet magni.', 0, '2016-07-13 01:12:27');
INSERT INTO `messages` (`id`, `from_user_id`, `to_user_id`, `body`, `is_read`, `created_at`) VALUES ('24', '24', '24', 'Nobis omnis deserunt atque. Consequatur iste non magni.', 1, '1982-11-28 23:08:08');
INSERT INTO `messages` (`id`, `from_user_id`, `to_user_id`, `body`, `is_read`, `created_at`) VALUES ('25', '25', '25', 'Quis quis perspiciatis quis in. Tenetur aperiam voluptatem et est.', 0, '2010-06-16 19:28:18');
INSERT INTO `messages` (`id`, `from_user_id`, `to_user_id`, `body`, `is_read`, `created_at`) VALUES ('26', '26', '26', 'Possimus sit pariatur eius inventore natus aliquam. Quaerat et voluptas sunt maiores illum. Reprehenderit maiores dicta aperiam iusto ipsam ut.', 0, '1989-05-17 08:43:44');
INSERT INTO `messages` (`id`, `from_user_id`, `to_user_id`, `body`, `is_read`, `created_at`) VALUES ('27', '27', '27', 'Omnis odio quisquam distinctio. Voluptatibus rerum numquam autem sunt dolorem est quo. Reprehenderit accusantium quia non iure. Similique voluptatibus cumque qui non consequuntur quos doloribus. Sed dolor est est est quo.', 1, '1993-02-26 12:26:59');
INSERT INTO `messages` (`id`, `from_user_id`, `to_user_id`, `body`, `is_read`, `created_at`) VALUES ('28', '28', '28', 'Quasi et recusandae odio molestiae dicta quo. Voluptas dolores ut qui adipisci est. Ducimus rerum aut nihil est et rerum. Aperiam et eveniet necessitatibus nesciunt.', 0, '1984-03-27 21:55:34');
INSERT INTO `messages` (`id`, `from_user_id`, `to_user_id`, `body`, `is_read`, `created_at`) VALUES ('29', '29', '29', 'Tempore voluptate alias soluta qui ut quasi. Id nobis expedita sint soluta. Libero natus neque explicabo dolorem. Et necessitatibus aperiam beatae laudantium aliquid ex.', 1, '1999-08-05 02:45:22');
INSERT INTO `messages` (`id`, `from_user_id`, `to_user_id`, `body`, `is_read`, `created_at`) VALUES ('30', '30', '30', 'Inventore quo aut similique delectus fugit ad maiores. Harum ut sequi cupiditate omnis. Voluptas a maiores dolores.', 1, '2015-10-27 02:39:46');
INSERT INTO `messages` (`id`, `from_user_id`, `to_user_id`, `body`, `is_read`, `created_at`) VALUES ('31', '31', '31', 'Non aut est rem. Dolorem a in nulla saepe aliquam. Officiis aut recusandae tempora illum eos. Quisquam rem aliquid quos hic dolores fugit.', 1, '1993-09-25 00:06:29');
INSERT INTO `messages` (`id`, `from_user_id`, `to_user_id`, `body`, `is_read`, `created_at`) VALUES ('32', '32', '32', 'Voluptatum voluptas in quasi voluptatem natus. Rerum iste qui qui qui ex illum. Asperiores mollitia earum velit quam libero. Maxime distinctio laborum molestiae praesentium.', 0, '1984-02-27 05:00:37');
INSERT INTO `messages` (`id`, `from_user_id`, `to_user_id`, `body`, `is_read`, `created_at`) VALUES ('33', '33', '33', 'Voluptate et eos saepe sapiente. Voluptatum vel est eos.', 0, '2009-05-09 05:39:53');
INSERT INTO `messages` (`id`, `from_user_id`, `to_user_id`, `body`, `is_read`, `created_at`) VALUES ('34', '34', '34', 'Ipsa sint cum repudiandae ea sed nostrum molestiae id. Possimus est ut doloribus illo deserunt nisi minus. Eum labore qui aut exercitationem.', 1, '1979-07-31 12:42:44');
INSERT INTO `messages` (`id`, `from_user_id`, `to_user_id`, `body`, `is_read`, `created_at`) VALUES ('35', '35', '35', 'Nobis qui eum a dicta esse. Possimus facilis possimus ut. Est quas magnam odio corporis illum aspernatur aut dolores. Ea occaecati voluptas et odit temporibus sunt.', 1, '1975-06-30 04:11:07');
INSERT INTO `messages` (`id`, `from_user_id`, `to_user_id`, `body`, `is_read`, `created_at`) VALUES ('36', '36', '36', 'Occaecati autem impedit eos unde magni id. Maxime assumenda aut natus enim. Labore minus vero impedit doloribus sint pariatur.', 1, '2005-09-25 03:00:51');
INSERT INTO `messages` (`id`, `from_user_id`, `to_user_id`, `body`, `is_read`, `created_at`) VALUES ('37', '37', '37', 'Harum in doloribus iusto veritatis consequatur sit. Dolor quia et dolores doloribus. Voluptas dolorem exercitationem iste velit rem repellendus qui. Et cum nesciunt debitis excepturi velit.', 0, '1977-04-27 21:37:50');
INSERT INTO `messages` (`id`, `from_user_id`, `to_user_id`, `body`, `is_read`, `created_at`) VALUES ('38', '38', '38', 'Pariatur illum sed molestiae sequi nihil deserunt magni mollitia. Est laborum placeat occaecati dolore. Sit et et ex esse quo porro.', 1, '2009-12-28 22:14:28');
INSERT INTO `messages` (`id`, `from_user_id`, `to_user_id`, `body`, `is_read`, `created_at`) VALUES ('39', '39', '39', 'Distinctio porro minus voluptatibus quas. Assumenda sint in consequatur reprehenderit. Adipisci aut vel doloribus.', 1, '1994-06-26 00:09:36');
INSERT INTO `messages` (`id`, `from_user_id`, `to_user_id`, `body`, `is_read`, `created_at`) VALUES ('40', '40', '40', 'Et aspernatur veniam delectus voluptas. Qui at debitis qui dolorum sint id. Sequi maxime facilis soluta doloribus dolores non.', 0, '2012-02-03 10:57:51');
INSERT INTO `messages` (`id`, `from_user_id`, `to_user_id`, `body`, `is_read`, `created_at`) VALUES ('41', '41', '41', 'Voluptas culpa rerum omnis in. Odit suscipit numquam laudantium ut quae nulla dolore. Est est ducimus adipisci quaerat. Non pariatur repellendus impedit aspernatur aspernatur velit dolorem.', 0, '1993-11-25 02:59:05');
INSERT INTO `messages` (`id`, `from_user_id`, `to_user_id`, `body`, `is_read`, `created_at`) VALUES ('42', '42', '42', 'Dolore tempore quia qui voluptatibus mollitia beatae cumque ut. Aspernatur commodi atque qui modi quasi aperiam quia. Voluptate voluptate id maiores ut facilis. Voluptatem perferendis aut autem.', 0, '1979-08-29 14:23:22');
INSERT INTO `messages` (`id`, `from_user_id`, `to_user_id`, `body`, `is_read`, `created_at`) VALUES ('43', '43', '43', 'Pariatur vero dolorum qui. Iste magnam voluptatem et ex et debitis voluptatum. Quia esse nam sint ut.', 0, '2013-12-12 13:16:37');
INSERT INTO `messages` (`id`, `from_user_id`, `to_user_id`, `body`, `is_read`, `created_at`) VALUES ('44', '44', '44', 'Asperiores aut dolorem officiis dignissimos adipisci eius ipsam totam. Eius quas vitae officia molestiae sit. Fuga est dolores quaerat eum quo non. Dolorem autem voluptatum maiores cumque sit possimus ea.', 0, '1992-03-06 04:27:25');
INSERT INTO `messages` (`id`, `from_user_id`, `to_user_id`, `body`, `is_read`, `created_at`) VALUES ('45', '45', '45', 'Porro doloribus ut et quaerat inventore magni qui. Eos accusantium omnis dicta fugit vel delectus magni. Dolor ea quas fugit iusto nesciunt quis. Aperiam sint enim dolorem occaecati.', 1, '2018-10-03 05:48:04');
INSERT INTO `messages` (`id`, `from_user_id`, `to_user_id`, `body`, `is_read`, `created_at`) VALUES ('46', '46', '46', 'Et dolor voluptas quia corporis. Laboriosam officiis ullam corrupti inventore. Voluptas ut commodi vel laborum. Minima omnis consequuntur facere eos molestiae.', 0, '1975-12-03 21:25:52');
INSERT INTO `messages` (`id`, `from_user_id`, `to_user_id`, `body`, `is_read`, `created_at`) VALUES ('47', '47', '47', 'Velit qui qui atque dolor numquam porro. Veritatis nihil repellendus et velit assumenda officiis voluptatibus. Voluptate cumque commodi ut ipsa facilis quas maxime tenetur.', 1, '1980-01-30 04:36:18');
INSERT INTO `messages` (`id`, `from_user_id`, `to_user_id`, `body`, `is_read`, `created_at`) VALUES ('48', '48', '48', 'Rerum delectus quibusdam dolorem voluptas. Expedita sunt a sed non. Quibusdam laborum et animi occaecati expedita et. Sunt ut mollitia repellendus et possimus reiciendis ex.', 0, '2019-05-27 08:36:48');
INSERT INTO `messages` (`id`, `from_user_id`, `to_user_id`, `body`, `is_read`, `created_at`) VALUES ('49', '49', '49', 'In nobis accusantium aliquam est corporis nihil dolorem. A et nemo voluptas quia. Vitae totam et temporibus deleniti nisi id.', 1, '2006-03-18 09:40:12');
INSERT INTO `messages` (`id`, `from_user_id`, `to_user_id`, `body`, `is_read`, `created_at`) VALUES ('50', '50', '50', 'Ad doloribus ut eligendi quas et voluptatem adipisci vel. Et nihil repellendus perferendis veniam. Quo dolor dolorem enim dolorem recusandae quaerat incidunt.', 1, '1975-06-02 00:23:07');
INSERT INTO `messages` (`id`, `from_user_id`, `to_user_id`, `body`, `is_read`, `created_at`) VALUES ('51', '51', '51', 'Et beatae id maiores quibusdam labore quasi. Doloremque sed facilis id rerum aut itaque unde repellat. Necessitatibus ducimus quas rem et delectus eligendi et. Harum illo consectetur ut enim.', 0, '2000-12-13 12:07:22');
INSERT INTO `messages` (`id`, `from_user_id`, `to_user_id`, `body`, `is_read`, `created_at`) VALUES ('52', '52', '52', 'Cumque omnis corporis veniam laudantium. Et ea sint veniam aut soluta voluptatem. Asperiores facilis ut alias sit expedita.', 1, '1992-03-15 01:23:20');
INSERT INTO `messages` (`id`, `from_user_id`, `to_user_id`, `body`, `is_read`, `created_at`) VALUES ('53', '53', '53', 'Est perferendis et ab. Itaque qui voluptas porro magnam est reiciendis saepe. Illum placeat sint molestiae assumenda optio in. Aut unde incidunt molestiae numquam. Nobis ipsa provident id.', 1, '2014-05-30 08:35:15');
INSERT INTO `messages` (`id`, `from_user_id`, `to_user_id`, `body`, `is_read`, `created_at`) VALUES ('54', '54', '54', 'Et praesentium tempora et asperiores inventore excepturi eligendi repellat. Ut consectetur sint sed error est repellat. Iste ipsum et eum accusantium. Necessitatibus et qui quia laudantium.', 1, '1988-12-31 22:15:49');
INSERT INTO `messages` (`id`, `from_user_id`, `to_user_id`, `body`, `is_read`, `created_at`) VALUES ('55', '55', '55', 'Qui saepe nihil consequatur sit fuga ullam mollitia iste. Dolorem distinctio fugit rerum animi nulla. Rerum nobis dolorem omnis doloribus et officiis nam. Eaque voluptatem cupiditate voluptatem sapiente.', 0, '2000-02-09 00:24:53');
INSERT INTO `messages` (`id`, `from_user_id`, `to_user_id`, `body`, `is_read`, `created_at`) VALUES ('56', '56', '56', 'Sed velit ut recusandae minima libero facilis et. Maxime et architecto iste sit sunt praesentium inventore. Et dolores adipisci dolor nisi temporibus doloribus. Dolorum maxime porro possimus repellendus.', 1, '2010-02-15 18:03:21');
INSERT INTO `messages` (`id`, `from_user_id`, `to_user_id`, `body`, `is_read`, `created_at`) VALUES ('57', '57', '57', 'Fugit dicta et praesentium sit eaque at. Nihil laudantium cum vitae voluptatum fuga itaque. Vel quam voluptatibus rerum harum molestiae sunt vero.', 1, '1981-10-10 08:56:12');
INSERT INTO `messages` (`id`, `from_user_id`, `to_user_id`, `body`, `is_read`, `created_at`) VALUES ('58', '58', '58', 'Et fugit corporis delectus voluptatem nesciunt. Sint nemo nihil placeat debitis aut error dolores. Ut at omnis dolore consequatur. Ut quod assumenda necessitatibus dolor illum maxime.', 1, '1996-11-03 12:20:00');
INSERT INTO `messages` (`id`, `from_user_id`, `to_user_id`, `body`, `is_read`, `created_at`) VALUES ('59', '59', '59', 'Laborum minus eaque ut repellendus. Quis voluptas qui eum quis. Laudantium sequi omnis ipsam.', 1, '1997-08-09 18:13:06');
INSERT INTO `messages` (`id`, `from_user_id`, `to_user_id`, `body`, `is_read`, `created_at`) VALUES ('60', '60', '60', 'Dicta deserunt aliquam inventore consequatur. Quam ut natus omnis illo fuga ex. Sit iste neque perferendis nostrum culpa dolores et eveniet. Natus perspiciatis dicta debitis a. Qui quia dignissimos explicabo nisi distinctio minus.', 0, '2004-01-08 22:00:43');
INSERT INTO `messages` (`id`, `from_user_id`, `to_user_id`, `body`, `is_read`, `created_at`) VALUES ('61', '61', '61', 'Necessitatibus delectus quis repudiandae dicta. Voluptatum quidem eos alias. Quisquam earum non expedita quam tenetur. Itaque ipsa ullam rerum sed hic consectetur possimus.', 0, '2002-09-27 17:34:21');
INSERT INTO `messages` (`id`, `from_user_id`, `to_user_id`, `body`, `is_read`, `created_at`) VALUES ('62', '62', '62', 'Tempore doloremque soluta laboriosam est illo. Voluptas ea aperiam sint molestiae omnis. Rerum vero maxime voluptates voluptatem.', 1, '2018-11-02 20:32:05');
INSERT INTO `messages` (`id`, `from_user_id`, `to_user_id`, `body`, `is_read`, `created_at`) VALUES ('63', '63', '63', 'Qui ab ea sapiente consequatur. Sit quibusdam et vel aut. Dolores fugit nihil explicabo temporibus. Necessitatibus rerum omnis amet et.', 0, '1993-12-13 09:53:39');
INSERT INTO `messages` (`id`, `from_user_id`, `to_user_id`, `body`, `is_read`, `created_at`) VALUES ('64', '64', '64', 'Quia et saepe nam sit quibusdam eos. Modi doloremque hic doloribus aperiam. Harum omnis dolores necessitatibus nostrum quo qui.', 1, '1971-12-03 22:34:07');
INSERT INTO `messages` (`id`, `from_user_id`, `to_user_id`, `body`, `is_read`, `created_at`) VALUES ('65', '65', '65', 'Iure assumenda non aut id perferendis dicta explicabo saepe. Accusamus voluptatibus odio aut quidem. Enim rerum enim est qui et a quia. Dolorem ipsum occaecati error impedit dicta quibusdam.', 0, '1999-06-29 02:01:42');
INSERT INTO `messages` (`id`, `from_user_id`, `to_user_id`, `body`, `is_read`, `created_at`) VALUES ('66', '66', '66', 'Repellendus enim eaque est non. Dicta nihil nam aspernatur. Vero hic corrupti earum commodi numquam officiis cumque. Officiis autem occaecati dolorem sit ut. Hic nihil facere dolores ut deleniti est.', 0, '1977-06-02 21:58:06');
INSERT INTO `messages` (`id`, `from_user_id`, `to_user_id`, `body`, `is_read`, `created_at`) VALUES ('67', '67', '67', 'Molestiae molestiae modi totam dolor et. Ut qui commodi accusantium et. Unde sit quidem explicabo. Id autem inventore consequuntur placeat molestiae doloribus quas.', 0, '2018-04-20 03:59:47');
INSERT INTO `messages` (`id`, `from_user_id`, `to_user_id`, `body`, `is_read`, `created_at`) VALUES ('68', '68', '68', 'Placeat impedit adipisci velit nostrum alias natus. Exercitationem animi suscipit velit quo qui. Voluptas eos doloremque voluptatem aperiam quam. Et eius ipsum qui ab.', 0, '1988-04-03 18:37:25');
INSERT INTO `messages` (`id`, `from_user_id`, `to_user_id`, `body`, `is_read`, `created_at`) VALUES ('69', '69', '69', 'Aperiam accusantium est culpa architecto. Ipsum vitae ducimus illum aut qui. Id voluptates eum architecto maiores. Possimus accusamus dicta ea laboriosam et hic.', 0, '1971-02-24 18:24:49');
INSERT INTO `messages` (`id`, `from_user_id`, `to_user_id`, `body`, `is_read`, `created_at`) VALUES ('70', '70', '70', 'Magni molestias officia ut libero vel. Officia ut dolores officia perspiciatis voluptatem quibusdam atque. Ratione impedit non vero et. Consequuntur tempora tenetur et omnis et quidem maiores.', 0, '2008-05-30 17:41:13');
INSERT INTO `messages` (`id`, `from_user_id`, `to_user_id`, `body`, `is_read`, `created_at`) VALUES ('71', '71', '71', 'Esse maxime delectus possimus quisquam quia soluta ut. Eligendi recusandae eveniet at. Necessitatibus quia praesentium beatae reiciendis. Inventore et nihil est rerum aut nihil ea omnis.', 1, '2006-03-22 15:10:23');
INSERT INTO `messages` (`id`, `from_user_id`, `to_user_id`, `body`, `is_read`, `created_at`) VALUES ('72', '72', '72', 'Eligendi eaque sint et temporibus esse explicabo sit. Reprehenderit minima deleniti quis. Et est ut quam quis eveniet.', 1, '1970-11-19 00:39:31');
INSERT INTO `messages` (`id`, `from_user_id`, `to_user_id`, `body`, `is_read`, `created_at`) VALUES ('73', '73', '73', 'Id quidem aliquam doloribus repellendus. Laboriosam et sed harum voluptatibus illo ut incidunt blanditiis. Quisquam eaque incidunt rerum quasi.', 1, '1979-02-23 11:14:23');
INSERT INTO `messages` (`id`, `from_user_id`, `to_user_id`, `body`, `is_read`, `created_at`) VALUES ('74', '74', '74', 'Dicta sit enim architecto minus consectetur ducimus ducimus. Dolores distinctio dolorem suscipit ut fugiat blanditiis nobis. Pariatur unde qui enim cupiditate corporis aliquam doloremque. Rerum saepe fugiat aut et. Impedit ut consequuntur minus libero voluptatem quia.', 0, '1980-12-20 06:52:27');
INSERT INTO `messages` (`id`, `from_user_id`, `to_user_id`, `body`, `is_read`, `created_at`) VALUES ('75', '75', '75', 'Ipsum neque sapiente fugit. Quaerat id voluptatibus a et qui. Nulla consequuntur esse et doloremque cupiditate qui. Natus vitae eligendi provident qui pariatur qui.', 0, '2008-09-03 11:31:47');
INSERT INTO `messages` (`id`, `from_user_id`, `to_user_id`, `body`, `is_read`, `created_at`) VALUES ('76', '76', '76', 'Ad facilis quaerat autem quo. Ipsam nihil quis quibusdam. Et laudantium pariatur repudiandae est culpa saepe fugit dolores. Sequi sunt molestiae quis velit.', 0, '1994-03-29 03:32:25');
INSERT INTO `messages` (`id`, `from_user_id`, `to_user_id`, `body`, `is_read`, `created_at`) VALUES ('77', '77', '77', 'Vero quia officia at aut fuga aut id. Autem reiciendis cupiditate voluptates aut velit ab dolore labore. Fugiat non delectus doloribus unde voluptatibus soluta enim.', 0, '1995-07-28 22:15:57');
INSERT INTO `messages` (`id`, `from_user_id`, `to_user_id`, `body`, `is_read`, `created_at`) VALUES ('78', '78', '78', 'Sed libero et dolor dolorum fugiat. Ut qui perferendis nam. Repudiandae eius molestias voluptas eos beatae ea.', 0, '2018-08-28 15:33:44');
INSERT INTO `messages` (`id`, `from_user_id`, `to_user_id`, `body`, `is_read`, `created_at`) VALUES ('79', '79', '79', 'Unde assumenda nesciunt minus ut fuga et et. Corporis nostrum harum temporibus accusantium aperiam. Qui provident sit enim voluptas illum aperiam harum. Itaque similique nobis qui in unde facilis et repudiandae.', 0, '2003-04-13 12:19:51');
INSERT INTO `messages` (`id`, `from_user_id`, `to_user_id`, `body`, `is_read`, `created_at`) VALUES ('80', '80', '80', 'Inventore veritatis inventore ullam cumque. Maiores accusantium vero id provident autem adipisci amet. Quasi soluta iure ut totam quae totam voluptas.', 1, '1979-05-11 15:58:59');
INSERT INTO `messages` (`id`, `from_user_id`, `to_user_id`, `body`, `is_read`, `created_at`) VALUES ('81', '81', '81', 'Rerum nesciunt sunt aperiam aperiam enim. Quaerat enim animi ullam tenetur ullam. Soluta ut culpa eum sed autem eius. Ad nihil nobis nemo quia asperiores soluta necessitatibus. Est et consequuntur itaque.', 0, '1983-04-10 17:20:32');
INSERT INTO `messages` (`id`, `from_user_id`, `to_user_id`, `body`, `is_read`, `created_at`) VALUES ('82', '82', '82', 'Veniam voluptas non et et ex. Magnam perferendis veniam voluptates. Et quis quisquam expedita a velit aut aut. Est ipsa veritatis unde minima.', 0, '1986-07-25 16:22:37');
INSERT INTO `messages` (`id`, `from_user_id`, `to_user_id`, `body`, `is_read`, `created_at`) VALUES ('83', '83', '83', 'Ut et cupiditate quisquam ullam vero quam pariatur natus. Aut quos provident at est. Sed alias quis beatae ea laborum tempore. Omnis reprehenderit odit voluptates tempore quia voluptas sequi fuga.', 1, '1971-07-16 02:34:23');
INSERT INTO `messages` (`id`, `from_user_id`, `to_user_id`, `body`, `is_read`, `created_at`) VALUES ('84', '84', '84', 'Quis doloribus quae dolorem consequuntur sapiente ex iure blanditiis. Et vel ullam et qui nihil optio autem corporis. Ut magnam voluptates quis iusto.', 1, '1994-05-26 19:40:17');
INSERT INTO `messages` (`id`, `from_user_id`, `to_user_id`, `body`, `is_read`, `created_at`) VALUES ('85', '85', '85', 'Omnis recusandae in molestias officia. Dolorem consequatur officiis aspernatur est est. Voluptas et corrupti quia et iure tempora labore. Nobis quas iure error molestiae corrupti.', 0, '1979-02-17 11:35:11');
INSERT INTO `messages` (`id`, `from_user_id`, `to_user_id`, `body`, `is_read`, `created_at`) VALUES ('86', '86', '86', 'Saepe non deleniti ex eos sit cupiditate et. Soluta similique quae laudantium voluptas et accusantium voluptatibus nesciunt. Ipsam pariatur aliquid eos in placeat.', 1, '1981-11-13 17:03:20');
INSERT INTO `messages` (`id`, `from_user_id`, `to_user_id`, `body`, `is_read`, `created_at`) VALUES ('87', '87', '87', 'Quaerat quod itaque doloribus tempora et qui facilis repellat. Quia repudiandae quam ex ex quibusdam impedit. Libero eaque quisquam reprehenderit autem. Dolor tempore et sit cupiditate.', 1, '2018-05-29 05:51:01');
INSERT INTO `messages` (`id`, `from_user_id`, `to_user_id`, `body`, `is_read`, `created_at`) VALUES ('88', '88', '88', 'Optio consequatur dolorem repudiandae voluptas. Perspiciatis dolores voluptatem ea in praesentium. Veniam et quo optio quisquam eveniet aspernatur et. Voluptas aliquam id sint id.', 0, '1997-02-07 21:03:46');
INSERT INTO `messages` (`id`, `from_user_id`, `to_user_id`, `body`, `is_read`, `created_at`) VALUES ('89', '89', '89', 'Dicta voluptas et explicabo quas vitae. Et nihil autem repudiandae consequatur sit non. Rem et rerum inventore voluptas omnis.', 1, '2014-03-13 12:56:25');
INSERT INTO `messages` (`id`, `from_user_id`, `to_user_id`, `body`, `is_read`, `created_at`) VALUES ('90', '90', '90', 'Neque nihil voluptatem nihil earum corporis. Recusandae eum magnam totam quia nihil. Delectus labore dignissimos praesentium et qui. Officiis sed excepturi qui quia. Veritatis qui doloremque ipsam eligendi et similique.', 0, '1983-03-20 01:31:27');
INSERT INTO `messages` (`id`, `from_user_id`, `to_user_id`, `body`, `is_read`, `created_at`) VALUES ('91', '91', '91', 'Est omnis quis a dolorum corrupti. Iste ab hic omnis exercitationem sed molestiae ipsum. Quos inventore voluptas non velit earum consequuntur.', 0, '2000-08-01 10:14:30');
INSERT INTO `messages` (`id`, `from_user_id`, `to_user_id`, `body`, `is_read`, `created_at`) VALUES ('92', '92', '92', 'Qui blanditiis quasi ab harum non qui. Aperiam incidunt ea eaque ratione consequatur fugit excepturi. Iure consectetur eum impedit dicta.', 0, '2004-02-19 08:53:35');
INSERT INTO `messages` (`id`, `from_user_id`, `to_user_id`, `body`, `is_read`, `created_at`) VALUES ('93', '93', '93', 'Atque est eum reprehenderit qui vel et. Eos et assumenda ducimus amet nostrum. Ex et culpa voluptas nesciunt.', 1, '2019-10-12 18:27:24');
INSERT INTO `messages` (`id`, `from_user_id`, `to_user_id`, `body`, `is_read`, `created_at`) VALUES ('94', '94', '94', 'Aut cum accusantium molestiae culpa numquam deleniti dolore. Porro autem quia ducimus quia et facere. Et reprehenderit asperiores odit temporibus vitae eius non. Ullam totam officia ut aut placeat dolorem.', 0, '2011-06-26 03:06:06');
INSERT INTO `messages` (`id`, `from_user_id`, `to_user_id`, `body`, `is_read`, `created_at`) VALUES ('95', '95', '95', 'Et voluptatibus aut quis aliquid deleniti sint reiciendis. Ut non sequi sint quasi quibusdam. Accusantium eaque quos adipisci.', 1, '1990-05-23 08:02:19');
INSERT INTO `messages` (`id`, `from_user_id`, `to_user_id`, `body`, `is_read`, `created_at`) VALUES ('96', '96', '96', 'Quam consectetur non et laboriosam. Consectetur eligendi asperiores fugit quaerat accusantium. Blanditiis perferendis sit et minus fugiat similique omnis aspernatur.', 0, '1996-05-27 15:24:04');
INSERT INTO `messages` (`id`, `from_user_id`, `to_user_id`, `body`, `is_read`, `created_at`) VALUES ('97', '97', '97', 'Laboriosam ab distinctio qui beatae non quo eos. Amet modi facere qui dolorem. Et vitae quos velit alias ut quasi. Similique beatae est nihil ratione est unde.', 0, '1998-10-22 09:58:40');
INSERT INTO `messages` (`id`, `from_user_id`, `to_user_id`, `body`, `is_read`, `created_at`) VALUES ('98', '98', '98', 'Aperiam et labore incidunt nam nihil ut. Nihil modi alias qui voluptas autem. Corrupti veritatis natus est vel dolorem dolores.', 0, '1983-09-15 03:55:14');
INSERT INTO `messages` (`id`, `from_user_id`, `to_user_id`, `body`, `is_read`, `created_at`) VALUES ('99', '99', '99', 'Debitis commodi ut quia ea ut. Sequi molestiae odit praesentium impedit.', 0, '1992-01-11 14:45:33');
INSERT INTO `messages` (`id`, `from_user_id`, `to_user_id`, `body`, `is_read`, `created_at`) VALUES ('100', '100', '100', 'In consequatur cupiditate ad at modi reiciendis. Enim labore rerum iure. Accusamus aliquam deleniti in ullam ipsum omnis dolor. Culpa delectus ea necessitatibus aspernatur.', 0, '2014-06-27 02:41:27');


#
# TABLE STRUCTURE FOR: photos
#

DROP TABLE IF EXISTS `photos`;

CREATE TABLE `photos` (
  `id` bigint(20) unsigned NOT NULL AUTO_INCREMENT,
  `file` varchar(255) COLLATE utf8_unicode_ci DEFAULT NULL,
  `user_id` bigint(20) unsigned NOT NULL,
  `description` text COLLATE utf8_unicode_ci DEFAULT NULL,
  `created_at` datetime DEFAULT current_timestamp(),
  `updated_at` datetime DEFAULT current_timestamp() ON UPDATE current_timestamp(),
  PRIMARY KEY (`id`),
  KEY `user_id` (`user_id`),
  CONSTRAINT `photos_ibfk_1` FOREIGN KEY (`user_id`) REFERENCES `users` (`id`)
) ENGINE=InnoDB AUTO_INCREMENT=101 DEFAULT CHARSET=utf8 COLLATE=utf8_unicode_ci;

INSERT INTO `photos` (`id`, `file`, `user_id`, `description`, `created_at`, `updated_at`) VALUES ('1', 'http://lorempixel.com/640/480/', '1', 'Et iusto debitis corrupti fuga aspernatur ullam. Voluptatem mollitia maiores nihil voluptatum aut neque. Id et sint at voluptatem quis et rem.', '1975-08-08 05:43:05', '1997-03-17 14:40:21');
INSERT INTO `photos` (`id`, `file`, `user_id`, `description`, `created_at`, `updated_at`) VALUES ('2', 'http://lorempixel.com/640/480/', '2', 'Voluptatibus quis velit voluptates molestias. Voluptas ut dolor ea quo quo. Aliquid quas accusantium aut quod. Officia quaerat repellendus cumque excepturi non quis.', '1985-08-19 13:51:13', '2001-10-16 15:39:15');
INSERT INTO `photos` (`id`, `file`, `user_id`, `description`, `created_at`, `updated_at`) VALUES ('3', 'http://lorempixel.com/640/480/', '3', 'Optio voluptates consequatur animi adipisci eos vero quod est. In ratione blanditiis dicta dolores. Illum consequatur laboriosam eligendi consequuntur. Quam animi doloribus odio tempore et rerum qui.', '1971-02-28 01:18:07', '2010-04-17 23:04:04');
INSERT INTO `photos` (`id`, `file`, `user_id`, `description`, `created_at`, `updated_at`) VALUES ('4', 'http://lorempixel.com/640/480/', '4', 'Ipsum deleniti odio itaque laboriosam id. Nemo accusantium voluptatibus et eaque.', '2008-02-20 20:16:30', '2006-07-10 09:55:34');
INSERT INTO `photos` (`id`, `file`, `user_id`, `description`, `created_at`, `updated_at`) VALUES ('5', 'http://lorempixel.com/640/480/', '5', 'Similique fugiat incidunt unde et maiores molestiae. Dicta blanditiis non nostrum ut explicabo unde cumque. Debitis modi optio labore sed.', '2007-08-15 19:53:11', '1991-03-30 22:04:26');
INSERT INTO `photos` (`id`, `file`, `user_id`, `description`, `created_at`, `updated_at`) VALUES ('6', 'http://lorempixel.com/640/480/', '6', 'Magni assumenda in beatae ullam veritatis. Ipsa quaerat voluptatem exercitationem voluptatem dolor quia possimus. Ut incidunt voluptatem labore omnis est quis dolor cum.', '1980-05-09 02:53:35', '1971-10-07 00:58:14');
INSERT INTO `photos` (`id`, `file`, `user_id`, `description`, `created_at`, `updated_at`) VALUES ('7', 'http://lorempixel.com/640/480/', '7', 'Consequatur voluptates dignissimos nulla mollitia magni cumque consequuntur natus. Quos architecto quia est nobis et at mollitia. Qui dolores laborum omnis qui rem reprehenderit.', '1973-06-28 12:28:03', '2017-03-18 11:54:13');
INSERT INTO `photos` (`id`, `file`, `user_id`, `description`, `created_at`, `updated_at`) VALUES ('8', 'http://lorempixel.com/640/480/', '8', 'Et et non est nemo facilis et. Id similique maxime est et dolorem quam. Sit ea deserunt totam aspernatur modi tenetur. Assumenda praesentium repellat qui voluptatem. Repellat suscipit quibusdam esse repudiandae et voluptates.', '1972-02-18 16:38:28', '1974-08-18 16:55:07');
INSERT INTO `photos` (`id`, `file`, `user_id`, `description`, `created_at`, `updated_at`) VALUES ('9', 'http://lorempixel.com/640/480/', '9', 'Quas qui ipsa voluptates culpa eos facilis consequuntur. Quisquam commodi corporis inventore optio nihil beatae. Itaque velit quos et aut quas. Nam corrupti animi autem voluptatum.', '1983-11-16 15:21:46', '1981-02-14 03:58:54');
INSERT INTO `photos` (`id`, `file`, `user_id`, `description`, `created_at`, `updated_at`) VALUES ('10', 'http://lorempixel.com/640/480/', '10', 'Ad ut laudantium commodi natus esse et provident. Dolor laborum eaque ipsum temporibus et sint deserunt. Error qui nostrum amet sunt blanditiis hic ad.', '2016-04-10 08:52:22', '2006-09-18 05:22:02');
INSERT INTO `photos` (`id`, `file`, `user_id`, `description`, `created_at`, `updated_at`) VALUES ('11', 'http://lorempixel.com/640/480/', '11', 'Delectus mollitia aut qui non. Natus sit facilis ea et. Sed vitae tempora voluptas expedita ex quaerat. Aut fugit nobis quia et quasi laudantium.', '1976-05-20 01:42:51', '2003-10-10 22:47:42');
INSERT INTO `photos` (`id`, `file`, `user_id`, `description`, `created_at`, `updated_at`) VALUES ('12', 'http://lorempixel.com/640/480/', '12', 'Quo deserunt quo nemo quibusdam consequatur. Ab minus veniam atque facilis. Ea repudiandae laudantium libero odio.', '1984-09-11 01:28:42', '1976-11-11 10:06:04');
INSERT INTO `photos` (`id`, `file`, `user_id`, `description`, `created_at`, `updated_at`) VALUES ('13', 'http://lorempixel.com/640/480/', '13', 'Facere dolor molestiae et dolorem eos corrupti sit. Quasi harum velit nobis. Deserunt necessitatibus et veniam voluptas optio beatae dicta. Illum libero similique ipsa vero deleniti.', '2006-05-22 10:05:12', '1980-05-20 07:21:37');
INSERT INTO `photos` (`id`, `file`, `user_id`, `description`, `created_at`, `updated_at`) VALUES ('14', 'http://lorempixel.com/640/480/', '14', 'Nam doloribus itaque quae ipsa aut nihil sit accusantium. Dolor veniam est officia.', '1990-10-09 08:17:55', '1971-11-28 04:16:10');
INSERT INTO `photos` (`id`, `file`, `user_id`, `description`, `created_at`, `updated_at`) VALUES ('15', 'http://lorempixel.com/640/480/', '15', 'Rerum voluptatem dolore doloribus natus optio cupiditate. Rerum ut ipsam qui voluptas dicta iste. Sed deleniti error natus impedit ut dolorem vel. Non fuga laborum deserunt deleniti delectus ab.', '2017-04-23 00:17:56', '2001-09-29 01:22:50');
INSERT INTO `photos` (`id`, `file`, `user_id`, `description`, `created_at`, `updated_at`) VALUES ('16', 'http://lorempixel.com/640/480/', '16', 'Laboriosam quis voluptas sit iure magnam nesciunt qui. Laboriosam rem rerum quibusdam beatae modi. Omnis sunt ut illo quia beatae qui. Rerum dignissimos et ut.', '2015-08-16 06:15:45', '1986-11-12 09:14:37');
INSERT INTO `photos` (`id`, `file`, `user_id`, `description`, `created_at`, `updated_at`) VALUES ('17', 'http://lorempixel.com/640/480/', '17', 'Animi libero reprehenderit doloremque porro sequi rerum ex. Soluta minus quo neque ea. Adipisci quisquam neque deserunt in magni culpa. Est cupiditate officia blanditiis.', '1975-06-06 04:07:47', '1987-07-31 21:50:54');
INSERT INTO `photos` (`id`, `file`, `user_id`, `description`, `created_at`, `updated_at`) VALUES ('18', 'http://lorempixel.com/640/480/', '18', 'Sequi voluptatem quia est necessitatibus quis. Neque incidunt quo neque sed sint. Perspiciatis ut reprehenderit blanditiis eum quibusdam placeat impedit ipsam.', '2002-10-16 19:08:54', '1989-12-18 04:53:11');
INSERT INTO `photos` (`id`, `file`, `user_id`, `description`, `created_at`, `updated_at`) VALUES ('19', 'http://lorempixel.com/640/480/', '19', 'Sunt aut est labore quae sit. Consectetur et ad et quasi. Est enim nihil sit repellat aliquid quae velit.', '1997-03-01 01:02:30', '1985-06-10 16:07:19');
INSERT INTO `photos` (`id`, `file`, `user_id`, `description`, `created_at`, `updated_at`) VALUES ('20', 'http://lorempixel.com/640/480/', '20', 'Eveniet ad quia perspiciatis ut enim sit. Dolorem quisquam maiores qui tenetur optio aut. A a ea est nostrum accusantium expedita nesciunt.', '1985-08-28 15:27:42', '1974-08-22 13:36:40');
INSERT INTO `photos` (`id`, `file`, `user_id`, `description`, `created_at`, `updated_at`) VALUES ('21', 'http://lorempixel.com/640/480/', '21', 'Ut explicabo provident exercitationem consequatur voluptas inventore nostrum omnis. Ea itaque dolores ad. Sit mollitia molestiae consequatur aliquam. Sit inventore eum praesentium fugiat cumque saepe qui.', '2000-05-17 01:45:13', '1992-06-19 11:08:20');
INSERT INTO `photos` (`id`, `file`, `user_id`, `description`, `created_at`, `updated_at`) VALUES ('22', 'http://lorempixel.com/640/480/', '22', 'Quisquam animi laboriosam voluptate voluptates nostrum veniam. Voluptates accusamus autem ea quaerat voluptates ipsa. Quis aut veritatis minima est veritatis qui. Quo perspiciatis ex et sed incidunt et omnis harum.', '1985-03-27 05:18:54', '1998-08-16 23:50:58');
INSERT INTO `photos` (`id`, `file`, `user_id`, `description`, `created_at`, `updated_at`) VALUES ('23', 'http://lorempixel.com/640/480/', '23', 'Incidunt vitae corrupti et ea. Culpa et et vel quae id voluptatum et.', '1988-12-13 14:07:54', '2000-12-06 08:04:55');
INSERT INTO `photos` (`id`, `file`, `user_id`, `description`, `created_at`, `updated_at`) VALUES ('24', 'http://lorempixel.com/640/480/', '24', 'Est incidunt odit totam. Soluta ratione qui nobis nulla nisi aliquid itaque culpa. Temporibus rerum qui laboriosam impedit possimus quas velit.', '2001-12-31 04:00:51', '2000-02-03 04:21:29');
INSERT INTO `photos` (`id`, `file`, `user_id`, `description`, `created_at`, `updated_at`) VALUES ('25', 'http://lorempixel.com/640/480/', '25', 'Voluptatem delectus aut asperiores reprehenderit vero. Quas voluptatem maiores quidem voluptates et enim corrupti. Omnis consequatur ut in nobis quas adipisci. Velit unde saepe nisi ut iste accusamus assumenda.', '2012-04-18 09:18:16', '2016-01-07 04:44:07');
INSERT INTO `photos` (`id`, `file`, `user_id`, `description`, `created_at`, `updated_at`) VALUES ('26', 'http://lorempixel.com/640/480/', '26', 'Labore et omnis porro error. Voluptatem iusto libero quia quam eligendi. Unde voluptatem illum ipsum sed. Vero commodi expedita temporibus voluptate.', '1979-12-25 20:21:22', '1975-04-26 02:54:42');
INSERT INTO `photos` (`id`, `file`, `user_id`, `description`, `created_at`, `updated_at`) VALUES ('27', 'http://lorempixel.com/640/480/', '27', 'Dolor accusamus cumque qui possimus quam. Doloribus est illum animi totam ea. Voluptatem id accusantium voluptatibus deleniti voluptas eum.', '1999-05-29 15:56:31', '1975-03-13 12:09:32');
INSERT INTO `photos` (`id`, `file`, `user_id`, `description`, `created_at`, `updated_at`) VALUES ('28', 'http://lorempixel.com/640/480/', '28', 'Ut iusto adipisci magni consequatur temporibus dolores doloremque. Incidunt et nostrum enim nisi odio pariatur. Ex non voluptatem placeat molestias debitis culpa. Qui et blanditiis id quia autem iure. Consequatur est soluta ipsam sint doloremque corrupti dolores.', '1999-05-05 17:42:22', '2002-06-19 06:20:58');
INSERT INTO `photos` (`id`, `file`, `user_id`, `description`, `created_at`, `updated_at`) VALUES ('29', 'http://lorempixel.com/640/480/', '29', 'Eveniet soluta eos enim est doloremque libero. Placeat aliquam officiis autem hic pariatur debitis et. Veritatis et dolor exercitationem.', '1980-07-17 12:21:56', '1974-06-23 09:34:19');
INSERT INTO `photos` (`id`, `file`, `user_id`, `description`, `created_at`, `updated_at`) VALUES ('30', 'http://lorempixel.com/640/480/', '30', 'Vero dignissimos voluptates assumenda voluptates. Deserunt ut aliquid quibusdam laboriosam id. Quam et autem dolores rerum. Dolorem velit est ut est.', '1995-08-27 05:23:35', '2012-10-31 17:06:52');
INSERT INTO `photos` (`id`, `file`, `user_id`, `description`, `created_at`, `updated_at`) VALUES ('31', 'http://lorempixel.com/640/480/', '31', 'Dolorem veritatis dolor nulla nihil sed. Quas reiciendis voluptatem enim qui id. Est ut et commodi vel repellat sed. Dolor qui et minima architecto.', '1972-01-04 12:44:22', '2015-03-08 21:52:15');
INSERT INTO `photos` (`id`, `file`, `user_id`, `description`, `created_at`, `updated_at`) VALUES ('32', 'http://lorempixel.com/640/480/', '32', 'Qui autem veniam fuga quibusdam. Nam omnis ipsam nobis ut velit sed. Consequatur quis enim in non aut. Qui vel adipisci quasi cum quasi in.', '2010-01-10 04:01:28', '1986-11-28 02:43:08');
INSERT INTO `photos` (`id`, `file`, `user_id`, `description`, `created_at`, `updated_at`) VALUES ('33', 'http://lorempixel.com/640/480/', '33', 'Sunt doloribus ut eveniet eum hic. Libero officia neque ea sint ducimus optio tempora. Omnis ad eos voluptatem sunt aperiam voluptatem dolores.', '1973-11-19 21:41:17', '2017-10-05 03:41:32');
INSERT INTO `photos` (`id`, `file`, `user_id`, `description`, `created_at`, `updated_at`) VALUES ('34', 'http://lorempixel.com/640/480/', '34', 'Iusto vero minima consequatur necessitatibus. Sed accusamus dolorem accusantium suscipit autem. Commodi odit dolor esse voluptas in. Harum voluptas vel mollitia. Dolore vel qui voluptates rerum reprehenderit at.', '1998-10-03 18:34:31', '1994-07-25 11:34:16');
INSERT INTO `photos` (`id`, `file`, `user_id`, `description`, `created_at`, `updated_at`) VALUES ('35', 'http://lorempixel.com/640/480/', '35', 'Commodi quia corrupti qui voluptatibus odio modi cupiditate. Distinctio beatae labore commodi reprehenderit non fuga tempora.', '2002-04-20 21:44:12', '2005-05-26 12:34:59');
INSERT INTO `photos` (`id`, `file`, `user_id`, `description`, `created_at`, `updated_at`) VALUES ('36', 'http://lorempixel.com/640/480/', '36', 'Vitae ex voluptatum omnis ex molestias facilis. Amet doloremque enim officia possimus. Autem et mollitia quae dolores doloribus distinctio voluptates.', '1998-04-14 00:32:59', '2017-04-17 16:25:52');
INSERT INTO `photos` (`id`, `file`, `user_id`, `description`, `created_at`, `updated_at`) VALUES ('37', 'http://lorempixel.com/640/480/', '37', 'Consequatur non qui illo similique repudiandae. Enim excepturi similique recusandae odit incidunt quas maxime eaque. Nihil odit voluptatem quo aut ipsam dolorum.', '2004-10-18 02:41:35', '2020-05-22 21:46:39');
INSERT INTO `photos` (`id`, `file`, `user_id`, `description`, `created_at`, `updated_at`) VALUES ('38', 'http://lorempixel.com/640/480/', '38', 'Nulla aut molestiae ut. Ea sint sit impedit molestias. Dolor in facilis qui explicabo nobis sunt. Enim et aspernatur itaque ipsam ut exercitationem quia.', '2006-08-13 13:07:23', '1976-07-10 01:08:56');
INSERT INTO `photos` (`id`, `file`, `user_id`, `description`, `created_at`, `updated_at`) VALUES ('39', 'http://lorempixel.com/640/480/', '39', 'Omnis repudiandae quam modi cum est. Adipisci ea voluptas sed perferendis ipsa voluptate eos. Et iure accusamus harum itaque ipsam qui.', '2006-07-18 11:47:32', '2017-08-31 15:10:46');
INSERT INTO `photos` (`id`, `file`, `user_id`, `description`, `created_at`, `updated_at`) VALUES ('40', 'http://lorempixel.com/640/480/', '40', 'Et alias beatae facere praesentium. Quam facere beatae ut sed quidem necessitatibus saepe. Ullam perferendis voluptas animi quis suscipit.', '1994-05-19 13:50:23', '1980-06-13 07:27:58');
INSERT INTO `photos` (`id`, `file`, `user_id`, `description`, `created_at`, `updated_at`) VALUES ('41', 'http://lorempixel.com/640/480/', '41', 'Est ducimus cupiditate eaque atque aliquid voluptatibus qui accusantium. Laborum qui distinctio quo facilis. Ducimus ut dolor non deleniti eligendi aut quia. Possimus nemo provident itaque cupiditate.', '2019-02-05 06:48:56', '1994-06-25 00:15:14');
INSERT INTO `photos` (`id`, `file`, `user_id`, `description`, `created_at`, `updated_at`) VALUES ('42', 'http://lorempixel.com/640/480/', '42', 'Ut officia iusto amet minus in sed. Quaerat rerum magnam rerum ratione illo qui. Voluptatem enim molestiae ratione illum. Laudantium similique quia qui.', '1990-06-10 08:38:21', '1985-09-15 16:15:52');
INSERT INTO `photos` (`id`, `file`, `user_id`, `description`, `created_at`, `updated_at`) VALUES ('43', 'http://lorempixel.com/640/480/', '43', 'Excepturi voluptatem voluptatem asperiores veniam nulla. A laboriosam iure voluptatem possimus non hic. Earum quod quam itaque possimus.', '1986-07-01 02:44:02', '1994-04-06 15:11:21');
INSERT INTO `photos` (`id`, `file`, `user_id`, `description`, `created_at`, `updated_at`) VALUES ('44', 'http://lorempixel.com/640/480/', '44', 'Nulla quia molestias hic. Quibusdam facere dolor ea non velit sit. Rem ut repellendus voluptas consequuntur qui. Adipisci laboriosam modi vitae praesentium eum minus quae.', '1988-12-22 05:05:47', '2001-07-22 06:29:32');
INSERT INTO `photos` (`id`, `file`, `user_id`, `description`, `created_at`, `updated_at`) VALUES ('45', 'http://lorempixel.com/640/480/', '45', 'Ab explicabo repellat omnis neque ratione. Expedita necessitatibus est accusantium sunt et vero consequatur. Et voluptas quas rerum sed blanditiis soluta nisi. Voluptates vel sed quis accusamus ut quae molestiae.', '1984-06-18 22:33:28', '1994-09-01 14:47:40');
INSERT INTO `photos` (`id`, `file`, `user_id`, `description`, `created_at`, `updated_at`) VALUES ('46', 'http://lorempixel.com/640/480/', '46', 'Officia assumenda laudantium ut blanditiis. Impedit possimus voluptatibus voluptatem dolorum. Quia qui tempora officiis officia iste id. Illum dolorum dolorum inventore et.', '2000-08-06 03:52:07', '2008-09-04 19:22:04');
INSERT INTO `photos` (`id`, `file`, `user_id`, `description`, `created_at`, `updated_at`) VALUES ('47', 'http://lorempixel.com/640/480/', '47', 'Consequatur totam illum laboriosam magnam inventore rem nulla. Eligendi libero ratione dignissimos. Aut dolorem temporibus officiis vel rem sed.', '2016-06-30 03:22:37', '1994-10-08 09:05:27');
INSERT INTO `photos` (`id`, `file`, `user_id`, `description`, `created_at`, `updated_at`) VALUES ('48', 'http://lorempixel.com/640/480/', '48', 'Enim exercitationem aut rerum dolor exercitationem ut. Doloremque qui omnis aliquid omnis aspernatur sit. Est quia recusandae dolorem tempore. Inventore sed nulla qui qui tenetur praesentium dolores.', '2000-12-12 06:58:43', '2001-11-17 13:08:14');
INSERT INTO `photos` (`id`, `file`, `user_id`, `description`, `created_at`, `updated_at`) VALUES ('49', 'http://lorempixel.com/640/480/', '49', 'Non assumenda voluptatem magni autem inventore rem. Ea molestias sit consequatur qui minus eum et. Cum sint magni iusto ut.', '1980-07-15 02:37:47', '2008-09-03 11:00:05');
INSERT INTO `photos` (`id`, `file`, `user_id`, `description`, `created_at`, `updated_at`) VALUES ('50', 'http://lorempixel.com/640/480/', '50', 'Quia aspernatur sunt porro qui veritatis possimus doloribus eligendi. Rerum voluptas omnis qui. Dolorum nam eos ex inventore sed expedita. Quos optio eos voluptas voluptas laborum quia.', '2011-04-29 14:11:42', '2016-07-22 23:26:22');
INSERT INTO `photos` (`id`, `file`, `user_id`, `description`, `created_at`, `updated_at`) VALUES ('51', 'http://lorempixel.com/640/480/', '51', 'Cupiditate ad asperiores assumenda vel aut. Quia nisi rem aut fugit aut officiis qui. Fugit corporis dolorem ipsa aut exercitationem ex quis.', '2006-08-17 13:18:21', '2003-07-28 22:31:04');
INSERT INTO `photos` (`id`, `file`, `user_id`, `description`, `created_at`, `updated_at`) VALUES ('52', 'http://lorempixel.com/640/480/', '52', 'Molestiae rerum laborum quibusdam ad porro soluta iusto sint. Eius sit ipsa tempore in. Accusamus cumque occaecati corrupti et.', '2005-05-30 01:53:16', '1980-08-02 20:14:43');
INSERT INTO `photos` (`id`, `file`, `user_id`, `description`, `created_at`, `updated_at`) VALUES ('53', 'http://lorempixel.com/640/480/', '53', 'Eius neque est officia incidunt. Impedit soluta sequi dolorum. Architecto accusantium corporis et id quibusdam. Cumque deleniti consequuntur quos perspiciatis eaque minus.', '2005-12-21 14:55:42', '2012-08-27 07:04:04');
INSERT INTO `photos` (`id`, `file`, `user_id`, `description`, `created_at`, `updated_at`) VALUES ('54', 'http://lorempixel.com/640/480/', '54', 'Qui autem eum sit nemo ut asperiores dolorem ut. Consequatur voluptas delectus facere cupiditate exercitationem. Sequi porro mollitia consequatur omnis est animi.', '1988-04-11 10:34:58', '1990-12-21 05:33:01');
INSERT INTO `photos` (`id`, `file`, `user_id`, `description`, `created_at`, `updated_at`) VALUES ('55', 'http://lorempixel.com/640/480/', '55', 'Deserunt adipisci quia dolor nihil laboriosam voluptates. Temporibus et vitae et nihil nihil provident dolores. Nemo iusto deleniti asperiores.', '2009-10-22 15:56:30', '2008-09-27 09:43:11');
INSERT INTO `photos` (`id`, `file`, `user_id`, `description`, `created_at`, `updated_at`) VALUES ('56', 'http://lorempixel.com/640/480/', '56', 'In architecto fuga modi quae odio qui sunt ut. Repellendus voluptatem voluptatum vitae veniam eligendi vel eos.', '1992-09-15 14:52:25', '2002-08-14 07:10:40');
INSERT INTO `photos` (`id`, `file`, `user_id`, `description`, `created_at`, `updated_at`) VALUES ('57', 'http://lorempixel.com/640/480/', '57', 'Quis omnis recusandae et incidunt atque numquam occaecati ut. Omnis laboriosam ducimus aliquid qui quia. Ut et quos omnis repellendus qui. Et doloremque aspernatur perspiciatis unde rem.', '1974-12-02 14:39:24', '1985-05-22 16:42:19');
INSERT INTO `photos` (`id`, `file`, `user_id`, `description`, `created_at`, `updated_at`) VALUES ('58', 'http://lorempixel.com/640/480/', '58', 'Adipisci rerum tempora minima ipsam consequatur. Doloribus consequatur vel aut quia voluptatem tempora animi.', '2008-12-19 08:01:17', '2007-11-18 05:00:10');
INSERT INTO `photos` (`id`, `file`, `user_id`, `description`, `created_at`, `updated_at`) VALUES ('59', 'http://lorempixel.com/640/480/', '59', 'Et dolore explicabo et accusantium natus molestias tempore. Eius in maiores quia. Sapiente nihil sed deserunt aperiam soluta inventore laudantium cum.', '1997-04-08 06:21:14', '2020-01-03 15:59:19');
INSERT INTO `photos` (`id`, `file`, `user_id`, `description`, `created_at`, `updated_at`) VALUES ('60', 'http://lorempixel.com/640/480/', '60', 'Aut at impedit sunt sed sunt. Quis suscipit aut ut voluptatum. Blanditiis aut vitae enim saepe dolorem esse ad. Magnam dolorum corrupti quaerat velit aut maxime.', '2005-10-09 14:23:20', '1976-04-01 14:54:49');
INSERT INTO `photos` (`id`, `file`, `user_id`, `description`, `created_at`, `updated_at`) VALUES ('61', 'http://lorempixel.com/640/480/', '61', 'Eligendi voluptatem occaecati qui repellendus sed voluptas architecto. Enim consequuntur libero dolor ipsam nisi tempore iure distinctio. Et et enim delectus itaque minima. Vero ratione voluptate modi accusantium.', '1984-09-27 18:49:55', '2017-11-29 03:16:57');
INSERT INTO `photos` (`id`, `file`, `user_id`, `description`, `created_at`, `updated_at`) VALUES ('62', 'http://lorempixel.com/640/480/', '62', 'Consequatur eius culpa architecto optio sequi. Eaque ut sunt commodi dolorem sunt. Sapiente sit ea amet laborum aut esse et.', '1984-01-04 01:11:07', '2003-10-08 10:19:13');
INSERT INTO `photos` (`id`, `file`, `user_id`, `description`, `created_at`, `updated_at`) VALUES ('63', 'http://lorempixel.com/640/480/', '63', 'Esse quo et dicta quasi qui vel. Quas cupiditate amet sequi ea. Fugiat fuga voluptatem et. Rerum labore iure et qui sit consectetur aut.', '1998-09-01 06:08:01', '1986-06-27 03:58:28');
INSERT INTO `photos` (`id`, `file`, `user_id`, `description`, `created_at`, `updated_at`) VALUES ('64', 'http://lorempixel.com/640/480/', '64', 'Quibusdam impedit alias aut voluptatem. Distinctio ex tempore eveniet illo officiis quae aliquid. Aut sequi rerum perspiciatis autem consequuntur qui doloribus in. Et autem molestiae molestiae.', '1984-01-31 17:16:53', '2011-10-01 02:11:41');
INSERT INTO `photos` (`id`, `file`, `user_id`, `description`, `created_at`, `updated_at`) VALUES ('65', 'http://lorempixel.com/640/480/', '65', 'Esse eius blanditiis esse quasi magni tenetur molestiae nobis. Totam voluptatum sunt recusandae eum voluptatem molestias. Unde necessitatibus reprehenderit deleniti eum.', '2009-03-10 06:07:39', '2011-04-23 19:19:47');
INSERT INTO `photos` (`id`, `file`, `user_id`, `description`, `created_at`, `updated_at`) VALUES ('66', 'http://lorempixel.com/640/480/', '66', 'Ut sint occaecati sit porro ex voluptate. Accusamus dolores quia ratione consequatur ea qui.', '1973-10-06 05:52:19', '1984-11-05 05:19:24');
INSERT INTO `photos` (`id`, `file`, `user_id`, `description`, `created_at`, `updated_at`) VALUES ('67', 'http://lorempixel.com/640/480/', '67', 'Autem est veritatis ea tempore ex voluptates ratione. Ex non ea odit sit sit sed. Minus tenetur accusamus non sit et qui explicabo ut. Nulla unde eum pariatur aperiam a.', '2020-04-20 14:30:55', '2002-04-05 00:17:50');
INSERT INTO `photos` (`id`, `file`, `user_id`, `description`, `created_at`, `updated_at`) VALUES ('68', 'http://lorempixel.com/640/480/', '68', 'Consequatur earum odit placeat natus itaque. Illum numquam quos est voluptatem beatae. Consectetur tempora totam exercitationem.', '1979-01-17 22:16:22', '1977-02-21 20:08:33');
INSERT INTO `photos` (`id`, `file`, `user_id`, `description`, `created_at`, `updated_at`) VALUES ('69', 'http://lorempixel.com/640/480/', '69', 'Nihil dolorum accusamus dolores delectus quia cumque eaque. Quia nemo velit possimus aliquid autem tenetur doloremque. Quibusdam ad distinctio qui sequi architecto. Qui doloribus quis similique nostrum repudiandae soluta nihil. Architecto at ea rerum dolorem aut.', '1976-12-23 09:52:25', '1985-12-03 13:45:41');
INSERT INTO `photos` (`id`, `file`, `user_id`, `description`, `created_at`, `updated_at`) VALUES ('70', 'http://lorempixel.com/640/480/', '70', 'Et dicta alias et dicta rerum officia aut. Sint aliquid quo culpa aliquam voluptatem est ea. Aspernatur rerum ullam aut impedit et quo. Et et et commodi quo. Et et autem laborum ab voluptatem.', '2013-01-08 00:48:17', '1989-05-29 18:48:04');
INSERT INTO `photos` (`id`, `file`, `user_id`, `description`, `created_at`, `updated_at`) VALUES ('71', 'http://lorempixel.com/640/480/', '71', 'Dolorem rerum voluptates qui voluptatum quidem placeat. Placeat ut ex minima. Dolores consequatur beatae ipsam voluptatem sapiente.', '1994-11-13 02:30:08', '1998-07-15 09:48:16');
INSERT INTO `photos` (`id`, `file`, `user_id`, `description`, `created_at`, `updated_at`) VALUES ('72', 'http://lorempixel.com/640/480/', '72', 'Aut quo aut amet totam sed impedit illo numquam. Doloribus deserunt expedita quo nihil. Necessitatibus id ea qui. Deleniti hic perspiciatis id.', '1982-02-12 04:09:54', '1990-08-28 01:08:43');
INSERT INTO `photos` (`id`, `file`, `user_id`, `description`, `created_at`, `updated_at`) VALUES ('73', 'http://lorempixel.com/640/480/', '73', 'Similique soluta autem delectus corporis officiis voluptatem. Quod molestiae tempora est modi. Deleniti sint id perspiciatis possimus sunt necessitatibus quaerat. Rerum ut dolores distinctio asperiores reprehenderit.', '1996-03-14 02:25:06', '1971-07-18 19:20:12');
INSERT INTO `photos` (`id`, `file`, `user_id`, `description`, `created_at`, `updated_at`) VALUES ('74', 'http://lorempixel.com/640/480/', '74', 'Numquam libero fugit facere. Amet quo inventore laboriosam dolores inventore blanditiis dolor. Ut officia qui laudantium ea dignissimos quidem. Optio et quia illum qui beatae porro.', '1998-07-12 04:03:22', '2013-01-03 20:14:43');
INSERT INTO `photos` (`id`, `file`, `user_id`, `description`, `created_at`, `updated_at`) VALUES ('75', 'http://lorempixel.com/640/480/', '75', 'Quisquam nostrum dolores numquam reprehenderit. Sint aut minus dolore. Libero eos amet quidem aut quis eum.', '1998-08-13 07:50:47', '1973-08-21 09:46:30');
INSERT INTO `photos` (`id`, `file`, `user_id`, `description`, `created_at`, `updated_at`) VALUES ('76', 'http://lorempixel.com/640/480/', '76', 'Non enim magni eum deserunt. Facilis at voluptatem iure inventore eum. Consectetur modi adipisci consectetur laudantium. Quia dolorem omnis voluptas nostrum vitae consequuntur at.', '1977-01-15 16:14:28', '1996-01-19 09:52:49');
INSERT INTO `photos` (`id`, `file`, `user_id`, `description`, `created_at`, `updated_at`) VALUES ('77', 'http://lorempixel.com/640/480/', '77', 'Recusandae eum dicta quos corporis et sed. Atque ullam dolor et placeat quia dolor optio. Enim quaerat quos autem sint unde deleniti consectetur. Et qui sint voluptas dolor debitis quia.', '2013-07-30 15:34:27', '1999-11-07 12:21:37');
INSERT INTO `photos` (`id`, `file`, `user_id`, `description`, `created_at`, `updated_at`) VALUES ('78', 'http://lorempixel.com/640/480/', '78', 'Saepe aut architecto reprehenderit. Vel ut sunt omnis ipsa aperiam dicta.', '2012-09-13 12:20:20', '1977-05-12 02:28:00');
INSERT INTO `photos` (`id`, `file`, `user_id`, `description`, `created_at`, `updated_at`) VALUES ('79', 'http://lorempixel.com/640/480/', '79', 'Dolores fugit esse vel laudantium voluptas a. Distinctio non ipsum quia consequatur. Doloribus a amet iusto voluptatem sit aspernatur quidem. Dolores consequuntur natus ut dolor.', '1974-03-20 03:38:47', '2006-11-07 00:36:12');
INSERT INTO `photos` (`id`, `file`, `user_id`, `description`, `created_at`, `updated_at`) VALUES ('80', 'http://lorempixel.com/640/480/', '80', 'Sequi cum iure quam. Dolorum neque consequatur distinctio architecto praesentium assumenda ullam. Voluptas enim voluptatibus aliquam voluptatum voluptatum eligendi consequatur. Cumque reiciendis accusantium quos voluptatem aut sed nulla. Aut voluptas cum aut placeat quia aut eveniet.', '2012-11-16 19:38:39', '2006-03-18 05:27:39');
INSERT INTO `photos` (`id`, `file`, `user_id`, `description`, `created_at`, `updated_at`) VALUES ('81', 'http://lorempixel.com/640/480/', '81', 'Nobis nihil facere non voluptates beatae ut ex. Delectus ea possimus adipisci omnis et odio. Enim quis error harum quis neque. Asperiores consequatur ipsam cupiditate molestiae nam sequi.', '1970-12-06 07:39:12', '1993-12-09 05:43:04');
INSERT INTO `photos` (`id`, `file`, `user_id`, `description`, `created_at`, `updated_at`) VALUES ('82', 'http://lorempixel.com/640/480/', '82', 'Repellat velit corporis et fugiat. Quibusdam illum voluptate reiciendis eum. Fugit nam deserunt dolor aut.', '2002-05-22 05:08:27', '2020-02-11 01:46:17');
INSERT INTO `photos` (`id`, `file`, `user_id`, `description`, `created_at`, `updated_at`) VALUES ('83', 'http://lorempixel.com/640/480/', '83', 'Nulla dolores deleniti consequuntur nihil consectetur. Maxime consectetur nemo ipsum reprehenderit alias. Unde neque neque minus deleniti dolorem deleniti. Ducimus quo ea saepe odit doloremque aut voluptatem.', '2016-08-10 23:45:51', '1990-02-23 11:03:40');
INSERT INTO `photos` (`id`, `file`, `user_id`, `description`, `created_at`, `updated_at`) VALUES ('84', 'http://lorempixel.com/640/480/', '84', 'Rerum quia ratione consequatur et blanditiis porro. Debitis voluptas mollitia necessitatibus qui sint fugiat illo. Quo voluptatem quia quasi officiis quos ut fugiat. Officia dolores labore omnis ut pariatur modi.', '2001-09-30 20:47:22', '1993-03-28 03:58:27');
INSERT INTO `photos` (`id`, `file`, `user_id`, `description`, `created_at`, `updated_at`) VALUES ('85', 'http://lorempixel.com/640/480/', '85', 'Voluptatem temporibus laborum necessitatibus consequatur quo placeat. Officiis magni recusandae distinctio ducimus sapiente. Soluta perspiciatis laborum harum consequatur quaerat eligendi ipsam laborum.', '1986-07-15 13:52:36', '2009-10-23 10:25:36');
INSERT INTO `photos` (`id`, `file`, `user_id`, `description`, `created_at`, `updated_at`) VALUES ('86', 'http://lorempixel.com/640/480/', '86', 'Magnam dolore minima consequatur et. Dolores dolore qui repudiandae dolorem qui. Aut vitae quos vel tempore exercitationem qui sed architecto. Minima et eum sint tenetur enim maiores iste quia.', '1990-10-12 03:02:04', '1997-08-24 14:56:54');
INSERT INTO `photos` (`id`, `file`, `user_id`, `description`, `created_at`, `updated_at`) VALUES ('87', 'http://lorempixel.com/640/480/', '87', 'Voluptate ut autem provident aut sunt quae aut debitis. Voluptates in vero rerum et voluptas molestiae. Illo odit debitis ut officia consectetur enim.', '1999-10-24 20:39:26', '1974-09-05 23:32:08');
INSERT INTO `photos` (`id`, `file`, `user_id`, `description`, `created_at`, `updated_at`) VALUES ('88', 'http://lorempixel.com/640/480/', '88', 'Veritatis aut officiis delectus soluta. Ut animi earum ullam quibusdam exercitationem nemo. Omnis vel at quos officiis praesentium. Dolor at autem ut quidem doloremque perferendis repellendus.', '2010-04-24 17:58:58', '2008-12-05 00:52:18');
INSERT INTO `photos` (`id`, `file`, `user_id`, `description`, `created_at`, `updated_at`) VALUES ('89', 'http://lorempixel.com/640/480/', '89', 'Ullam amet quidem ut placeat provident. Occaecati est aut dolores unde occaecati molestiae. Libero omnis et molestiae sed reiciendis non. Aliquid voluptates numquam quibusdam.', '1978-09-21 04:04:43', '2019-05-15 05:47:57');
INSERT INTO `photos` (`id`, `file`, `user_id`, `description`, `created_at`, `updated_at`) VALUES ('90', 'http://lorempixel.com/640/480/', '90', 'Alias quod saepe placeat ea aliquam et temporibus. Ex natus enim recusandae est. Fugit cupiditate eos molestiae excepturi deserunt ut repudiandae ut.', '2005-11-06 09:16:21', '1970-07-22 10:20:51');
INSERT INTO `photos` (`id`, `file`, `user_id`, `description`, `created_at`, `updated_at`) VALUES ('91', 'http://lorempixel.com/640/480/', '91', 'Voluptatem assumenda voluptate enim totam. Officia distinctio esse molestiae voluptatem dolorum ut enim delectus. Sint consequatur veniam repellendus minima facilis. Saepe quis recusandae voluptatem.', '2003-05-24 16:15:33', '2015-07-16 00:17:50');
INSERT INTO `photos` (`id`, `file`, `user_id`, `description`, `created_at`, `updated_at`) VALUES ('92', 'http://lorempixel.com/640/480/', '92', 'Tenetur est inventore veniam qui. Nulla id eius voluptatem est excepturi dolorum eaque. Id magnam unde qui enim a. Totam fuga sint et debitis cum totam. Id error consequatur quis debitis non ipsum ipsam.', '1978-07-09 16:57:25', '2017-08-15 06:03:17');
INSERT INTO `photos` (`id`, `file`, `user_id`, `description`, `created_at`, `updated_at`) VALUES ('93', 'http://lorempixel.com/640/480/', '93', 'Magni distinctio odio magnam veritatis alias ducimus. Quia labore cupiditate ipsam dolore labore. Delectus eveniet architecto ut cupiditate autem necessitatibus sapiente quidem. Dolores ut et sint id explicabo sint sit.', '1999-02-25 05:34:14', '1990-05-22 16:29:46');
INSERT INTO `photos` (`id`, `file`, `user_id`, `description`, `created_at`, `updated_at`) VALUES ('94', 'http://lorempixel.com/640/480/', '94', 'Alias cumque similique mollitia et omnis quo enim sed. Et doloremque libero pariatur. Sed consequatur magni exercitationem tenetur quod animi explicabo cumque. Modi molestiae porro quidem. Id blanditiis sed adipisci.', '2009-02-07 09:19:34', '1979-01-11 19:52:00');
INSERT INTO `photos` (`id`, `file`, `user_id`, `description`, `created_at`, `updated_at`) VALUES ('95', 'http://lorempixel.com/640/480/', '95', 'Numquam est architecto voluptate rerum repellat est magni. Quas omnis aut eos nisi. Accusamus ratione ex illum nobis.', '1980-06-21 04:22:11', '1997-10-05 12:23:44');
INSERT INTO `photos` (`id`, `file`, `user_id`, `description`, `created_at`, `updated_at`) VALUES ('96', 'http://lorempixel.com/640/480/', '96', 'Non magnam velit vitae rerum sit voluptatem ad. Eius eos doloremque deleniti est corrupti.', '2001-08-16 07:39:49', '1974-11-15 03:04:19');
INSERT INTO `photos` (`id`, `file`, `user_id`, `description`, `created_at`, `updated_at`) VALUES ('97', 'http://lorempixel.com/640/480/', '97', 'Soluta voluptate qui eum aut est quibusdam animi ea. Recusandae delectus laudantium quia tempore inventore. Sit quasi iure numquam eius et et.', '1984-06-18 02:31:53', '2019-03-11 01:28:38');
INSERT INTO `photos` (`id`, `file`, `user_id`, `description`, `created_at`, `updated_at`) VALUES ('98', 'http://lorempixel.com/640/480/', '98', 'Ut nisi ab voluptas officia qui consequatur nostrum. Quidem repudiandae omnis est sapiente sed neque tempora. Dolores cupiditate sed et distinctio delectus voluptas numquam. Aut est voluptas culpa adipisci soluta et est.', '2013-12-15 18:02:36', '1988-07-09 23:40:28');
INSERT INTO `photos` (`id`, `file`, `user_id`, `description`, `created_at`, `updated_at`) VALUES ('99', 'http://lorempixel.com/640/480/', '99', 'Nisi distinctio temporibus mollitia dignissimos voluptatem. Et sit assumenda minima id molestias rem aspernatur et.', '2018-06-05 12:01:20', '1974-04-24 21:15:20');
INSERT INTO `photos` (`id`, `file`, `user_id`, `description`, `created_at`, `updated_at`) VALUES ('100', 'http://lorempixel.com/640/480/', '100', 'Ea voluptatem voluptatum eum vel temporibus non iste. Reprehenderit nulla aperiam omnis tempore. Odit quidem molestias unde at quisquam quisquam. Id et voluptatem laboriosam ratione sapiente. Suscipit tempore praesentium eos optio deserunt.', '1995-09-12 17:41:32', '1972-05-07 10:59:01');


#
# TABLE STRUCTURE FOR: posts
#

DROP TABLE IF EXISTS `posts`;

CREATE TABLE `posts` (
  `id` bigint(20) unsigned NOT NULL AUTO_INCREMENT,
  `user_id` bigint(20) unsigned NOT NULL,
  `body` text COLLATE utf8_unicode_ci DEFAULT NULL,
  `attachments` longtext CHARACTER SET utf8mb4 COLLATE utf8mb4_bin DEFAULT NULL CHECK (json_valid(`attachments`)),
  `metadata` longtext CHARACTER SET utf8mb4 COLLATE utf8mb4_bin DEFAULT NULL CHECK (json_valid(`metadata`)),
  `created_at` datetime DEFAULT current_timestamp(),
  `updated_at` datetime DEFAULT current_timestamp() ON UPDATE current_timestamp(),
  PRIMARY KEY (`id`),
  KEY `user_id` (`user_id`),
  CONSTRAINT `posts_ibfk_1` FOREIGN KEY (`user_id`) REFERENCES `profiles` (`user_id`)
) ENGINE=InnoDB AUTO_INCREMENT=301 DEFAULT CHARSET=utf8 COLLATE=utf8_unicode_ci;

INSERT INTO `posts` (`id`, `user_id`, `body`, `attachments`, `metadata`, `created_at`, `updated_at`) VALUES ('201', '1', 'Blanditiis voluptatum tempore ab reprehenderit itaque explicabo et. Quibusdam aut qui perferendis dolor officia. Autem quia soluta ullam nihil sed animi accusantium in.', NULL, NULL, '1979-06-21 05:04:51', '1981-10-24 12:29:53');
INSERT INTO `posts` (`id`, `user_id`, `body`, `attachments`, `metadata`, `created_at`, `updated_at`) VALUES ('202', '2', 'Est maiores nihil ut explicabo sunt. Voluptates qui et eos velit. Quia et quae perferendis animi ut sunt.', NULL, NULL, '2017-08-04 05:26:51', '2004-05-28 17:59:05');
INSERT INTO `posts` (`id`, `user_id`, `body`, `attachments`, `metadata`, `created_at`, `updated_at`) VALUES ('203', '3', 'Ea error quas suscipit voluptatem quidem. Inventore et est eum aliquam. Omnis cupiditate voluptates qui saepe cumque non.', NULL, NULL, '1990-01-02 16:16:24', '1982-12-27 02:56:12');
INSERT INTO `posts` (`id`, `user_id`, `body`, `attachments`, `metadata`, `created_at`, `updated_at`) VALUES ('204', '4', 'Autem enim sunt ad itaque atque blanditiis rerum. Voluptatum autem illo voluptates id ut rerum. Optio libero nemo dicta veritatis eum eveniet earum voluptatibus.', NULL, NULL, '1990-03-02 13:55:43', '1998-10-23 20:29:15');
INSERT INTO `posts` (`id`, `user_id`, `body`, `attachments`, `metadata`, `created_at`, `updated_at`) VALUES ('205', '5', 'Amet atque animi voluptates voluptatem quia cumque. Nesciunt velit eveniet est tenetur et aut saepe rerum. Magnam voluptas itaque odio voluptatem et molestias aut ducimus.', NULL, NULL, '1993-12-29 07:22:06', '1985-01-15 20:24:29');
INSERT INTO `posts` (`id`, `user_id`, `body`, `attachments`, `metadata`, `created_at`, `updated_at`) VALUES ('206', '6', 'Ut molestias quo nihil ut ea ut sit. Vitae provident et fugiat provident blanditiis laudantium nisi maiores. Quia similique vero corporis. Ipsam voluptate voluptas officia aspernatur reiciendis praesentium in.', NULL, NULL, '1986-05-28 01:25:33', '1993-04-26 03:34:12');
INSERT INTO `posts` (`id`, `user_id`, `body`, `attachments`, `metadata`, `created_at`, `updated_at`) VALUES ('207', '7', 'Molestiae labore harum molestiae repudiandae. Voluptas corrupti laborum et labore eveniet quo aut. Est ut quae placeat id natus et dicta. Saepe ratione cum commodi quidem consequuntur. Tempora neque vel autem dolorem in magni in voluptatem.', NULL, NULL, '1977-05-20 05:29:16', '1971-10-14 07:49:31');
INSERT INTO `posts` (`id`, `user_id`, `body`, `attachments`, `metadata`, `created_at`, `updated_at`) VALUES ('208', '8', 'Reprehenderit excepturi veniam et inventore corrupti autem. Laudantium eum doloremque et optio excepturi autem. Odit aut tempora pariatur vitae quibusdam et aperiam. Omnis rerum aut odit culpa sunt exercitationem. Ad facilis rerum quasi atque optio officia mollitia.', NULL, NULL, '1991-07-26 14:43:13', '1983-11-09 11:37:24');
INSERT INTO `posts` (`id`, `user_id`, `body`, `attachments`, `metadata`, `created_at`, `updated_at`) VALUES ('209', '9', 'Voluptatem earum beatae et nam dolores et. Illum velit iure aspernatur accusamus neque nemo ut. Cumque est molestias totam saepe.', NULL, NULL, '2011-10-17 07:26:22', '1988-09-26 23:24:55');
INSERT INTO `posts` (`id`, `user_id`, `body`, `attachments`, `metadata`, `created_at`, `updated_at`) VALUES ('210', '10', 'Inventore consequatur quia fugit explicabo. Reiciendis in maiores aliquam quo laborum pariatur. Adipisci laborum laudantium et ut corporis harum. Non quo vel ut ut laboriosam sit velit. Atque impedit qui maiores porro omnis deserunt.', NULL, NULL, '2000-08-07 02:51:28', '2015-10-16 09:31:26');
INSERT INTO `posts` (`id`, `user_id`, `body`, `attachments`, `metadata`, `created_at`, `updated_at`) VALUES ('211', '11', 'Expedita dignissimos ut voluptatem expedita ut omnis. Blanditiis minus tenetur quas praesentium quod qui. Mollitia aut est nisi. Numquam molestiae autem quis vero quam natus ipsum quia. Quasi fugit aperiam porro quas quidem accusantium molestias.', NULL, NULL, '2018-10-16 18:33:12', '1991-03-23 23:51:49');
INSERT INTO `posts` (`id`, `user_id`, `body`, `attachments`, `metadata`, `created_at`, `updated_at`) VALUES ('212', '12', 'Earum sed cumque aliquid distinctio neque repellat ut. Odit rerum mollitia rerum eaque voluptas et mollitia. Laborum tenetur odit aut aperiam.', NULL, NULL, '2018-10-27 22:29:54', '2002-05-24 21:52:50');
INSERT INTO `posts` (`id`, `user_id`, `body`, `attachments`, `metadata`, `created_at`, `updated_at`) VALUES ('213', '13', 'Recusandae enim molestiae nobis ea beatae ut quos. Quae a quia sequi ipsum omnis voluptas ullam. Delectus voluptas neque minima et quisquam. Expedita fuga quibusdam voluptas reprehenderit tenetur.', NULL, NULL, '2018-04-07 22:37:10', '2016-04-04 13:53:42');
INSERT INTO `posts` (`id`, `user_id`, `body`, `attachments`, `metadata`, `created_at`, `updated_at`) VALUES ('214', '14', 'In vero enim aliquam totam corrupti dolores. Veniam consequatur sunt quidem aperiam omnis ab dolorum. Repellat omnis nesciunt ex alias. Laborum voluptatem architecto provident.', NULL, NULL, '2012-06-15 17:32:27', '1995-05-12 20:58:34');
INSERT INTO `posts` (`id`, `user_id`, `body`, `attachments`, `metadata`, `created_at`, `updated_at`) VALUES ('215', '15', 'Nemo magni ut qui est aut suscipit voluptatem. Ut magni et tenetur. Magni nihil ut error reiciendis facere cupiditate.', NULL, NULL, '2011-10-16 06:44:31', '2012-05-23 15:46:37');
INSERT INTO `posts` (`id`, `user_id`, `body`, `attachments`, `metadata`, `created_at`, `updated_at`) VALUES ('216', '16', 'Officia qui et reprehenderit eos deleniti similique. Ut est provident optio sint. Eaque molestiae ducimus et hic dolorum. Quaerat qui repellat voluptatem voluptas ut molestias.', NULL, NULL, '1987-01-05 01:43:35', '1977-03-19 18:59:50');
INSERT INTO `posts` (`id`, `user_id`, `body`, `attachments`, `metadata`, `created_at`, `updated_at`) VALUES ('217', '17', 'Aperiam voluptatem quia molestiae esse et. Voluptatem explicabo sequi similique occaecati itaque et. Quia blanditiis sit et culpa omnis esse. Veniam quisquam earum est optio voluptas molestiae tempora.', NULL, NULL, '2013-10-06 08:09:39', '2008-05-04 05:06:55');
INSERT INTO `posts` (`id`, `user_id`, `body`, `attachments`, `metadata`, `created_at`, `updated_at`) VALUES ('218', '18', 'Placeat fugit aut placeat repellat. Voluptatem vitae sequi ducimus magni sunt.', NULL, NULL, '1982-11-24 21:01:41', '2011-10-02 19:28:16');
INSERT INTO `posts` (`id`, `user_id`, `body`, `attachments`, `metadata`, `created_at`, `updated_at`) VALUES ('219', '19', 'Delectus autem rem eius in cupiditate dolores et. Quibusdam aut aliquam ipsa molestiae voluptas iusto quos.', NULL, NULL, '2005-01-03 13:11:12', '1984-09-23 07:23:52');
INSERT INTO `posts` (`id`, `user_id`, `body`, `attachments`, `metadata`, `created_at`, `updated_at`) VALUES ('220', '20', 'Aliquam dolores alias ad rerum et aperiam ut. Rerum molestiae facere dolore et. Aut voluptatum soluta pariatur labore dignissimos voluptas incidunt. Accusantium eaque sed dolorem voluptate temporibus.', NULL, NULL, '1995-02-28 14:33:24', '1998-07-27 12:44:00');
INSERT INTO `posts` (`id`, `user_id`, `body`, `attachments`, `metadata`, `created_at`, `updated_at`) VALUES ('221', '21', 'Accusamus dolores explicabo nihil sit. Nobis nulla nostrum molestias ut. Rerum voluptas deserunt delectus vel neque nihil fugit.', NULL, NULL, '1985-09-19 10:42:01', '1983-02-23 04:52:20');
INSERT INTO `posts` (`id`, `user_id`, `body`, `attachments`, `metadata`, `created_at`, `updated_at`) VALUES ('222', '22', 'Nobis ipsa nobis blanditiis corrupti. Maiores quae perspiciatis optio corporis voluptatibus temporibus autem. Aut officia quibusdam dolores officiis est.', NULL, NULL, '1981-12-14 18:56:20', '1971-03-23 16:59:00');
INSERT INTO `posts` (`id`, `user_id`, `body`, `attachments`, `metadata`, `created_at`, `updated_at`) VALUES ('223', '23', 'Et ea quia qui alias quis. Consequatur non ex blanditiis recusandae. Necessitatibus consequatur soluta quo fugit alias ab illum laboriosam.', NULL, NULL, '1983-09-06 22:42:59', '2000-02-13 09:18:14');
INSERT INTO `posts` (`id`, `user_id`, `body`, `attachments`, `metadata`, `created_at`, `updated_at`) VALUES ('224', '24', 'Est quis itaque perspiciatis. Tempora voluptate asperiores pariatur omnis facere et. Qui id a quia dolor architecto aut.', NULL, NULL, '2006-03-29 09:19:12', '1983-01-04 17:30:33');
INSERT INTO `posts` (`id`, `user_id`, `body`, `attachments`, `metadata`, `created_at`, `updated_at`) VALUES ('225', '25', 'Soluta accusantium temporibus ex non. Nihil cum libero est qui. Voluptatem quia voluptatem sint tempora minus explicabo atque accusamus. Eligendi esse in id.', NULL, NULL, '1981-03-15 16:17:46', '1993-05-15 13:20:39');
INSERT INTO `posts` (`id`, `user_id`, `body`, `attachments`, `metadata`, `created_at`, `updated_at`) VALUES ('226', '26', 'Sunt labore doloremque enim dolorum repellendus. Et quis praesentium deleniti est. Similique ipsa nemo qui aliquid. Consequatur voluptates reprehenderit culpa delectus natus quo.', NULL, NULL, '1990-05-27 07:32:16', '2005-02-11 17:22:56');
INSERT INTO `posts` (`id`, `user_id`, `body`, `attachments`, `metadata`, `created_at`, `updated_at`) VALUES ('227', '27', 'Quaerat voluptatem quasi nihil iure debitis. Ea aut optio deleniti autem debitis est enim. Et non quidem est et.', NULL, NULL, '1998-09-21 20:44:21', '2007-06-05 06:50:59');
INSERT INTO `posts` (`id`, `user_id`, `body`, `attachments`, `metadata`, `created_at`, `updated_at`) VALUES ('228', '28', 'Vel delectus nam dolores molestiae. Qui totam labore error tenetur aut ducimus qui quam. Excepturi quasi nemo perferendis aperiam reiciendis.', NULL, NULL, '2008-07-17 06:55:43', '2009-07-25 22:31:44');
INSERT INTO `posts` (`id`, `user_id`, `body`, `attachments`, `metadata`, `created_at`, `updated_at`) VALUES ('229', '29', 'Dolores voluptas voluptas nobis tenetur. Soluta deserunt sunt odio quo dolorum dolor. Odio sed nisi ut et quod. Molestiae maxime quis qui cupiditate nostrum et.', NULL, NULL, '1982-01-03 02:14:24', '1982-01-27 21:09:48');
INSERT INTO `posts` (`id`, `user_id`, `body`, `attachments`, `metadata`, `created_at`, `updated_at`) VALUES ('230', '30', 'Sit sed eum architecto eaque occaecati. Laudantium quis dignissimos nostrum culpa repellendus. Sapiente quibusdam voluptas cumque harum possimus dignissimos ut. Repellat qui necessitatibus molestiae provident atque omnis.', NULL, NULL, '2014-09-15 23:48:52', '1983-09-11 04:57:35');
INSERT INTO `posts` (`id`, `user_id`, `body`, `attachments`, `metadata`, `created_at`, `updated_at`) VALUES ('231', '31', 'Ut est inventore fugiat aut saepe. Est aliquid ducimus optio sint iure consectetur enim. Perferendis quibusdam et est.', NULL, NULL, '1992-02-15 01:27:15', '1993-03-20 10:03:52');
INSERT INTO `posts` (`id`, `user_id`, `body`, `attachments`, `metadata`, `created_at`, `updated_at`) VALUES ('232', '32', 'Vitae ab consequuntur enim eum vero porro. Earum exercitationem minima sint eligendi est itaque. Temporibus molestiae maiores fugit et.', NULL, NULL, '2003-06-10 16:13:37', '2011-03-08 15:24:46');
INSERT INTO `posts` (`id`, `user_id`, `body`, `attachments`, `metadata`, `created_at`, `updated_at`) VALUES ('233', '33', 'Ut accusamus sed beatae in. Commodi omnis assumenda ut et et sapiente iure eaque. Voluptates excepturi iste maxime tempora dolorem dolor. Aspernatur facilis cumque enim sunt excepturi illo aut.', NULL, NULL, '1976-03-01 23:31:10', '1975-06-15 21:21:53');
INSERT INTO `posts` (`id`, `user_id`, `body`, `attachments`, `metadata`, `created_at`, `updated_at`) VALUES ('234', '34', 'Nihil unde molestias at veritatis ullam. Voluptatibus ipsum et dolorem. Quis dicta libero voluptas omnis optio quisquam.', NULL, NULL, '1979-08-15 14:56:51', '2019-07-22 10:44:39');
INSERT INTO `posts` (`id`, `user_id`, `body`, `attachments`, `metadata`, `created_at`, `updated_at`) VALUES ('235', '35', 'Dolor officia illum ut quia accusantium neque non. Totam veniam incidunt laborum possimus velit numquam delectus nisi. Nulla id necessitatibus voluptas accusamus doloremque alias recusandae.', NULL, NULL, '2016-05-26 16:04:01', '2009-03-07 00:59:56');
INSERT INTO `posts` (`id`, `user_id`, `body`, `attachments`, `metadata`, `created_at`, `updated_at`) VALUES ('236', '36', 'Cum ut error tempora reiciendis et veniam. Necessitatibus hic repellat vel soluta molestiae et ut. Ut autem quae expedita sapiente reiciendis accusamus iste.', NULL, NULL, '1986-06-23 17:48:02', '1986-02-01 18:53:17');
INSERT INTO `posts` (`id`, `user_id`, `body`, `attachments`, `metadata`, `created_at`, `updated_at`) VALUES ('237', '37', 'Qui earum quia dicta asperiores natus. Sed quis sit voluptas et autem fuga et iure. Perferendis aliquid suscipit quia aspernatur non ipsum.', NULL, NULL, '2014-10-02 03:42:50', '2010-03-29 11:23:18');
INSERT INTO `posts` (`id`, `user_id`, `body`, `attachments`, `metadata`, `created_at`, `updated_at`) VALUES ('238', '38', 'Libero qui incidunt cum sed eum aut. Cumque placeat consequatur et molestias aliquid laborum ut necessitatibus. Architecto est id ea.', NULL, NULL, '1999-12-09 23:15:03', '1977-10-31 07:31:25');
INSERT INTO `posts` (`id`, `user_id`, `body`, `attachments`, `metadata`, `created_at`, `updated_at`) VALUES ('239', '39', 'Officia quo autem nam perferendis sed et. Odit hic consequatur quibusdam assumenda aliquam laboriosam. Consequatur blanditiis qui sint.', NULL, NULL, '1986-01-29 11:29:59', '1971-09-27 19:53:44');
INSERT INTO `posts` (`id`, `user_id`, `body`, `attachments`, `metadata`, `created_at`, `updated_at`) VALUES ('240', '40', 'Autem accusantium voluptatem error asperiores omnis consequatur quia aspernatur. Eum laborum repellat velit ullam incidunt vel. Sed sapiente ut et iusto id.', NULL, NULL, '1995-04-02 18:22:48', '2001-05-20 08:49:48');
INSERT INTO `posts` (`id`, `user_id`, `body`, `attachments`, `metadata`, `created_at`, `updated_at`) VALUES ('241', '41', 'Nihil voluptatem voluptate deleniti id et quas voluptate ea. Quos distinctio unde nobis. Quis aut consequatur ipsum ipsam quia odio. Et mollitia hic dignissimos sit.', NULL, NULL, '1998-12-28 07:47:58', '1989-02-06 08:19:41');
INSERT INTO `posts` (`id`, `user_id`, `body`, `attachments`, `metadata`, `created_at`, `updated_at`) VALUES ('242', '42', 'Et eveniet amet non fuga voluptatum dolor et. Alias ea neque quisquam corrupti aut autem in. Saepe mollitia voluptatem earum excepturi velit aliquam qui.', NULL, NULL, '2002-08-14 00:56:22', '2012-07-29 19:26:08');
INSERT INTO `posts` (`id`, `user_id`, `body`, `attachments`, `metadata`, `created_at`, `updated_at`) VALUES ('243', '43', 'Culpa vitae qui laudantium alias. Sint et adipisci et pariatur iusto eos. Aut ullam neque facere nostrum natus non.', NULL, NULL, '1983-07-03 18:19:11', '1971-07-02 20:21:46');
INSERT INTO `posts` (`id`, `user_id`, `body`, `attachments`, `metadata`, `created_at`, `updated_at`) VALUES ('244', '44', 'Est fuga perspiciatis quaerat. In vel ut esse beatae error repellendus.', NULL, NULL, '1980-01-27 16:28:38', '1978-01-19 02:14:27');
INSERT INTO `posts` (`id`, `user_id`, `body`, `attachments`, `metadata`, `created_at`, `updated_at`) VALUES ('245', '45', 'Neque sapiente recusandae sint et quam sit aut. Qui quisquam et dolorum in quo laboriosam quisquam. Consequatur itaque laboriosam qui officiis dolor voluptate.', NULL, NULL, '1974-06-26 16:26:25', '2005-01-19 21:58:12');
INSERT INTO `posts` (`id`, `user_id`, `body`, `attachments`, `metadata`, `created_at`, `updated_at`) VALUES ('246', '46', 'Molestias velit minima itaque maxime nihil. Eos nihil veniam sint ut voluptatem. Reprehenderit a in quod qui. Molestiae rem sit maiores repellendus ea rerum.', NULL, NULL, '1986-03-22 12:43:08', '2013-09-27 18:31:34');
INSERT INTO `posts` (`id`, `user_id`, `body`, `attachments`, `metadata`, `created_at`, `updated_at`) VALUES ('247', '47', 'Officia eum velit eligendi natus ut debitis. Sint voluptas minima quia et occaecati voluptatibus corrupti. Qui sit nobis quia tempore rerum cupiditate.', NULL, NULL, '1976-12-21 20:42:50', '2001-11-19 12:31:51');
INSERT INTO `posts` (`id`, `user_id`, `body`, `attachments`, `metadata`, `created_at`, `updated_at`) VALUES ('248', '48', 'Molestiae ipsum laudantium reiciendis. Consectetur aut qui rerum in nemo qui ipsum. Qui fugiat doloribus eos omnis blanditiis qui.', NULL, NULL, '1999-03-28 18:16:06', '2017-07-28 00:46:54');
INSERT INTO `posts` (`id`, `user_id`, `body`, `attachments`, `metadata`, `created_at`, `updated_at`) VALUES ('249', '49', 'Fugiat quasi est architecto ad illo. Fugit porro repudiandae consequatur rerum harum. Nihil dolorem est reprehenderit ut.', NULL, NULL, '1997-12-02 18:56:55', '1972-09-03 18:16:05');
INSERT INTO `posts` (`id`, `user_id`, `body`, `attachments`, `metadata`, `created_at`, `updated_at`) VALUES ('250', '50', 'Ipsum earum reprehenderit dolorem dicta dolorem nobis. Suscipit maxime excepturi ex porro sequi harum. Et voluptas iusto debitis exercitationem illo minus. Dolor est pariatur id omnis quasi impedit.', NULL, NULL, '1994-07-08 01:00:56', '2014-11-06 19:43:16');
INSERT INTO `posts` (`id`, `user_id`, `body`, `attachments`, `metadata`, `created_at`, `updated_at`) VALUES ('251', '51', 'Voluptatem ad alias reprehenderit et voluptates et ipsam. Id aliquam dignissimos sed. Maxime aut nihil maiores beatae doloribus.', NULL, NULL, '2010-10-29 21:51:06', '1986-12-20 01:07:42');
INSERT INTO `posts` (`id`, `user_id`, `body`, `attachments`, `metadata`, `created_at`, `updated_at`) VALUES ('252', '52', 'Quasi delectus illo vel repudiandae quo omnis. Vel ex natus voluptate quas repellat porro est. Hic recusandae quisquam et aliquam. Culpa magni et nesciunt omnis cum earum.', NULL, NULL, '1997-07-05 20:04:21', '2014-09-06 11:42:56');
INSERT INTO `posts` (`id`, `user_id`, `body`, `attachments`, `metadata`, `created_at`, `updated_at`) VALUES ('253', '53', 'Et earum adipisci aut aut quae. Facilis laboriosam non commodi consequatur. Libero odio voluptatem alias placeat dolorum recusandae rerum. Beatae reiciendis minus quibusdam quod et soluta officia.', NULL, NULL, '1983-09-14 20:35:49', '1982-01-06 00:11:23');
INSERT INTO `posts` (`id`, `user_id`, `body`, `attachments`, `metadata`, `created_at`, `updated_at`) VALUES ('254', '54', 'Vero vitae asperiores qui amet voluptatem doloremque. Sed quo sequi laudantium ea. Totam et perspiciatis dicta laborum impedit tempora fuga laboriosam.', NULL, NULL, '1981-02-19 01:04:32', '2005-03-15 21:29:49');
INSERT INTO `posts` (`id`, `user_id`, `body`, `attachments`, `metadata`, `created_at`, `updated_at`) VALUES ('255', '55', 'Sequi distinctio et aspernatur libero. Corrupti voluptas labore et aut. Sint quibusdam accusamus id nesciunt doloremque. Quos et consequatur facilis repudiandae.', NULL, NULL, '2014-05-19 12:04:47', '2012-05-07 00:34:42');
INSERT INTO `posts` (`id`, `user_id`, `body`, `attachments`, `metadata`, `created_at`, `updated_at`) VALUES ('256', '56', 'Voluptates animi consectetur et. Facere quasi non rem voluptatum enim et excepturi. Vel tempore aliquid voluptates molestiae. Illo quo corrupti ipsum numquam occaecati quas.', NULL, NULL, '1990-04-09 12:41:25', '1985-12-05 22:10:10');
INSERT INTO `posts` (`id`, `user_id`, `body`, `attachments`, `metadata`, `created_at`, `updated_at`) VALUES ('257', '57', 'Fuga numquam veniam accusamus quibusdam accusantium aperiam quisquam. Et nulla distinctio quis sed quas vero corporis. Aut odio quis sapiente voluptas laboriosam qui ullam. Omnis dolor rem possimus eligendi.', NULL, NULL, '1998-06-12 08:41:21', '1986-05-13 23:13:03');
INSERT INTO `posts` (`id`, `user_id`, `body`, `attachments`, `metadata`, `created_at`, `updated_at`) VALUES ('258', '58', 'Consequatur et quo nisi repudiandae qui dolores est. Nostrum quod et quaerat nihil. Dolorem dolores ratione voluptatem rem nihil quasi non eos.', NULL, NULL, '1982-10-17 23:01:57', '2018-01-24 18:47:20');
INSERT INTO `posts` (`id`, `user_id`, `body`, `attachments`, `metadata`, `created_at`, `updated_at`) VALUES ('259', '59', 'Repudiandae mollitia minima quod laborum. Aut ut sit qui sit inventore. Dolor accusantium ab doloribus fugit.', NULL, NULL, '1998-06-16 05:09:52', '2001-05-06 16:00:37');
INSERT INTO `posts` (`id`, `user_id`, `body`, `attachments`, `metadata`, `created_at`, `updated_at`) VALUES ('260', '60', 'Qui placeat est veritatis commodi. Nulla non sunt ad blanditiis consequatur tempora maiores cumque. Ratione dolor sit laborum vel qui. Est rem et quaerat nihil voluptate.', NULL, NULL, '1996-04-28 06:15:46', '2011-07-07 04:27:28');
INSERT INTO `posts` (`id`, `user_id`, `body`, `attachments`, `metadata`, `created_at`, `updated_at`) VALUES ('261', '61', 'Et id tempore reiciendis magni dolorum aut voluptas. Ducimus assumenda beatae reprehenderit.', NULL, NULL, '2017-05-28 13:30:52', '2002-05-25 07:35:56');
INSERT INTO `posts` (`id`, `user_id`, `body`, `attachments`, `metadata`, `created_at`, `updated_at`) VALUES ('262', '62', 'Quidem consequatur aut aspernatur dolor illo aut. Accusamus magni saepe culpa ullam. Voluptatem odit ut blanditiis voluptatibus et. Consequatur dignissimos optio quod eligendi. Ratione cupiditate soluta ipsum nemo id rem rerum ducimus.', NULL, NULL, '2009-04-25 14:37:27', '2007-08-10 00:45:33');
INSERT INTO `posts` (`id`, `user_id`, `body`, `attachments`, `metadata`, `created_at`, `updated_at`) VALUES ('263', '63', 'Inventore reiciendis praesentium vero vero unde error quia. Doloribus sed est rerum ut. Sequi placeat tempora sit ea voluptas. Ab reprehenderit dignissimos eos quod praesentium.', NULL, NULL, '1995-03-28 04:16:02', '1983-01-10 18:03:31');
INSERT INTO `posts` (`id`, `user_id`, `body`, `attachments`, `metadata`, `created_at`, `updated_at`) VALUES ('264', '64', 'Qui ea harum sit quia. Sit qui qui ea. Reiciendis tempora ut repellat beatae quia aperiam saepe earum. Et non repellendus omnis architecto fuga.', NULL, NULL, '1978-12-09 01:19:40', '1998-12-24 18:26:42');
INSERT INTO `posts` (`id`, `user_id`, `body`, `attachments`, `metadata`, `created_at`, `updated_at`) VALUES ('265', '65', 'A maiores facilis fuga similique. Cumque odit et ut culpa saepe. Aliquam aut eveniet numquam soluta nobis eum corrupti id.', NULL, NULL, '2005-10-12 04:44:38', '1994-07-26 05:38:47');
INSERT INTO `posts` (`id`, `user_id`, `body`, `attachments`, `metadata`, `created_at`, `updated_at`) VALUES ('266', '66', 'Animi aut id repudiandae odit enim. Nihil ducimus corporis corporis voluptatum sed. Sit similique fugiat blanditiis illo blanditiis rerum.', NULL, NULL, '1989-09-07 02:58:52', '2005-02-26 12:57:17');
INSERT INTO `posts` (`id`, `user_id`, `body`, `attachments`, `metadata`, `created_at`, `updated_at`) VALUES ('267', '67', 'Autem quia exercitationem non accusantium et ea est. Quo hic minima dolorem maiores autem voluptatibus illo et. Vel blanditiis corrupti quo eius et odit placeat. Dolores enim neque cupiditate aspernatur.', NULL, NULL, '1975-02-03 22:35:26', '2000-05-31 02:40:27');
INSERT INTO `posts` (`id`, `user_id`, `body`, `attachments`, `metadata`, `created_at`, `updated_at`) VALUES ('268', '68', 'Nobis eos sit vel in non. Iste sed aut soluta est occaecati modi. Ipsum quos qui voluptas quia.', NULL, NULL, '1984-12-01 18:24:26', '1985-11-21 01:57:28');
INSERT INTO `posts` (`id`, `user_id`, `body`, `attachments`, `metadata`, `created_at`, `updated_at`) VALUES ('269', '69', 'Repellendus fugit temporibus minus accusamus pariatur ullam. Et nostrum neque architecto sapiente omnis cum. Qui qui doloribus ipsum aliquam officia perferendis. Et et sequi temporibus expedita praesentium.', NULL, NULL, '1990-04-06 14:01:21', '1995-08-19 13:31:05');
INSERT INTO `posts` (`id`, `user_id`, `body`, `attachments`, `metadata`, `created_at`, `updated_at`) VALUES ('270', '70', 'Dolorum nisi praesentium quasi harum eaque velit atque. Atque occaecati sequi aut dolores sit asperiores dolores. Ratione facere ad deserunt quas minus eos necessitatibus. At provident explicabo laboriosam eum necessitatibus fugiat.', NULL, NULL, '2015-03-29 17:29:55', '2013-11-09 15:12:52');
INSERT INTO `posts` (`id`, `user_id`, `body`, `attachments`, `metadata`, `created_at`, `updated_at`) VALUES ('271', '71', 'Quia ut distinctio quidem deserunt. Quis quo vitae doloribus ut aut. Ullam non iure asperiores sed.', NULL, NULL, '1996-01-20 15:01:30', '1970-07-22 06:15:33');
INSERT INTO `posts` (`id`, `user_id`, `body`, `attachments`, `metadata`, `created_at`, `updated_at`) VALUES ('272', '72', 'Sint tempora qui atque asperiores consectetur. Adipisci asperiores vel illo possimus et amet. Optio occaecati maiores sed modi hic ad saepe.', NULL, NULL, '2016-06-20 08:24:08', '1970-02-23 14:03:58');
INSERT INTO `posts` (`id`, `user_id`, `body`, `attachments`, `metadata`, `created_at`, `updated_at`) VALUES ('273', '73', 'Tempora maxime eum quod pariatur. Dolores dolorem recusandae similique voluptatem sunt eum. Doloremque et saepe nesciunt quibusdam perspiciatis. Eaque voluptatem amet dignissimos dolores.', NULL, NULL, '2014-02-01 07:46:48', '1970-07-09 00:26:12');
INSERT INTO `posts` (`id`, `user_id`, `body`, `attachments`, `metadata`, `created_at`, `updated_at`) VALUES ('274', '74', 'Vitae aperiam ipsam labore. Dolore ut non fugit dolor quo. Impedit consequatur debitis praesentium consequatur nam dicta. Beatae temporibus nihil explicabo commodi eos reprehenderit.', NULL, NULL, '1981-06-08 00:59:04', '2019-04-07 04:08:04');
INSERT INTO `posts` (`id`, `user_id`, `body`, `attachments`, `metadata`, `created_at`, `updated_at`) VALUES ('275', '75', 'Enim odio maiores aut similique. Quia sunt ducimus omnis dolor repudiandae nisi delectus. Ea dolorem et distinctio qui. Reprehenderit quia architecto suscipit eos esse.', NULL, NULL, '2009-11-30 13:05:22', '1983-02-13 22:52:52');
INSERT INTO `posts` (`id`, `user_id`, `body`, `attachments`, `metadata`, `created_at`, `updated_at`) VALUES ('276', '76', 'Quisquam sapiente tenetur distinctio omnis aut possimus. Et dolores qui iste molestiae. Voluptas voluptate incidunt quaerat maxime harum incidunt. Saepe soluta ipsum et qui fuga ut.', NULL, NULL, '1997-08-16 15:25:07', '2012-04-02 02:24:26');
INSERT INTO `posts` (`id`, `user_id`, `body`, `attachments`, `metadata`, `created_at`, `updated_at`) VALUES ('277', '77', 'Itaque doloribus sint qui est aspernatur sunt dicta. Et corporis nostrum ullam et dolores similique. Voluptatem voluptas facilis nisi nihil. Nisi et quisquam neque magnam doloremque tempore.', NULL, NULL, '1985-06-12 08:37:14', '1989-12-25 21:33:25');
INSERT INTO `posts` (`id`, `user_id`, `body`, `attachments`, `metadata`, `created_at`, `updated_at`) VALUES ('278', '78', 'Rerum pariatur quo cupiditate deserunt qui sapiente. Praesentium sit animi est omnis doloremque tenetur. At laborum perferendis nihil qui non ab aliquam maxime. Vel excepturi ut et est.', NULL, NULL, '2002-07-02 23:05:19', '1995-01-03 09:08:20');
INSERT INTO `posts` (`id`, `user_id`, `body`, `attachments`, `metadata`, `created_at`, `updated_at`) VALUES ('279', '79', 'Vitae quam aperiam enim quod sed at eaque. Molestiae velit beatae aperiam ipsam aut dolor. Est quidem minus et aliquam aperiam eum aliquam earum. Vero nisi voluptas eveniet asperiores aut quia aut.', NULL, NULL, '1970-08-09 17:39:12', '2012-10-23 14:18:58');
INSERT INTO `posts` (`id`, `user_id`, `body`, `attachments`, `metadata`, `created_at`, `updated_at`) VALUES ('280', '80', 'Pariatur dolorem aperiam dicta rerum eos. Totam sunt maxime quasi ipsa voluptas fugiat illo perferendis. Nihil et aut mollitia quibusdam. Aut a dolore totam odio veniam explicabo nemo.', NULL, NULL, '1995-03-17 20:22:01', '2000-02-04 00:27:54');
INSERT INTO `posts` (`id`, `user_id`, `body`, `attachments`, `metadata`, `created_at`, `updated_at`) VALUES ('281', '81', 'In et aperiam tempore placeat ut reiciendis et assumenda. Placeat consequuntur corrupti maiores quod. Saepe laboriosam sed ut eveniet aspernatur corrupti magni ut. Accusantium qui labore nostrum qui et nam qui neque.', NULL, NULL, '1989-01-10 15:30:28', '2004-06-24 17:45:58');
INSERT INTO `posts` (`id`, `user_id`, `body`, `attachments`, `metadata`, `created_at`, `updated_at`) VALUES ('282', '82', 'Voluptatibus eos quod qui accusamus et nihil animi iure. Magnam odio tenetur vel magnam dicta natus. Odit commodi ipsa aperiam vel.', NULL, NULL, '1980-02-08 10:35:10', '2000-11-07 09:42:31');
INSERT INTO `posts` (`id`, `user_id`, `body`, `attachments`, `metadata`, `created_at`, `updated_at`) VALUES ('283', '83', 'Pariatur sed in et facilis commodi enim dolore et. Sint et ipsa id. Consectetur sed alias dolorum impedit magnam est animi. Eos reiciendis deserunt odit consequuntur qui reprehenderit.', NULL, NULL, '2006-12-16 18:58:36', '1988-03-07 03:12:36');
INSERT INTO `posts` (`id`, `user_id`, `body`, `attachments`, `metadata`, `created_at`, `updated_at`) VALUES ('284', '84', 'At eos ad iste cumque similique. Facilis ratione iusto molestiae illo dolor. Officia quaerat sint aspernatur cumque quidem nemo incidunt.', NULL, NULL, '1998-08-06 13:13:56', '2000-10-08 07:11:04');
INSERT INTO `posts` (`id`, `user_id`, `body`, `attachments`, `metadata`, `created_at`, `updated_at`) VALUES ('285', '85', 'Ea ab sint et adipisci perspiciatis animi repellendus. Sit qui voluptas sint vel et quidem repellendus et. Magni corrupti laborum non quo iure consequuntur quaerat. Blanditiis aut et eum.', NULL, NULL, '1998-07-04 08:23:41', '1989-06-11 14:09:40');
INSERT INTO `posts` (`id`, `user_id`, `body`, `attachments`, `metadata`, `created_at`, `updated_at`) VALUES ('286', '86', 'Earum non similique aperiam eos velit. Voluptatem fugit aut quam accusantium tenetur consequuntur. Qui dolor magnam harum ut quasi vel.', NULL, NULL, '1980-08-21 10:37:43', '2010-04-24 14:20:18');
INSERT INTO `posts` (`id`, `user_id`, `body`, `attachments`, `metadata`, `created_at`, `updated_at`) VALUES ('287', '87', 'Non commodi corrupti quibusdam. Qui sint eveniet in. Optio deleniti dolor odit.', NULL, NULL, '1993-03-18 12:54:09', '1988-12-11 16:03:17');
INSERT INTO `posts` (`id`, `user_id`, `body`, `attachments`, `metadata`, `created_at`, `updated_at`) VALUES ('288', '88', 'Quis a in cupiditate consequatur ea. Ipsum quis et aut fugit velit. Commodi harum sunt sed dolore et temporibus error inventore. Enim sapiente qui ducimus doloremque non dignissimos sit eum.', NULL, NULL, '1994-11-06 17:14:18', '1994-11-23 11:23:34');
INSERT INTO `posts` (`id`, `user_id`, `body`, `attachments`, `metadata`, `created_at`, `updated_at`) VALUES ('289', '89', 'Atque officia sunt voluptate rem natus suscipit. Neque quas eaque dolorem nemo eius voluptate cum. Ipsa voluptas aut sed. Beatae quaerat qui perspiciatis sed. Suscipit nihil velit vero quia.', NULL, NULL, '1990-06-29 03:00:10', '1997-04-03 12:35:08');
INSERT INTO `posts` (`id`, `user_id`, `body`, `attachments`, `metadata`, `created_at`, `updated_at`) VALUES ('290', '90', 'Dolorem ab autem nesciunt quae itaque vitae. Voluptatem sint tempore suscipit nisi voluptatibus ea maiores. Quam dolorem voluptatem at rerum.', NULL, NULL, '2013-03-23 02:50:12', '1971-05-18 03:16:08');
INSERT INTO `posts` (`id`, `user_id`, `body`, `attachments`, `metadata`, `created_at`, `updated_at`) VALUES ('291', '91', 'Odit laborum dolorem aut sint. Dolorem mollitia nemo fugiat et voluptatem qui est. Repellat aut nobis exercitationem. Autem nisi exercitationem amet.', NULL, NULL, '2005-10-03 01:40:28', '2017-08-25 15:49:55');
INSERT INTO `posts` (`id`, `user_id`, `body`, `attachments`, `metadata`, `created_at`, `updated_at`) VALUES ('292', '92', 'Laborum velit perferendis cum tempore maxime. Necessitatibus modi aut similique autem facilis. Omnis corrupti in accusantium enim.', NULL, NULL, '2004-01-03 10:13:52', '1987-07-08 15:53:24');
INSERT INTO `posts` (`id`, `user_id`, `body`, `attachments`, `metadata`, `created_at`, `updated_at`) VALUES ('293', '93', 'Officiis sapiente totam ipsam est excepturi officia. Ut delectus sequi omnis nulla expedita. Molestias quod veniam quam saepe autem quo numquam. Et enim et quaerat impedit doloribus provident.', NULL, NULL, '1971-06-25 07:07:52', '1993-05-20 02:29:28');
INSERT INTO `posts` (`id`, `user_id`, `body`, `attachments`, `metadata`, `created_at`, `updated_at`) VALUES ('294', '94', 'Molestias perferendis vel ad tenetur necessitatibus velit cumque. Maxime fugit animi aut in eveniet aperiam. Sapiente nobis voluptas totam vitae earum ratione. Asperiores assumenda quisquam blanditiis vero voluptas aperiam veniam.', NULL, NULL, '2011-04-11 17:47:04', '1995-04-10 08:20:32');
INSERT INTO `posts` (`id`, `user_id`, `body`, `attachments`, `metadata`, `created_at`, `updated_at`) VALUES ('295', '95', 'Recusandae ex corporis sit ut facilis et possimus. Similique cum nisi soluta quia eius veritatis. Temporibus dolor possimus quo.', NULL, NULL, '2000-06-24 23:39:24', '1983-05-26 06:33:13');
INSERT INTO `posts` (`id`, `user_id`, `body`, `attachments`, `metadata`, `created_at`, `updated_at`) VALUES ('296', '96', 'Accusamus labore dicta ex quas consequatur laudantium quia maiores. Ut facere occaecati autem sunt sed est. Aut alias quam dolorum praesentium est fuga quidem.', NULL, NULL, '2014-11-18 06:18:37', '2018-08-25 05:21:29');
INSERT INTO `posts` (`id`, `user_id`, `body`, `attachments`, `metadata`, `created_at`, `updated_at`) VALUES ('297', '97', 'Eveniet totam et omnis. Consequatur officiis omnis eos est. Provident dolorum omnis nulla enim blanditiis soluta hic. Quisquam amet accusamus reiciendis ab voluptatibus at. Saepe sunt rem non.', NULL, NULL, '2006-05-10 22:09:57', '2010-10-23 08:53:50');
INSERT INTO `posts` (`id`, `user_id`, `body`, `attachments`, `metadata`, `created_at`, `updated_at`) VALUES ('298', '98', 'Ab voluptas unde veniam quia dolores quia. Sequi laboriosam consectetur veritatis voluptate tempora placeat aperiam rerum.', NULL, NULL, '1973-07-14 11:51:46', '2004-03-06 22:24:57');
INSERT INTO `posts` (`id`, `user_id`, `body`, `attachments`, `metadata`, `created_at`, `updated_at`) VALUES ('299', '99', 'Ex sed consectetur sapiente enim voluptas et. Cumque aut labore saepe explicabo.', NULL, NULL, '1980-01-01 23:30:26', '1995-03-23 09:24:30');
INSERT INTO `posts` (`id`, `user_id`, `body`, `attachments`, `metadata`, `created_at`, `updated_at`) VALUES ('300', '100', 'Enim quam cupiditate odit et necessitatibus dolor. Minus voluptatibus ut eos deserunt. Ab et asperiores vel dolorem et et.', NULL, NULL, '1987-07-26 20:36:46', '2001-10-26 01:11:09');


#
# TABLE STRUCTURE FOR: profiles
#

DROP TABLE IF EXISTS `profiles`;

CREATE TABLE `profiles` (
  `user_id` bigint(20) unsigned NOT NULL AUTO_INCREMENT,
  `name` varchar(255) COLLATE utf8_unicode_ci NOT NULL,
  `lastname` varchar(255) COLLATE utf8_unicode_ci NOT NULL,
  `gender` char(1) COLLATE utf8_unicode_ci DEFAULT NULL,
  `birthday` date DEFAULT NULL,
  `photo_id` bigint(20) unsigned DEFAULT NULL,
  PRIMARY KEY (`user_id`),
  KEY `photo_id` (`photo_id`),
  KEY `name` (`name`),
  KEY `lastname` (`lastname`),
  CONSTRAINT `profiles_ibfk_1` FOREIGN KEY (`user_id`) REFERENCES `users` (`id`),
  CONSTRAINT `profiles_ibfk_2` FOREIGN KEY (`photo_id`) REFERENCES `photos` (`id`)
) ENGINE=InnoDB AUTO_INCREMENT=101 DEFAULT CHARSET=utf8 COLLATE=utf8_unicode_ci;

INSERT INTO `profiles` (`user_id`, `name`, `lastname`, `gender`, `birthday`, `photo_id`) VALUES ('1', 'velit', 'Gusikowski', NULL, '1971-05-27', '1');
INSERT INTO `profiles` (`user_id`, `name`, `lastname`, `gender`, `birthday`, `photo_id`) VALUES ('2', 'amet', 'Wyman', NULL, '2012-06-24', '2');
INSERT INTO `profiles` (`user_id`, `name`, `lastname`, `gender`, `birthday`, `photo_id`) VALUES ('3', 'eos', 'Ullrich', NULL, '2018-05-26', '3');
INSERT INTO `profiles` (`user_id`, `name`, `lastname`, `gender`, `birthday`, `photo_id`) VALUES ('4', 'a', 'Reilly', NULL, '1974-02-04', '4');
INSERT INTO `profiles` (`user_id`, `name`, `lastname`, `gender`, `birthday`, `photo_id`) VALUES ('5', 'quis', 'Hackett', NULL, '1979-01-19', '5');
INSERT INTO `profiles` (`user_id`, `name`, `lastname`, `gender`, `birthday`, `photo_id`) VALUES ('6', 'est', 'Champlin', NULL, '1971-08-05', '6');
INSERT INTO `profiles` (`user_id`, `name`, `lastname`, `gender`, `birthday`, `photo_id`) VALUES ('7', 'exercitationem', 'Parisian', NULL, '1974-06-27', '7');
INSERT INTO `profiles` (`user_id`, `name`, `lastname`, `gender`, `birthday`, `photo_id`) VALUES ('8', 'labore', 'Beatty', NULL, '1982-09-09', '8');
INSERT INTO `profiles` (`user_id`, `name`, `lastname`, `gender`, `birthday`, `photo_id`) VALUES ('9', 'distinctio', 'Crooks', NULL, '2003-07-11', '9');
INSERT INTO `profiles` (`user_id`, `name`, `lastname`, `gender`, `birthday`, `photo_id`) VALUES ('10', 'temporibus', 'Hegmann', NULL, '2015-02-20', '10');
INSERT INTO `profiles` (`user_id`, `name`, `lastname`, `gender`, `birthday`, `photo_id`) VALUES ('11', 'consequatur', 'Terry', NULL, '1985-04-30', '11');
INSERT INTO `profiles` (`user_id`, `name`, `lastname`, `gender`, `birthday`, `photo_id`) VALUES ('12', 'est', 'Bartell', NULL, '1990-05-23', '12');
INSERT INTO `profiles` (`user_id`, `name`, `lastname`, `gender`, `birthday`, `photo_id`) VALUES ('13', 'aut', 'Turcotte', NULL, '1971-04-25', '13');
INSERT INTO `profiles` (`user_id`, `name`, `lastname`, `gender`, `birthday`, `photo_id`) VALUES ('14', 'laudantium', 'Corkery', NULL, '1989-12-18', '14');
INSERT INTO `profiles` (`user_id`, `name`, `lastname`, `gender`, `birthday`, `photo_id`) VALUES ('15', 'sunt', 'Denesik', NULL, '1996-02-11', '15');
INSERT INTO `profiles` (`user_id`, `name`, `lastname`, `gender`, `birthday`, `photo_id`) VALUES ('16', 'veniam', 'Thompson', NULL, '2016-02-11', '16');
INSERT INTO `profiles` (`user_id`, `name`, `lastname`, `gender`, `birthday`, `photo_id`) VALUES ('17', 'aut', 'Murphy', NULL, '1971-09-04', '17');
INSERT INTO `profiles` (`user_id`, `name`, `lastname`, `gender`, `birthday`, `photo_id`) VALUES ('18', 'in', 'Hilpert', NULL, '2002-05-01', '18');
INSERT INTO `profiles` (`user_id`, `name`, `lastname`, `gender`, `birthday`, `photo_id`) VALUES ('19', 'natus', 'Padberg', NULL, '1994-09-28', '19');
INSERT INTO `profiles` (`user_id`, `name`, `lastname`, `gender`, `birthday`, `photo_id`) VALUES ('20', 'laboriosam', 'Hayes', NULL, '2015-05-16', '20');
INSERT INTO `profiles` (`user_id`, `name`, `lastname`, `gender`, `birthday`, `photo_id`) VALUES ('21', 'aut', 'Will', NULL, '1975-05-09', '21');
INSERT INTO `profiles` (`user_id`, `name`, `lastname`, `gender`, `birthday`, `photo_id`) VALUES ('22', 'est', 'Weber', NULL, '2012-01-27', '22');
INSERT INTO `profiles` (`user_id`, `name`, `lastname`, `gender`, `birthday`, `photo_id`) VALUES ('23', 'vero', 'Lang', NULL, '1984-08-13', '23');
INSERT INTO `profiles` (`user_id`, `name`, `lastname`, `gender`, `birthday`, `photo_id`) VALUES ('24', 'repellendus', 'Kunze', NULL, '1988-09-26', '24');
INSERT INTO `profiles` (`user_id`, `name`, `lastname`, `gender`, `birthday`, `photo_id`) VALUES ('25', 'et', 'Mayert', NULL, '2012-03-25', '25');
INSERT INTO `profiles` (`user_id`, `name`, `lastname`, `gender`, `birthday`, `photo_id`) VALUES ('26', 'harum', 'Keebler', NULL, '2004-03-29', '26');
INSERT INTO `profiles` (`user_id`, `name`, `lastname`, `gender`, `birthday`, `photo_id`) VALUES ('27', 'facere', 'Kshlerin', NULL, '1977-11-11', '27');
INSERT INTO `profiles` (`user_id`, `name`, `lastname`, `gender`, `birthday`, `photo_id`) VALUES ('28', 'dicta', 'McClure', NULL, '2012-02-18', '28');
INSERT INTO `profiles` (`user_id`, `name`, `lastname`, `gender`, `birthday`, `photo_id`) VALUES ('29', 'iste', 'Brakus', NULL, '1990-10-09', '29');
INSERT INTO `profiles` (`user_id`, `name`, `lastname`, `gender`, `birthday`, `photo_id`) VALUES ('30', 'molestiae', 'Veum', NULL, '1974-07-09', '30');
INSERT INTO `profiles` (`user_id`, `name`, `lastname`, `gender`, `birthday`, `photo_id`) VALUES ('31', 'voluptatem', 'Kohler', NULL, '1970-10-12', '31');
INSERT INTO `profiles` (`user_id`, `name`, `lastname`, `gender`, `birthday`, `photo_id`) VALUES ('32', 'eum', 'Shanahan', NULL, '1978-06-22', '32');
INSERT INTO `profiles` (`user_id`, `name`, `lastname`, `gender`, `birthday`, `photo_id`) VALUES ('33', 'et', 'Kunze', NULL, '1997-03-23', '33');
INSERT INTO `profiles` (`user_id`, `name`, `lastname`, `gender`, `birthday`, `photo_id`) VALUES ('34', 'impedit', 'Hyatt', NULL, '1981-03-15', '34');
INSERT INTO `profiles` (`user_id`, `name`, `lastname`, `gender`, `birthday`, `photo_id`) VALUES ('35', 'velit', 'Bergstrom', NULL, '1998-01-19', '35');
INSERT INTO `profiles` (`user_id`, `name`, `lastname`, `gender`, `birthday`, `photo_id`) VALUES ('36', 'praesentium', 'Gorczany', NULL, '2016-07-25', '36');
INSERT INTO `profiles` (`user_id`, `name`, `lastname`, `gender`, `birthday`, `photo_id`) VALUES ('37', 'ipsum', 'Gerlach', NULL, '1991-11-24', '37');
INSERT INTO `profiles` (`user_id`, `name`, `lastname`, `gender`, `birthday`, `photo_id`) VALUES ('38', 'qui', 'Smith', NULL, '2014-01-30', '38');
INSERT INTO `profiles` (`user_id`, `name`, `lastname`, `gender`, `birthday`, `photo_id`) VALUES ('39', 'qui', 'Zemlak', NULL, '1973-12-24', '39');
INSERT INTO `profiles` (`user_id`, `name`, `lastname`, `gender`, `birthday`, `photo_id`) VALUES ('40', 'quia', 'Okuneva', NULL, '1979-03-29', '40');
INSERT INTO `profiles` (`user_id`, `name`, `lastname`, `gender`, `birthday`, `photo_id`) VALUES ('41', 'pariatur', 'Zulauf', NULL, '1990-05-16', '41');
INSERT INTO `profiles` (`user_id`, `name`, `lastname`, `gender`, `birthday`, `photo_id`) VALUES ('42', 'explicabo', 'Gleason', NULL, '2017-02-24', '42');
INSERT INTO `profiles` (`user_id`, `name`, `lastname`, `gender`, `birthday`, `photo_id`) VALUES ('43', 'fuga', 'Halvorson', NULL, '1989-12-10', '43');
INSERT INTO `profiles` (`user_id`, `name`, `lastname`, `gender`, `birthday`, `photo_id`) VALUES ('44', 'dolore', 'Maggio', NULL, '2017-09-29', '44');
INSERT INTO `profiles` (`user_id`, `name`, `lastname`, `gender`, `birthday`, `photo_id`) VALUES ('45', 'officiis', 'Ward', NULL, '1999-08-17', '45');
INSERT INTO `profiles` (`user_id`, `name`, `lastname`, `gender`, `birthday`, `photo_id`) VALUES ('46', 'beatae', 'Pouros', NULL, '1975-12-31', '46');
INSERT INTO `profiles` (`user_id`, `name`, `lastname`, `gender`, `birthday`, `photo_id`) VALUES ('47', 'rerum', 'Hintz', NULL, '1975-06-16', '47');
INSERT INTO `profiles` (`user_id`, `name`, `lastname`, `gender`, `birthday`, `photo_id`) VALUES ('48', 'sed', 'Hintz', NULL, '2014-02-10', '48');
INSERT INTO `profiles` (`user_id`, `name`, `lastname`, `gender`, `birthday`, `photo_id`) VALUES ('49', 'sit', 'Kunde', NULL, '2017-06-19', '49');
INSERT INTO `profiles` (`user_id`, `name`, `lastname`, `gender`, `birthday`, `photo_id`) VALUES ('50', 'sunt', 'Gottlieb', NULL, '1999-03-21', '50');
INSERT INTO `profiles` (`user_id`, `name`, `lastname`, `gender`, `birthday`, `photo_id`) VALUES ('51', 'enim', 'Orn', NULL, '1994-04-23', '51');
INSERT INTO `profiles` (`user_id`, `name`, `lastname`, `gender`, `birthday`, `photo_id`) VALUES ('52', 'laudantium', 'Wuckert', NULL, '1986-01-01', '52');
INSERT INTO `profiles` (`user_id`, `name`, `lastname`, `gender`, `birthday`, `photo_id`) VALUES ('53', 'porro', 'Rau', NULL, '1976-02-14', '53');
INSERT INTO `profiles` (`user_id`, `name`, `lastname`, `gender`, `birthday`, `photo_id`) VALUES ('54', 'voluptatum', 'Metz', NULL, '1970-03-08', '54');
INSERT INTO `profiles` (`user_id`, `name`, `lastname`, `gender`, `birthday`, `photo_id`) VALUES ('55', 'quidem', 'Schuppe', NULL, '1973-03-04', '55');
INSERT INTO `profiles` (`user_id`, `name`, `lastname`, `gender`, `birthday`, `photo_id`) VALUES ('56', 'architecto', 'Ferry', NULL, '2006-11-03', '56');
INSERT INTO `profiles` (`user_id`, `name`, `lastname`, `gender`, `birthday`, `photo_id`) VALUES ('57', 'earum', 'Bartoletti', NULL, '2005-11-11', '57');
INSERT INTO `profiles` (`user_id`, `name`, `lastname`, `gender`, `birthday`, `photo_id`) VALUES ('58', 'soluta', 'Sawayn', NULL, '1979-03-19', '58');
INSERT INTO `profiles` (`user_id`, `name`, `lastname`, `gender`, `birthday`, `photo_id`) VALUES ('59', 'tempora', 'Rodriguez', NULL, '2001-05-04', '59');
INSERT INTO `profiles` (`user_id`, `name`, `lastname`, `gender`, `birthday`, `photo_id`) VALUES ('60', 'non', 'Schaefer', NULL, '1977-06-13', '60');
INSERT INTO `profiles` (`user_id`, `name`, `lastname`, `gender`, `birthday`, `photo_id`) VALUES ('61', 'facilis', 'Mayer', NULL, '2008-08-12', '61');
INSERT INTO `profiles` (`user_id`, `name`, `lastname`, `gender`, `birthday`, `photo_id`) VALUES ('62', 'dolore', 'Paucek', NULL, '1987-02-17', '62');
INSERT INTO `profiles` (`user_id`, `name`, `lastname`, `gender`, `birthday`, `photo_id`) VALUES ('63', 'similique', 'Pouros', NULL, '2005-09-17', '63');
INSERT INTO `profiles` (`user_id`, `name`, `lastname`, `gender`, `birthday`, `photo_id`) VALUES ('64', 'laborum', 'Gerlach', NULL, '2000-08-22', '64');
INSERT INTO `profiles` (`user_id`, `name`, `lastname`, `gender`, `birthday`, `photo_id`) VALUES ('65', 'rerum', 'Orn', NULL, '1984-11-22', '65');
INSERT INTO `profiles` (`user_id`, `name`, `lastname`, `gender`, `birthday`, `photo_id`) VALUES ('66', 'exercitationem', 'Mosciski', NULL, '1971-12-12', '66');
INSERT INTO `profiles` (`user_id`, `name`, `lastname`, `gender`, `birthday`, `photo_id`) VALUES ('67', 'perspiciatis', 'Block', NULL, '1976-02-12', '67');
INSERT INTO `profiles` (`user_id`, `name`, `lastname`, `gender`, `birthday`, `photo_id`) VALUES ('68', 'quo', 'Purdy', NULL, '2013-07-12', '68');
INSERT INTO `profiles` (`user_id`, `name`, `lastname`, `gender`, `birthday`, `photo_id`) VALUES ('69', 'laborum', 'Harber', NULL, '1986-03-24', '69');
INSERT INTO `profiles` (`user_id`, `name`, `lastname`, `gender`, `birthday`, `photo_id`) VALUES ('70', 'quisquam', 'Fisher', NULL, '2011-02-10', '70');
INSERT INTO `profiles` (`user_id`, `name`, `lastname`, `gender`, `birthday`, `photo_id`) VALUES ('71', 'animi', 'Zulauf', NULL, '1973-04-27', '71');
INSERT INTO `profiles` (`user_id`, `name`, `lastname`, `gender`, `birthday`, `photo_id`) VALUES ('72', 'incidunt', 'Runte', NULL, '1973-03-09', '72');
INSERT INTO `profiles` (`user_id`, `name`, `lastname`, `gender`, `birthday`, `photo_id`) VALUES ('73', 'officiis', 'Schmitt', NULL, '2008-05-05', '73');
INSERT INTO `profiles` (`user_id`, `name`, `lastname`, `gender`, `birthday`, `photo_id`) VALUES ('74', 'corrupti', 'Farrell', NULL, '2017-03-22', '74');
INSERT INTO `profiles` (`user_id`, `name`, `lastname`, `gender`, `birthday`, `photo_id`) VALUES ('75', 'fugiat', 'Eichmann', NULL, '2006-09-05', '75');
INSERT INTO `profiles` (`user_id`, `name`, `lastname`, `gender`, `birthday`, `photo_id`) VALUES ('76', 'dicta', 'Hilll', NULL, '2006-05-14', '76');
INSERT INTO `profiles` (`user_id`, `name`, `lastname`, `gender`, `birthday`, `photo_id`) VALUES ('77', 'voluptatem', 'Rutherford', NULL, '1984-10-04', '77');
INSERT INTO `profiles` (`user_id`, `name`, `lastname`, `gender`, `birthday`, `photo_id`) VALUES ('78', 'aut', 'Halvorson', NULL, '1982-10-16', '78');
INSERT INTO `profiles` (`user_id`, `name`, `lastname`, `gender`, `birthday`, `photo_id`) VALUES ('79', 'in', 'Hand', NULL, '1974-11-16', '79');
INSERT INTO `profiles` (`user_id`, `name`, `lastname`, `gender`, `birthday`, `photo_id`) VALUES ('80', 'accusantium', 'Marquardt', NULL, '1987-03-26', '80');
INSERT INTO `profiles` (`user_id`, `name`, `lastname`, `gender`, `birthday`, `photo_id`) VALUES ('81', 'doloribus', 'Schaefer', NULL, '1991-01-21', '81');
INSERT INTO `profiles` (`user_id`, `name`, `lastname`, `gender`, `birthday`, `photo_id`) VALUES ('82', 'omnis', 'Grimes', NULL, '2001-12-15', '82');
INSERT INTO `profiles` (`user_id`, `name`, `lastname`, `gender`, `birthday`, `photo_id`) VALUES ('83', 'et', 'Runolfsdottir', NULL, '2007-04-12', '83');
INSERT INTO `profiles` (`user_id`, `name`, `lastname`, `gender`, `birthday`, `photo_id`) VALUES ('84', 'id', 'Deckow', NULL, '2014-05-20', '84');
INSERT INTO `profiles` (`user_id`, `name`, `lastname`, `gender`, `birthday`, `photo_id`) VALUES ('85', 'alias', 'Mohr', NULL, '2015-05-28', '85');
INSERT INTO `profiles` (`user_id`, `name`, `lastname`, `gender`, `birthday`, `photo_id`) VALUES ('86', 'quos', 'Little', NULL, '2005-12-23', '86');
INSERT INTO `profiles` (`user_id`, `name`, `lastname`, `gender`, `birthday`, `photo_id`) VALUES ('87', 'consequuntur', 'Emard', NULL, '1997-10-05', '87');
INSERT INTO `profiles` (`user_id`, `name`, `lastname`, `gender`, `birthday`, `photo_id`) VALUES ('88', 'et', 'Botsford', NULL, '2018-03-17', '88');
INSERT INTO `profiles` (`user_id`, `name`, `lastname`, `gender`, `birthday`, `photo_id`) VALUES ('89', 'unde', 'Reilly', NULL, '1996-02-12', '89');
INSERT INTO `profiles` (`user_id`, `name`, `lastname`, `gender`, `birthday`, `photo_id`) VALUES ('90', 'quaerat', 'Bins', NULL, '2015-02-12', '90');
INSERT INTO `profiles` (`user_id`, `name`, `lastname`, `gender`, `birthday`, `photo_id`) VALUES ('91', 'doloribus', 'Wisozk', NULL, '1997-04-08', '91');
INSERT INTO `profiles` (`user_id`, `name`, `lastname`, `gender`, `birthday`, `photo_id`) VALUES ('92', 'voluptate', 'O\'Keefe', NULL, '1983-01-02', '92');
INSERT INTO `profiles` (`user_id`, `name`, `lastname`, `gender`, `birthday`, `photo_id`) VALUES ('93', 'ipsam', 'Bechtelar', NULL, '1973-09-15', '93');
INSERT INTO `profiles` (`user_id`, `name`, `lastname`, `gender`, `birthday`, `photo_id`) VALUES ('94', 'facere', 'Walsh', NULL, '2009-02-17', '94');
INSERT INTO `profiles` (`user_id`, `name`, `lastname`, `gender`, `birthday`, `photo_id`) VALUES ('95', 'dolorem', 'Denesik', NULL, '2019-05-12', '95');
INSERT INTO `profiles` (`user_id`, `name`, `lastname`, `gender`, `birthday`, `photo_id`) VALUES ('96', 'fuga', 'Lehner', NULL, '1993-11-26', '96');
INSERT INTO `profiles` (`user_id`, `name`, `lastname`, `gender`, `birthday`, `photo_id`) VALUES ('97', 'consequuntur', 'Harvey', NULL, '1994-06-21', '97');
INSERT INTO `profiles` (`user_id`, `name`, `lastname`, `gender`, `birthday`, `photo_id`) VALUES ('98', 'laborum', 'Parker', NULL, '1996-09-27', '98');
INSERT INTO `profiles` (`user_id`, `name`, `lastname`, `gender`, `birthday`, `photo_id`) VALUES ('99', 'ullam', 'Legros', NULL, '1982-09-27', '99');
INSERT INTO `profiles` (`user_id`, `name`, `lastname`, `gender`, `birthday`, `photo_id`) VALUES ('100', 'ipsum', 'Thompson', NULL, '1994-12-24', '100');


#
# TABLE STRUCTURE FOR: users
#

DROP TABLE IF EXISTS `users`;

CREATE TABLE `users` (
  `id` bigint(20) unsigned NOT NULL AUTO_INCREMENT,
  `email` varchar(120) COLLATE utf8_unicode_ci NOT NULL,
  `phone` varchar(15) COLLATE utf8_unicode_ci NOT NULL,
  `pass` varchar(200) COLLATE utf8_unicode_ci NOT NULL,
  `created_at` datetime DEFAULT current_timestamp(),
  `visible_for` enum('all','frends_of_friends','friends') COLLATE utf8_unicode_ci DEFAULT 'all',
  `can_comment` tinyint(1) DEFAULT NULL,
  `can_message` enum('all','frends_of_friends','friends') COLLATE utf8_unicode_ci DEFAULT 'all',
  `invite_to_community` enum('all','frends_of_friends','friends') COLLATE utf8_unicode_ci DEFAULT 'all',
  PRIMARY KEY (`id`),
  UNIQUE KEY `email` (`email`)
) ENGINE=InnoDB AUTO_INCREMENT=101 DEFAULT CHARSET=utf8 COLLATE=utf8_unicode_ci;

INSERT INTO `users` (`id`, `email`, `phone`, `pass`, `created_at`, `visible_for`, `can_comment`, `can_message`, `invite_to_community`) VALUES ('1', 'wyatt.ledner@example.com', '1-039-187-8449x', '', '2012-10-07 16:44:07', 'friends', NULL, 'all', 'frends_of_friends');
INSERT INTO `users` (`id`, `email`, `phone`, `pass`, `created_at`, `visible_for`, `can_comment`, `can_message`, `invite_to_community`) VALUES ('2', 'lera.skiles@example.org', '934.310.5839', '', '1980-07-06 16:13:23', 'friends', NULL, 'friends', 'friends');
INSERT INTO `users` (`id`, `email`, `phone`, `pass`, `created_at`, `visible_for`, `can_comment`, `can_message`, `invite_to_community`) VALUES ('3', 'feeney.kelsi@example.com', '00296454395', '', '2015-02-25 17:20:28', 'frends_of_friends', NULL, 'all', 'friends');
INSERT INTO `users` (`id`, `email`, `phone`, `pass`, `created_at`, `visible_for`, `can_comment`, `can_message`, `invite_to_community`) VALUES ('4', 'moshe.flatley@example.net', '02445583988', '', '1985-12-09 03:07:34', 'all', NULL, 'friends', 'all');
INSERT INTO `users` (`id`, `email`, `phone`, `pass`, `created_at`, `visible_for`, `can_comment`, `can_message`, `invite_to_community`) VALUES ('5', 'theresa.rempel@example.net', '098.228.8659', '', '1993-06-07 06:44:13', 'frends_of_friends', NULL, 'frends_of_friends', 'friends');
INSERT INTO `users` (`id`, `email`, `phone`, `pass`, `created_at`, `visible_for`, `can_comment`, `can_message`, `invite_to_community`) VALUES ('6', 'jarvis.pollich@example.com', '1-603-370-8334', '', '1975-11-12 17:41:53', 'frends_of_friends', NULL, 'frends_of_friends', 'all');
INSERT INTO `users` (`id`, `email`, `phone`, `pass`, `created_at`, `visible_for`, `can_comment`, `can_message`, `invite_to_community`) VALUES ('7', 'hoyt99@example.org', '(229)655-7453x3', '', '2011-05-22 12:08:23', 'frends_of_friends', NULL, 'frends_of_friends', 'frends_of_friends');
INSERT INTO `users` (`id`, `email`, `phone`, `pass`, `created_at`, `visible_for`, `can_comment`, `can_message`, `invite_to_community`) VALUES ('8', 'hreilly@example.com', '951-224-0656x12', '', '2011-03-01 18:19:06', 'friends', NULL, 'all', 'all');
INSERT INTO `users` (`id`, `email`, `phone`, `pass`, `created_at`, `visible_for`, `can_comment`, `can_message`, `invite_to_community`) VALUES ('9', 'ansel.boyle@example.org', '1-058-392-3894x', '', '1990-04-24 09:15:35', 'all', NULL, 'all', 'frends_of_friends');
INSERT INTO `users` (`id`, `email`, `phone`, `pass`, `created_at`, `visible_for`, `can_comment`, `can_message`, `invite_to_community`) VALUES ('10', 'fatima.kutch@example.net', '1-606-141-7755x', '', '2015-05-22 21:28:37', 'frends_of_friends', NULL, 'frends_of_friends', 'frends_of_friends');
INSERT INTO `users` (`id`, `email`, `phone`, `pass`, `created_at`, `visible_for`, `can_comment`, `can_message`, `invite_to_community`) VALUES ('11', 'jonas00@example.org', '346-227-7859x11', '', '1976-10-25 00:16:24', 'all', NULL, 'friends', 'all');
INSERT INTO `users` (`id`, `email`, `phone`, `pass`, `created_at`, `visible_for`, `can_comment`, `can_message`, `invite_to_community`) VALUES ('12', 'rosamond.reynolds@example.com', '659.711.9706x93', '', '1995-11-12 16:15:58', 'friends', NULL, 'all', 'frends_of_friends');
INSERT INTO `users` (`id`, `email`, `phone`, `pass`, `created_at`, `visible_for`, `can_comment`, `can_message`, `invite_to_community`) VALUES ('13', 'melyssa.gibson@example.com', '(895)428-2342x0', '', '1974-02-14 22:03:19', 'friends', NULL, 'friends', 'frends_of_friends');
INSERT INTO `users` (`id`, `email`, `phone`, `pass`, `created_at`, `visible_for`, `can_comment`, `can_message`, `invite_to_community`) VALUES ('14', 'wkiehn@example.com', '1-345-199-7392x', '', '1971-05-06 06:34:54', 'frends_of_friends', NULL, 'all', 'friends');
INSERT INTO `users` (`id`, `email`, `phone`, `pass`, `created_at`, `visible_for`, `can_comment`, `can_message`, `invite_to_community`) VALUES ('15', 'justice33@example.org', '(680)997-0693', '', '2008-09-01 19:02:48', 'friends', NULL, 'all', 'all');
INSERT INTO `users` (`id`, `email`, `phone`, `pass`, `created_at`, `visible_for`, `can_comment`, `can_message`, `invite_to_community`) VALUES ('16', 'zconnelly@example.net', '240-964-6714x50', '', '1989-05-01 00:26:09', 'friends', NULL, 'all', 'all');
INSERT INTO `users` (`id`, `email`, `phone`, `pass`, `created_at`, `visible_for`, `can_comment`, `can_message`, `invite_to_community`) VALUES ('17', 'rfeeney@example.com', '740.982.8086', '', '2002-09-21 10:56:18', 'frends_of_friends', NULL, 'friends', 'all');
INSERT INTO `users` (`id`, `email`, `phone`, `pass`, `created_at`, `visible_for`, `can_comment`, `can_message`, `invite_to_community`) VALUES ('18', 'ashly19@example.com', '1-174-664-6370x', '', '1978-07-05 13:10:07', 'friends', NULL, 'friends', 'all');
INSERT INTO `users` (`id`, `email`, `phone`, `pass`, `created_at`, `visible_for`, `can_comment`, `can_message`, `invite_to_community`) VALUES ('19', 'agnes59@example.net', '(428)121-6652', '', '2006-01-29 21:37:53', 'friends', NULL, 'friends', 'friends');
INSERT INTO `users` (`id`, `email`, `phone`, `pass`, `created_at`, `visible_for`, `can_comment`, `can_message`, `invite_to_community`) VALUES ('20', 'kiana57@example.com', '743.158.0668x30', '', '1988-11-10 18:18:46', 'friends', NULL, 'friends', 'all');
INSERT INTO `users` (`id`, `email`, `phone`, `pass`, `created_at`, `visible_for`, `can_comment`, `can_message`, `invite_to_community`) VALUES ('21', 'sbruen@example.org', '1-451-201-2023x', '', '2002-05-02 22:06:04', 'all', NULL, 'friends', 'friends');
INSERT INTO `users` (`id`, `email`, `phone`, `pass`, `created_at`, `visible_for`, `can_comment`, `can_message`, `invite_to_community`) VALUES ('22', 'audrey42@example.com', '06844235887', '', '2004-09-18 09:09:03', 'all', NULL, 'frends_of_friends', 'friends');
INSERT INTO `users` (`id`, `email`, `phone`, `pass`, `created_at`, `visible_for`, `can_comment`, `can_message`, `invite_to_community`) VALUES ('23', 'isidro.towne@example.com', '07594350147', '', '2003-11-20 19:02:16', 'frends_of_friends', NULL, 'friends', 'frends_of_friends');
INSERT INTO `users` (`id`, `email`, `phone`, `pass`, `created_at`, `visible_for`, `can_comment`, `can_message`, `invite_to_community`) VALUES ('24', 'kub.hunter@example.com', '1-802-579-1159', '', '2013-01-31 08:29:05', 'friends', NULL, 'frends_of_friends', 'friends');
INSERT INTO `users` (`id`, `email`, `phone`, `pass`, `created_at`, `visible_for`, `can_comment`, `can_message`, `invite_to_community`) VALUES ('25', 'iwiza@example.org', '590-293-8930', '', '1975-10-13 21:00:30', 'friends', NULL, 'frends_of_friends', 'frends_of_friends');
INSERT INTO `users` (`id`, `email`, `phone`, `pass`, `created_at`, `visible_for`, `can_comment`, `can_message`, `invite_to_community`) VALUES ('26', 'macie42@example.net', '041-944-9226x73', '', '1987-11-23 08:18:54', 'all', NULL, 'all', 'frends_of_friends');
INSERT INTO `users` (`id`, `email`, `phone`, `pass`, `created_at`, `visible_for`, `can_comment`, `can_message`, `invite_to_community`) VALUES ('27', 'sammie72@example.net', '(618)268-1254', '', '1972-04-15 14:03:28', 'all', NULL, 'all', 'friends');
INSERT INTO `users` (`id`, `email`, `phone`, `pass`, `created_at`, `visible_for`, `can_comment`, `can_message`, `invite_to_community`) VALUES ('28', 'dusty.collier@example.org', '(681)634-2213', '', '2019-04-19 05:54:34', 'frends_of_friends', NULL, 'all', 'friends');
INSERT INTO `users` (`id`, `email`, `phone`, `pass`, `created_at`, `visible_for`, `can_comment`, `can_message`, `invite_to_community`) VALUES ('29', 'hilda.franecki@example.net', '(997)793-6726', '', '1982-01-24 06:20:47', 'all', NULL, 'frends_of_friends', 'frends_of_friends');
INSERT INTO `users` (`id`, `email`, `phone`, `pass`, `created_at`, `visible_for`, `can_comment`, `can_message`, `invite_to_community`) VALUES ('30', 'bauch.mozelle@example.net', '475.479.5523x67', '', '1977-03-20 02:12:10', 'frends_of_friends', NULL, 'frends_of_friends', 'all');
INSERT INTO `users` (`id`, `email`, `phone`, `pass`, `created_at`, `visible_for`, `can_comment`, `can_message`, `invite_to_community`) VALUES ('31', 'bridget39@example.org', '(796)284-9281x2', '', '1974-07-22 01:59:20', 'friends', NULL, 'all', 'frends_of_friends');
INSERT INTO `users` (`id`, `email`, `phone`, `pass`, `created_at`, `visible_for`, `can_comment`, `can_message`, `invite_to_community`) VALUES ('32', 'caroline13@example.org', '875-049-8776x78', '', '2007-06-05 20:13:24', 'frends_of_friends', NULL, 'all', 'all');
INSERT INTO `users` (`id`, `email`, `phone`, `pass`, `created_at`, `visible_for`, `can_comment`, `can_message`, `invite_to_community`) VALUES ('33', 'jgoldner@example.org', '1-695-209-6763x', '', '1986-06-27 14:42:42', 'frends_of_friends', NULL, 'all', 'frends_of_friends');
INSERT INTO `users` (`id`, `email`, `phone`, `pass`, `created_at`, `visible_for`, `can_comment`, `can_message`, `invite_to_community`) VALUES ('34', 'iluettgen@example.net', '(378)610-3615', '', '2016-07-01 07:18:40', 'frends_of_friends', NULL, 'frends_of_friends', 'all');
INSERT INTO `users` (`id`, `email`, `phone`, `pass`, `created_at`, `visible_for`, `can_comment`, `can_message`, `invite_to_community`) VALUES ('35', 'modesta.renner@example.net', '755-264-5379x80', '', '2013-08-10 05:17:45', 'friends', NULL, 'friends', 'frends_of_friends');
INSERT INTO `users` (`id`, `email`, `phone`, `pass`, `created_at`, `visible_for`, `can_comment`, `can_message`, `invite_to_community`) VALUES ('36', 'stanton.nikolaus@example.org', '1-076-649-3881x', '', '2014-09-17 21:34:16', 'all', NULL, 'all', 'frends_of_friends');
INSERT INTO `users` (`id`, `email`, `phone`, `pass`, `created_at`, `visible_for`, `can_comment`, `can_message`, `invite_to_community`) VALUES ('37', 'cfeil@example.net', '1-059-358-2602', '', '1972-02-09 12:43:19', 'all', NULL, 'frends_of_friends', 'friends');
INSERT INTO `users` (`id`, `email`, `phone`, `pass`, `created_at`, `visible_for`, `can_comment`, `can_message`, `invite_to_community`) VALUES ('38', 'ibeier@example.net', '01350363242', '', '2005-05-15 23:56:21', 'all', NULL, 'frends_of_friends', 'frends_of_friends');
INSERT INTO `users` (`id`, `email`, `phone`, `pass`, `created_at`, `visible_for`, `can_comment`, `can_message`, `invite_to_community`) VALUES ('39', 'mraz.reyna@example.com', '(375)657-0839x2', '', '1970-05-03 18:29:19', 'all', NULL, 'friends', 'frends_of_friends');
INSERT INTO `users` (`id`, `email`, `phone`, `pass`, `created_at`, `visible_for`, `can_comment`, `can_message`, `invite_to_community`) VALUES ('40', 'miller.jack@example.com', '03178833826', '', '1975-02-12 04:17:18', 'frends_of_friends', NULL, 'friends', 'friends');
INSERT INTO `users` (`id`, `email`, `phone`, `pass`, `created_at`, `visible_for`, `can_comment`, `can_message`, `invite_to_community`) VALUES ('41', 'litzy48@example.net', '+59(3)259091047', '', '2006-11-25 10:25:06', 'friends', NULL, 'frends_of_friends', 'friends');
INSERT INTO `users` (`id`, `email`, `phone`, `pass`, `created_at`, `visible_for`, `can_comment`, `can_message`, `invite_to_community`) VALUES ('42', 'mckenzie.polly@example.net', '783.046.6992x08', '', '1988-12-30 17:49:33', 'frends_of_friends', NULL, 'friends', 'all');
INSERT INTO `users` (`id`, `email`, `phone`, `pass`, `created_at`, `visible_for`, `can_comment`, `can_message`, `invite_to_community`) VALUES ('43', 'bmayert@example.com', '627.724.8697', '', '2001-07-19 11:49:25', 'frends_of_friends', NULL, 'friends', 'all');
INSERT INTO `users` (`id`, `email`, `phone`, `pass`, `created_at`, `visible_for`, `can_comment`, `can_message`, `invite_to_community`) VALUES ('44', 'lueilwitz.chance@example.net', '174-681-5223', '', '1973-11-14 07:27:21', 'friends', NULL, 'frends_of_friends', 'friends');
INSERT INTO `users` (`id`, `email`, `phone`, `pass`, `created_at`, `visible_for`, `can_comment`, `can_message`, `invite_to_community`) VALUES ('45', 'kris.alize@example.org', '(719)660-6191x1', '', '2017-08-04 10:17:07', 'all', NULL, 'all', 'all');
INSERT INTO `users` (`id`, `email`, `phone`, `pass`, `created_at`, `visible_for`, `can_comment`, `can_message`, `invite_to_community`) VALUES ('46', 'nolan.marianne@example.net', '01844572346', '', '1980-04-26 05:46:48', 'all', NULL, 'frends_of_friends', 'frends_of_friends');
INSERT INTO `users` (`id`, `email`, `phone`, `pass`, `created_at`, `visible_for`, `can_comment`, `can_message`, `invite_to_community`) VALUES ('47', 'sawayn.dexter@example.org', '1-357-492-8268x', '', '1970-11-03 22:32:20', 'all', NULL, 'frends_of_friends', 'all');
INSERT INTO `users` (`id`, `email`, `phone`, `pass`, `created_at`, `visible_for`, `can_comment`, `can_message`, `invite_to_community`) VALUES ('48', 'brekke.robb@example.com', '356.646.5192x53', '', '1974-10-11 01:27:35', 'friends', NULL, 'all', 'friends');
INSERT INTO `users` (`id`, `email`, `phone`, `pass`, `created_at`, `visible_for`, `can_comment`, `can_message`, `invite_to_community`) VALUES ('49', 'palma.muller@example.net', '1-673-867-7493', '', '2016-04-29 17:12:59', 'all', NULL, 'frends_of_friends', 'friends');
INSERT INTO `users` (`id`, `email`, `phone`, `pass`, `created_at`, `visible_for`, `can_comment`, `can_message`, `invite_to_community`) VALUES ('50', 'willms.blanche@example.org', '1-434-730-4111x', '', '1985-10-30 08:09:10', 'friends', NULL, 'frends_of_friends', 'all');
INSERT INTO `users` (`id`, `email`, `phone`, `pass`, `created_at`, `visible_for`, `can_comment`, `can_message`, `invite_to_community`) VALUES ('51', 'ana55@example.net', '(984)997-0889x9', '', '1993-04-11 18:08:42', 'friends', NULL, 'frends_of_friends', 'friends');
INSERT INTO `users` (`id`, `email`, `phone`, `pass`, `created_at`, `visible_for`, `can_comment`, `can_message`, `invite_to_community`) VALUES ('52', 'dhyatt@example.net', '061.414.5859x95', '', '2007-05-02 18:45:56', 'all', NULL, 'friends', 'all');
INSERT INTO `users` (`id`, `email`, `phone`, `pass`, `created_at`, `visible_for`, `can_comment`, `can_message`, `invite_to_community`) VALUES ('53', 'willms.murray@example.net', '655.526.3007x29', '', '1996-06-23 23:20:19', 'friends', NULL, 'all', 'all');
INSERT INTO `users` (`id`, `email`, `phone`, `pass`, `created_at`, `visible_for`, `can_comment`, `can_message`, `invite_to_community`) VALUES ('54', 'myriam.marvin@example.net', '1-823-497-4762x', '', '1982-07-16 03:34:14', 'all', NULL, 'frends_of_friends', 'frends_of_friends');
INSERT INTO `users` (`id`, `email`, `phone`, `pass`, `created_at`, `visible_for`, `can_comment`, `can_message`, `invite_to_community`) VALUES ('55', 'loyce86@example.net', '(338)484-5349x8', '', '2004-03-25 07:56:08', 'frends_of_friends', NULL, 'frends_of_friends', 'friends');
INSERT INTO `users` (`id`, `email`, `phone`, `pass`, `created_at`, `visible_for`, `can_comment`, `can_message`, `invite_to_community`) VALUES ('56', 'kylee.halvorson@example.org', '(319)580-2087x5', '', '2011-04-02 15:41:08', 'friends', NULL, 'friends', 'all');
INSERT INTO `users` (`id`, `email`, `phone`, `pass`, `created_at`, `visible_for`, `can_comment`, `can_message`, `invite_to_community`) VALUES ('57', 'stephon.langosh@example.net', '08017602174', '', '2017-02-23 02:55:43', 'friends', NULL, 'friends', 'all');
INSERT INTO `users` (`id`, `email`, `phone`, `pass`, `created_at`, `visible_for`, `can_comment`, `can_message`, `invite_to_community`) VALUES ('58', 'frami.george@example.org', '+24(5)618033988', '', '1988-12-13 21:26:38', 'friends', NULL, 'frends_of_friends', 'frends_of_friends');
INSERT INTO `users` (`id`, `email`, `phone`, `pass`, `created_at`, `visible_for`, `can_comment`, `can_message`, `invite_to_community`) VALUES ('59', 'swift.gerry@example.org', '433-167-0362', '', '2011-06-28 03:29:51', 'frends_of_friends', NULL, 'friends', 'frends_of_friends');
INSERT INTO `users` (`id`, `email`, `phone`, `pass`, `created_at`, `visible_for`, `can_comment`, `can_message`, `invite_to_community`) VALUES ('60', 'ycormier@example.net', '1-563-748-5546x', '', '1982-09-22 16:19:41', 'frends_of_friends', NULL, 'friends', 'all');
INSERT INTO `users` (`id`, `email`, `phone`, `pass`, `created_at`, `visible_for`, `can_comment`, `can_message`, `invite_to_community`) VALUES ('61', 'cjaskolski@example.org', '854.876.7082', '', '1995-04-07 02:41:07', 'all', NULL, 'frends_of_friends', 'frends_of_friends');
INSERT INTO `users` (`id`, `email`, `phone`, `pass`, `created_at`, `visible_for`, `can_comment`, `can_message`, `invite_to_community`) VALUES ('62', 'magali31@example.com', '04415075743', '', '1984-05-09 21:53:26', 'friends', NULL, 'friends', 'all');
INSERT INTO `users` (`id`, `email`, `phone`, `pass`, `created_at`, `visible_for`, `can_comment`, `can_message`, `invite_to_community`) VALUES ('63', 'jedidiah.schneider@example.org', '08135077441', '', '1972-06-24 13:30:45', 'frends_of_friends', NULL, 'all', 'frends_of_friends');
INSERT INTO `users` (`id`, `email`, `phone`, `pass`, `created_at`, `visible_for`, `can_comment`, `can_message`, `invite_to_community`) VALUES ('64', 'balistreri.jacynthe@example.net', '1-795-604-5753x', '', '2014-01-17 07:56:55', 'frends_of_friends', NULL, 'friends', 'frends_of_friends');
INSERT INTO `users` (`id`, `email`, `phone`, `pass`, `created_at`, `visible_for`, `can_comment`, `can_message`, `invite_to_community`) VALUES ('65', 'jordy.hahn@example.net', '+30(8)197528341', '', '1971-06-27 17:59:09', 'all', NULL, 'all', 'frends_of_friends');
INSERT INTO `users` (`id`, `email`, `phone`, `pass`, `created_at`, `visible_for`, `can_comment`, `can_message`, `invite_to_community`) VALUES ('66', 'monahan.anabelle@example.org', '806-025-8360', '', '2016-03-19 16:08:32', 'all', NULL, 'friends', 'frends_of_friends');
INSERT INTO `users` (`id`, `email`, `phone`, `pass`, `created_at`, `visible_for`, `can_comment`, `can_message`, `invite_to_community`) VALUES ('67', 'brittany.rogahn@example.com', '358-003-7604', '', '1997-05-23 23:46:37', 'friends', NULL, 'friends', 'friends');
INSERT INTO `users` (`id`, `email`, `phone`, `pass`, `created_at`, `visible_for`, `can_comment`, `can_message`, `invite_to_community`) VALUES ('68', 'bailee.o\'keefe@example.org', '09217149483', '', '2005-01-19 17:21:28', 'all', NULL, 'all', 'friends');
INSERT INTO `users` (`id`, `email`, `phone`, `pass`, `created_at`, `visible_for`, `can_comment`, `can_message`, `invite_to_community`) VALUES ('69', 'stephon48@example.com', '856.721.9790x24', '', '1991-09-30 05:06:45', 'friends', NULL, 'all', 'friends');
INSERT INTO `users` (`id`, `email`, `phone`, `pass`, `created_at`, `visible_for`, `can_comment`, `can_message`, `invite_to_community`) VALUES ('70', 'simone75@example.org', '1-741-359-6149x', '', '2016-10-23 06:35:11', 'friends', NULL, 'all', 'all');
INSERT INTO `users` (`id`, `email`, `phone`, `pass`, `created_at`, `visible_for`, `can_comment`, `can_message`, `invite_to_community`) VALUES ('71', 'bethany88@example.net', '02132843402', '', '1974-03-14 12:19:27', 'all', NULL, 'friends', 'all');
INSERT INTO `users` (`id`, `email`, `phone`, `pass`, `created_at`, `visible_for`, `can_comment`, `can_message`, `invite_to_community`) VALUES ('72', 'zkemmer@example.org', '1-992-452-6411x', '', '2012-12-10 15:59:22', 'friends', NULL, 'friends', 'all');
INSERT INTO `users` (`id`, `email`, `phone`, `pass`, `created_at`, `visible_for`, `can_comment`, `can_message`, `invite_to_community`) VALUES ('73', 'krippin@example.net', '1-771-709-0133', '', '1971-06-01 01:35:17', 'frends_of_friends', NULL, 'frends_of_friends', 'frends_of_friends');
INSERT INTO `users` (`id`, `email`, `phone`, `pass`, `created_at`, `visible_for`, `can_comment`, `can_message`, `invite_to_community`) VALUES ('74', 'yframi@example.net', '(086)800-0804x7', '', '1995-01-06 13:19:00', 'all', NULL, 'all', 'frends_of_friends');
INSERT INTO `users` (`id`, `email`, `phone`, `pass`, `created_at`, `visible_for`, `can_comment`, `can_message`, `invite_to_community`) VALUES ('75', 'linwood64@example.org', '(686)923-5174', '', '1993-05-23 13:17:17', 'frends_of_friends', NULL, 'frends_of_friends', 'friends');
INSERT INTO `users` (`id`, `email`, `phone`, `pass`, `created_at`, `visible_for`, `can_comment`, `can_message`, `invite_to_community`) VALUES ('76', 'ryan.joannie@example.com', '1-206-501-0956x', '', '1987-11-24 11:00:23', 'all', NULL, 'frends_of_friends', 'friends');
INSERT INTO `users` (`id`, `email`, `phone`, `pass`, `created_at`, `visible_for`, `can_comment`, `can_message`, `invite_to_community`) VALUES ('77', 'bashirian.tatyana@example.org', '895.764.2411', '', '1990-12-18 10:01:52', 'all', NULL, 'friends', 'friends');
INSERT INTO `users` (`id`, `email`, `phone`, `pass`, `created_at`, `visible_for`, `can_comment`, `can_message`, `invite_to_community`) VALUES ('78', 'durgan.brannon@example.com', '(915)683-6830x2', '', '1977-12-26 14:08:12', 'all', NULL, 'frends_of_friends', 'frends_of_friends');
INSERT INTO `users` (`id`, `email`, `phone`, `pass`, `created_at`, `visible_for`, `can_comment`, `can_message`, `invite_to_community`) VALUES ('79', 'shane.muller@example.net', '+94(9)249443660', '', '1982-12-12 01:59:40', 'friends', NULL, 'frends_of_friends', 'friends');
INSERT INTO `users` (`id`, `email`, `phone`, `pass`, `created_at`, `visible_for`, `can_comment`, `can_message`, `invite_to_community`) VALUES ('80', 'jarrett.sauer@example.com', '+83(8)727075642', '', '2011-08-15 02:42:56', 'frends_of_friends', NULL, 'friends', 'friends');
INSERT INTO `users` (`id`, `email`, `phone`, `pass`, `created_at`, `visible_for`, `can_comment`, `can_message`, `invite_to_community`) VALUES ('81', 'stacy.bahringer@example.com', '01708296909', '', '2002-01-08 23:29:26', 'frends_of_friends', NULL, 'frends_of_friends', 'all');
INSERT INTO `users` (`id`, `email`, `phone`, `pass`, `created_at`, `visible_for`, `can_comment`, `can_message`, `invite_to_community`) VALUES ('82', 'mleannon@example.org', '078.909.5255x91', '', '2009-04-01 01:16:30', 'frends_of_friends', NULL, 'friends', 'friends');
INSERT INTO `users` (`id`, `email`, `phone`, `pass`, `created_at`, `visible_for`, `can_comment`, `can_message`, `invite_to_community`) VALUES ('83', 'grover28@example.net', '772-144-9503x39', '', '1983-09-15 12:07:58', 'friends', NULL, 'frends_of_friends', 'all');
INSERT INTO `users` (`id`, `email`, `phone`, `pass`, `created_at`, `visible_for`, `can_comment`, `can_message`, `invite_to_community`) VALUES ('84', 'brad.ziemann@example.com', '968.201.2129x40', '', '1983-01-05 14:02:58', 'friends', NULL, 'frends_of_friends', 'friends');
INSERT INTO `users` (`id`, `email`, `phone`, `pass`, `created_at`, `visible_for`, `can_comment`, `can_message`, `invite_to_community`) VALUES ('85', 'ethelyn.steuber@example.com', '08138033443', '', '2018-02-14 17:46:01', 'friends', NULL, 'friends', 'friends');
INSERT INTO `users` (`id`, `email`, `phone`, `pass`, `created_at`, `visible_for`, `can_comment`, `can_message`, `invite_to_community`) VALUES ('86', 'wilmer88@example.org', '(826)881-1162x0', '', '2009-11-07 04:47:58', 'frends_of_friends', NULL, 'all', 'all');
INSERT INTO `users` (`id`, `email`, `phone`, `pass`, `created_at`, `visible_for`, `can_comment`, `can_message`, `invite_to_community`) VALUES ('87', 'hagenes.yvette@example.org', '(416)935-1727', '', '2003-01-15 01:08:15', 'all', NULL, 'frends_of_friends', 'frends_of_friends');
INSERT INTO `users` (`id`, `email`, `phone`, `pass`, `created_at`, `visible_for`, `can_comment`, `can_message`, `invite_to_community`) VALUES ('88', 'hand.brady@example.com', '248-287-4337x64', '', '1980-11-11 13:52:54', 'friends', NULL, 'all', 'frends_of_friends');
INSERT INTO `users` (`id`, `email`, `phone`, `pass`, `created_at`, `visible_for`, `can_comment`, `can_message`, `invite_to_community`) VALUES ('89', 'zhirthe@example.net', '(428)770-6314x4', '', '1976-12-18 09:28:25', 'all', NULL, 'friends', 'all');
INSERT INTO `users` (`id`, `email`, `phone`, `pass`, `created_at`, `visible_for`, `can_comment`, `can_message`, `invite_to_community`) VALUES ('90', 'eparisian@example.org', '(431)785-7056x0', '', '1983-02-21 23:01:33', 'all', NULL, 'all', 'all');
INSERT INTO `users` (`id`, `email`, `phone`, `pass`, `created_at`, `visible_for`, `can_comment`, `can_message`, `invite_to_community`) VALUES ('91', 'dulce34@example.net', '+92(9)609837175', '', '2010-01-02 08:47:24', 'friends', NULL, 'friends', 'frends_of_friends');
INSERT INTO `users` (`id`, `email`, `phone`, `pass`, `created_at`, `visible_for`, `can_comment`, `can_message`, `invite_to_community`) VALUES ('92', 'windler.bernhard@example.net', '+37(9)289439938', '', '2012-01-15 12:49:38', 'all', NULL, 'all', 'all');
INSERT INTO `users` (`id`, `email`, `phone`, `pass`, `created_at`, `visible_for`, `can_comment`, `can_message`, `invite_to_community`) VALUES ('93', 'erik.hessel@example.net', '(276)174-7322x4', '', '1999-01-31 12:11:56', 'all', NULL, 'friends', 'frends_of_friends');
INSERT INTO `users` (`id`, `email`, `phone`, `pass`, `created_at`, `visible_for`, `can_comment`, `can_message`, `invite_to_community`) VALUES ('94', 'lenore.shanahan@example.org', '148.663.9351', '', '1978-05-06 07:06:54', 'friends', NULL, 'friends', 'frends_of_friends');
INSERT INTO `users` (`id`, `email`, `phone`, `pass`, `created_at`, `visible_for`, `can_comment`, `can_message`, `invite_to_community`) VALUES ('95', 'ondricka.allie@example.net', '(399)222-1255', '', '1990-10-08 00:11:45', 'frends_of_friends', NULL, 'friends', 'frends_of_friends');
INSERT INTO `users` (`id`, `email`, `phone`, `pass`, `created_at`, `visible_for`, `can_comment`, `can_message`, `invite_to_community`) VALUES ('96', 'miguel.corkery@example.org', '(150)823-0350x3', '', '1976-05-17 11:36:04', 'friends', NULL, 'friends', 'frends_of_friends');
INSERT INTO `users` (`id`, `email`, `phone`, `pass`, `created_at`, `visible_for`, `can_comment`, `can_message`, `invite_to_community`) VALUES ('97', 'greilly@example.com', '1-669-937-1845', '', '1989-02-23 20:33:20', 'frends_of_friends', NULL, 'all', 'all');
INSERT INTO `users` (`id`, `email`, `phone`, `pass`, `created_at`, `visible_for`, `can_comment`, `can_message`, `invite_to_community`) VALUES ('98', 'farrell.anthony@example.com', '495.355.7501x31', '', '1989-09-12 19:08:12', 'frends_of_friends', NULL, 'all', 'frends_of_friends');
INSERT INTO `users` (`id`, `email`, `phone`, `pass`, `created_at`, `visible_for`, `can_comment`, `can_message`, `invite_to_community`) VALUES ('99', 'mbradtke@example.net', '683.179.1588x12', '', '2018-04-14 18:31:49', 'friends', NULL, 'frends_of_friends', 'friends');
INSERT INTO `users` (`id`, `email`, `phone`, `pass`, `created_at`, `visible_for`, `can_comment`, `can_message`, `invite_to_community`) VALUES ('100', 'harber.stanford@example.org', '(754)395-3433x4', '', '1981-12-19 07:16:56', 'friends', NULL, 'frends_of_friends', 'frends_of_friends');


#
# TABLE STRUCTURE FOR: users_communities
#

DROP TABLE IF EXISTS `users_communities`;

CREATE TABLE `users_communities` (
  `community_id` bigint(20) unsigned NOT NULL,
  `user_id` bigint(20) unsigned NOT NULL,
  `is_admin` tinyint(1) DEFAULT NULL,
  PRIMARY KEY (`community_id`,`user_id`),
  KEY `user_id` (`user_id`),
  CONSTRAINT `users_communities_ibfk_1` FOREIGN KEY (`user_id`) REFERENCES `profiles` (`user_id`),
  CONSTRAINT `users_communities_ibfk_2` FOREIGN KEY (`community_id`) REFERENCES `communities` (`id`)
) ENGINE=InnoDB DEFAULT CHARSET=utf8 COLLATE=utf8_unicode_ci;

INSERT INTO `users_communities` (`community_id`, `user_id`, `is_admin`) VALUES ('1', '1', 0);
INSERT INTO `users_communities` (`community_id`, `user_id`, `is_admin`) VALUES ('2', '2', 1);
INSERT INTO `users_communities` (`community_id`, `user_id`, `is_admin`) VALUES ('3', '3', 0);
INSERT INTO `users_communities` (`community_id`, `user_id`, `is_admin`) VALUES ('4', '4', 0);
INSERT INTO `users_communities` (`community_id`, `user_id`, `is_admin`) VALUES ('5', '5', 0);
INSERT INTO `users_communities` (`community_id`, `user_id`, `is_admin`) VALUES ('6', '6', 0);
INSERT INTO `users_communities` (`community_id`, `user_id`, `is_admin`) VALUES ('7', '7', 0);
INSERT INTO `users_communities` (`community_id`, `user_id`, `is_admin`) VALUES ('8', '8', 0);
INSERT INTO `users_communities` (`community_id`, `user_id`, `is_admin`) VALUES ('9', '9', 1);
INSERT INTO `users_communities` (`community_id`, `user_id`, `is_admin`) VALUES ('10', '10', 1);
INSERT INTO `users_communities` (`community_id`, `user_id`, `is_admin`) VALUES ('11', '11', 1);
INSERT INTO `users_communities` (`community_id`, `user_id`, `is_admin`) VALUES ('12', '12', 1);
INSERT INTO `users_communities` (`community_id`, `user_id`, `is_admin`) VALUES ('13', '13', 1);
INSERT INTO `users_communities` (`community_id`, `user_id`, `is_admin`) VALUES ('14', '14', 0);
INSERT INTO `users_communities` (`community_id`, `user_id`, `is_admin`) VALUES ('15', '15', 1);
INSERT INTO `users_communities` (`community_id`, `user_id`, `is_admin`) VALUES ('16', '16', 0);
INSERT INTO `users_communities` (`community_id`, `user_id`, `is_admin`) VALUES ('17', '17', 1);
INSERT INTO `users_communities` (`community_id`, `user_id`, `is_admin`) VALUES ('18', '18', 0);
INSERT INTO `users_communities` (`community_id`, `user_id`, `is_admin`) VALUES ('19', '19', 1);
INSERT INTO `users_communities` (`community_id`, `user_id`, `is_admin`) VALUES ('20', '20', 1);
INSERT INTO `users_communities` (`community_id`, `user_id`, `is_admin`) VALUES ('21', '21', 1);
INSERT INTO `users_communities` (`community_id`, `user_id`, `is_admin`) VALUES ('22', '22', 1);
INSERT INTO `users_communities` (`community_id`, `user_id`, `is_admin`) VALUES ('23', '23', 1);
INSERT INTO `users_communities` (`community_id`, `user_id`, `is_admin`) VALUES ('24', '24', 1);
INSERT INTO `users_communities` (`community_id`, `user_id`, `is_admin`) VALUES ('25', '25', 0);
INSERT INTO `users_communities` (`community_id`, `user_id`, `is_admin`) VALUES ('26', '26', 1);
INSERT INTO `users_communities` (`community_id`, `user_id`, `is_admin`) VALUES ('27', '27', 1);
INSERT INTO `users_communities` (`community_id`, `user_id`, `is_admin`) VALUES ('28', '28', 0);
INSERT INTO `users_communities` (`community_id`, `user_id`, `is_admin`) VALUES ('29', '29', 1);
INSERT INTO `users_communities` (`community_id`, `user_id`, `is_admin`) VALUES ('30', '30', 1);
INSERT INTO `users_communities` (`community_id`, `user_id`, `is_admin`) VALUES ('31', '31', 0);
INSERT INTO `users_communities` (`community_id`, `user_id`, `is_admin`) VALUES ('32', '32', 1);
INSERT INTO `users_communities` (`community_id`, `user_id`, `is_admin`) VALUES ('33', '33', 0);
INSERT INTO `users_communities` (`community_id`, `user_id`, `is_admin`) VALUES ('34', '34', 0);
INSERT INTO `users_communities` (`community_id`, `user_id`, `is_admin`) VALUES ('35', '35', 1);
INSERT INTO `users_communities` (`community_id`, `user_id`, `is_admin`) VALUES ('36', '36', 1);
INSERT INTO `users_communities` (`community_id`, `user_id`, `is_admin`) VALUES ('37', '37', 0);
INSERT INTO `users_communities` (`community_id`, `user_id`, `is_admin`) VALUES ('38', '38', 1);
INSERT INTO `users_communities` (`community_id`, `user_id`, `is_admin`) VALUES ('39', '39', 1);
INSERT INTO `users_communities` (`community_id`, `user_id`, `is_admin`) VALUES ('40', '40', 1);
INSERT INTO `users_communities` (`community_id`, `user_id`, `is_admin`) VALUES ('41', '41', 1);
INSERT INTO `users_communities` (`community_id`, `user_id`, `is_admin`) VALUES ('42', '42', 1);
INSERT INTO `users_communities` (`community_id`, `user_id`, `is_admin`) VALUES ('43', '43', 1);
INSERT INTO `users_communities` (`community_id`, `user_id`, `is_admin`) VALUES ('44', '44', 1);
INSERT INTO `users_communities` (`community_id`, `user_id`, `is_admin`) VALUES ('45', '45', 1);
INSERT INTO `users_communities` (`community_id`, `user_id`, `is_admin`) VALUES ('46', '46', 0);
INSERT INTO `users_communities` (`community_id`, `user_id`, `is_admin`) VALUES ('47', '47', 0);
INSERT INTO `users_communities` (`community_id`, `user_id`, `is_admin`) VALUES ('48', '48', 0);
INSERT INTO `users_communities` (`community_id`, `user_id`, `is_admin`) VALUES ('49', '49', 1);
INSERT INTO `users_communities` (`community_id`, `user_id`, `is_admin`) VALUES ('50', '50', 1);
INSERT INTO `users_communities` (`community_id`, `user_id`, `is_admin`) VALUES ('51', '51', 0);
INSERT INTO `users_communities` (`community_id`, `user_id`, `is_admin`) VALUES ('52', '52', 0);
INSERT INTO `users_communities` (`community_id`, `user_id`, `is_admin`) VALUES ('53', '53', 0);
INSERT INTO `users_communities` (`community_id`, `user_id`, `is_admin`) VALUES ('54', '54', 1);
INSERT INTO `users_communities` (`community_id`, `user_id`, `is_admin`) VALUES ('55', '55', 1);
INSERT INTO `users_communities` (`community_id`, `user_id`, `is_admin`) VALUES ('56', '56', 1);
INSERT INTO `users_communities` (`community_id`, `user_id`, `is_admin`) VALUES ('57', '57', 0);
INSERT INTO `users_communities` (`community_id`, `user_id`, `is_admin`) VALUES ('58', '58', 0);
INSERT INTO `users_communities` (`community_id`, `user_id`, `is_admin`) VALUES ('59', '59', 0);
INSERT INTO `users_communities` (`community_id`, `user_id`, `is_admin`) VALUES ('60', '60', 1);
INSERT INTO `users_communities` (`community_id`, `user_id`, `is_admin`) VALUES ('61', '61', 1);
INSERT INTO `users_communities` (`community_id`, `user_id`, `is_admin`) VALUES ('62', '62', 1);
INSERT INTO `users_communities` (`community_id`, `user_id`, `is_admin`) VALUES ('63', '63', 1);
INSERT INTO `users_communities` (`community_id`, `user_id`, `is_admin`) VALUES ('64', '64', 1);
INSERT INTO `users_communities` (`community_id`, `user_id`, `is_admin`) VALUES ('65', '65', 1);
INSERT INTO `users_communities` (`community_id`, `user_id`, `is_admin`) VALUES ('66', '66', 0);
INSERT INTO `users_communities` (`community_id`, `user_id`, `is_admin`) VALUES ('67', '67', 1);
INSERT INTO `users_communities` (`community_id`, `user_id`, `is_admin`) VALUES ('68', '68', 0);
INSERT INTO `users_communities` (`community_id`, `user_id`, `is_admin`) VALUES ('69', '69', 0);
INSERT INTO `users_communities` (`community_id`, `user_id`, `is_admin`) VALUES ('70', '70', 0);
INSERT INTO `users_communities` (`community_id`, `user_id`, `is_admin`) VALUES ('71', '71', 0);
INSERT INTO `users_communities` (`community_id`, `user_id`, `is_admin`) VALUES ('72', '72', 1);
INSERT INTO `users_communities` (`community_id`, `user_id`, `is_admin`) VALUES ('73', '73', 0);
INSERT INTO `users_communities` (`community_id`, `user_id`, `is_admin`) VALUES ('74', '74', 1);
INSERT INTO `users_communities` (`community_id`, `user_id`, `is_admin`) VALUES ('75', '75', 0);
INSERT INTO `users_communities` (`community_id`, `user_id`, `is_admin`) VALUES ('76', '76', 1);
INSERT INTO `users_communities` (`community_id`, `user_id`, `is_admin`) VALUES ('77', '77', 1);
INSERT INTO `users_communities` (`community_id`, `user_id`, `is_admin`) VALUES ('78', '78', 0);
INSERT INTO `users_communities` (`community_id`, `user_id`, `is_admin`) VALUES ('79', '79', 0);
INSERT INTO `users_communities` (`community_id`, `user_id`, `is_admin`) VALUES ('80', '80', 1);
INSERT INTO `users_communities` (`community_id`, `user_id`, `is_admin`) VALUES ('81', '81', 1);
INSERT INTO `users_communities` (`community_id`, `user_id`, `is_admin`) VALUES ('82', '82', 0);
INSERT INTO `users_communities` (`community_id`, `user_id`, `is_admin`) VALUES ('83', '83', 0);
INSERT INTO `users_communities` (`community_id`, `user_id`, `is_admin`) VALUES ('84', '84', 1);
INSERT INTO `users_communities` (`community_id`, `user_id`, `is_admin`) VALUES ('85', '85', 1);
INSERT INTO `users_communities` (`community_id`, `user_id`, `is_admin`) VALUES ('86', '86', 0);
INSERT INTO `users_communities` (`community_id`, `user_id`, `is_admin`) VALUES ('87', '87', 0);
INSERT INTO `users_communities` (`community_id`, `user_id`, `is_admin`) VALUES ('88', '88', 1);
INSERT INTO `users_communities` (`community_id`, `user_id`, `is_admin`) VALUES ('89', '89', 1);
INSERT INTO `users_communities` (`community_id`, `user_id`, `is_admin`) VALUES ('90', '90', 0);
INSERT INTO `users_communities` (`community_id`, `user_id`, `is_admin`) VALUES ('91', '91', 1);
INSERT INTO `users_communities` (`community_id`, `user_id`, `is_admin`) VALUES ('92', '92', 1);
INSERT INTO `users_communities` (`community_id`, `user_id`, `is_admin`) VALUES ('93', '93', 0);
INSERT INTO `users_communities` (`community_id`, `user_id`, `is_admin`) VALUES ('94', '94', 0);
INSERT INTO `users_communities` (`community_id`, `user_id`, `is_admin`) VALUES ('95', '95', 1);
INSERT INTO `users_communities` (`community_id`, `user_id`, `is_admin`) VALUES ('96', '96', 0);
INSERT INTO `users_communities` (`community_id`, `user_id`, `is_admin`) VALUES ('97', '97', 1);
INSERT INTO `users_communities` (`community_id`, `user_id`, `is_admin`) VALUES ('98', '98', 1);
INSERT INTO `users_communities` (`community_id`, `user_id`, `is_admin`) VALUES ('99', '99', 1);
INSERT INTO `users_communities` (`community_id`, `user_id`, `is_admin`) VALUES ('100', '100', 1);


