#
# TABLE STRUCTURE FOR: countrys
#


INSERT INTO `countrys` (`id`, `country`) VALUES ('92', 'Afghanistan');
INSERT INTO `countrys` (`id`, `country`) VALUES ('9', 'Albania');
INSERT INTO `countrys` (`id`, `country`) VALUES ('14', 'Algeria');
INSERT INTO `countrys` (`id`, `country`) VALUES ('59', 'American Samoa');
INSERT INTO `countrys` (`id`, `country`) VALUES ('57', 'Antarctica (the territory South of 60 deg S)');
INSERT INTO `countrys` (`id`, `country`) VALUES ('90', 'Armenia');
INSERT INTO `countrys` (`id`, `country`) VALUES ('73', 'Aruba');
INSERT INTO `countrys` (`id`, `country`) VALUES ('76', 'Austria');
INSERT INTO `countrys` (`id`, `country`) VALUES ('29', 'Bangladesh');
INSERT INTO `countrys` (`id`, `country`) VALUES ('38', 'Barbados');
INSERT INTO `countrys` (`id`, `country`) VALUES ('91', 'Benin');
INSERT INTO `countrys` (`id`, `country`) VALUES ('34', 'Bhutan');
INSERT INTO `countrys` (`id`, `country`) VALUES ('32', 'Bosnia and Herzegovina');
INSERT INTO `countrys` (`id`, `country`) VALUES ('51', 'Brazil');
INSERT INTO `countrys` (`id`, `country`) VALUES ('26', 'Brunei Darussalam');
INSERT INTO `countrys` (`id`, `country`) VALUES ('69', 'Bulgaria');
INSERT INTO `countrys` (`id`, `country`) VALUES ('45', 'Burundi');
INSERT INTO `countrys` (`id`, `country`) VALUES ('81', 'Chad');
INSERT INTO `countrys` (`id`, `country`) VALUES ('41', 'China');
INSERT INTO `countrys` (`id`, `country`) VALUES ('68', 'Christmas Island');
INSERT INTO `countrys` (`id`, `country`) VALUES ('46', 'Cook Islands');
INSERT INTO `countrys` (`id`, `country`) VALUES ('74', 'Cuba');
INSERT INTO `countrys` (`id`, `country`) VALUES ('11', 'Czech Republic');
INSERT INTO `countrys` (`id`, `country`) VALUES ('43', 'Djibouti');
INSERT INTO `countrys` (`id`, `country`) VALUES ('96', 'Dominica');
INSERT INTO `countrys` (`id`, `country`) VALUES ('50', 'Dominican Republic');
INSERT INTO `countrys` (`id`, `country`) VALUES ('94', 'Ecuador');
INSERT INTO `countrys` (`id`, `country`) VALUES ('62', 'Equatorial Guinea');
INSERT INTO `countrys` (`id`, `country`) VALUES ('6', 'Estonia');
INSERT INTO `countrys` (`id`, `country`) VALUES ('18', 'Ethiopia');
INSERT INTO `countrys` (`id`, `country`) VALUES ('36', 'Falkland Islands (Malvinas)');
INSERT INTO `countrys` (`id`, `country`) VALUES ('24', 'France');
INSERT INTO `countrys` (`id`, `country`) VALUES ('12', 'French Guiana');
INSERT INTO `countrys` (`id`, `country`) VALUES ('15', 'Germany');
INSERT INTO `countrys` (`id`, `country`) VALUES ('19', 'Ghana');
INSERT INTO `countrys` (`id`, `country`) VALUES ('5', 'Greece');
INSERT INTO `countrys` (`id`, `country`) VALUES ('88', 'Grenada');
INSERT INTO `countrys` (`id`, `country`) VALUES ('89', 'Guatemala');
INSERT INTO `countrys` (`id`, `country`) VALUES ('66', 'Guernsey');
INSERT INTO `countrys` (`id`, `country`) VALUES ('37', 'Guyana');
INSERT INTO `countrys` (`id`, `country`) VALUES ('95', 'Haiti');
INSERT INTO `countrys` (`id`, `country`) VALUES ('53', 'Holy See (Vatican City State)');
INSERT INTO `countrys` (`id`, `country`) VALUES ('80', 'Indonesia');
INSERT INTO `countrys` (`id`, `country`) VALUES ('98', 'Jamaica');
INSERT INTO `countrys` (`id`, `country`) VALUES ('64', 'Japan');
INSERT INTO `countrys` (`id`, `country`) VALUES ('61', 'Jersey');
INSERT INTO `countrys` (`id`, `country`) VALUES ('86', 'Jordan');
INSERT INTO `countrys` (`id`, `country`) VALUES ('75', 'Kazakhstan');
INSERT INTO `countrys` (`id`, `country`) VALUES ('44', 'Kenya');
INSERT INTO `countrys` (`id`, `country`) VALUES ('17', 'Kiribati');
INSERT INTO `countrys` (`id`, `country`) VALUES ('23', 'Korea');
INSERT INTO `countrys` (`id`, `country`) VALUES ('70', 'Kuwait');
INSERT INTO `countrys` (`id`, `country`) VALUES ('48', 'Kyrgyz Republic');
INSERT INTO `countrys` (`id`, `country`) VALUES ('60', 'Latvia');
INSERT INTO `countrys` (`id`, `country`) VALUES ('67', 'Lebanon');
INSERT INTO `countrys` (`id`, `country`) VALUES ('56', 'Lesotho');
INSERT INTO `countrys` (`id`, `country`) VALUES ('84', 'Libyan Arab Jamahiriya');
INSERT INTO `countrys` (`id`, `country`) VALUES ('27', 'Liechtenstein');
INSERT INTO `countrys` (`id`, `country`) VALUES ('72', 'Madagascar');
INSERT INTO `countrys` (`id`, `country`) VALUES ('2', 'Mauritius');
INSERT INTO `countrys` (`id`, `country`) VALUES ('52', 'Mayotte');
INSERT INTO `countrys` (`id`, `country`) VALUES ('77', 'Micronesia');
INSERT INTO `countrys` (`id`, `country`) VALUES ('40', 'Monaco');
INSERT INTO `countrys` (`id`, `country`) VALUES ('55', 'Mongolia');
INSERT INTO `countrys` (`id`, `country`) VALUES ('25', 'Montenegro');
INSERT INTO `countrys` (`id`, `country`) VALUES ('82', 'Nepal');
INSERT INTO `countrys` (`id`, `country`) VALUES ('4', 'New Caledonia');
INSERT INTO `countrys` (`id`, `country`) VALUES ('97', 'Niger');
INSERT INTO `countrys` (`id`, `country`) VALUES ('42', 'Nigeria');
INSERT INTO `countrys` (`id`, `country`) VALUES ('85', 'Norway');
INSERT INTO `countrys` (`id`, `country`) VALUES ('54', 'Oman');
INSERT INTO `countrys` (`id`, `country`) VALUES ('83', 'Palau');
INSERT INTO `countrys` (`id`, `country`) VALUES ('99', 'Palestinian Territory');
INSERT INTO `countrys` (`id`, `country`) VALUES ('71', 'Paraguay');
INSERT INTO `countrys` (`id`, `country`) VALUES ('49', 'Philippines');
INSERT INTO `countrys` (`id`, `country`) VALUES ('3', 'Poland');
INSERT INTO `countrys` (`id`, `country`) VALUES ('16', 'Portugal');
INSERT INTO `countrys` (`id`, `country`) VALUES ('30', 'Reunion');
INSERT INTO `countrys` (`id`, `country`) VALUES ('33', 'Russian Federation');
INSERT INTO `countrys` (`id`, `country`) VALUES ('78', 'Rwanda');
INSERT INTO `countrys` (`id`, `country`) VALUES ('47', 'Saint Helena');
INSERT INTO `countrys` (`id`, `country`) VALUES ('20', 'Samoa');
INSERT INTO `countrys` (`id`, `country`) VALUES ('10', 'Serbia');
INSERT INTO `countrys` (`id`, `country`) VALUES ('13', 'Sierra Leone');
INSERT INTO `countrys` (`id`, `country`) VALUES ('28', 'South Africa');
INSERT INTO `countrys` (`id`, `country`) VALUES ('100', 'Suriname');
INSERT INTO `countrys` (`id`, `country`) VALUES ('7', 'Svalbard & Jan Mayen Islands');
INSERT INTO `countrys` (`id`, `country`) VALUES ('93', 'Swaziland');
INSERT INTO `countrys` (`id`, `country`) VALUES ('21', 'Syrian Arab Republic');
INSERT INTO `countrys` (`id`, `country`) VALUES ('22', 'Taiwan');
INSERT INTO `countrys` (`id`, `country`) VALUES ('8', 'Trinidad and Tobago');
INSERT INTO `countrys` (`id`, `country`) VALUES ('87', 'Tunisia');
INSERT INTO `countrys` (`id`, `country`) VALUES ('79', 'Uganda');
INSERT INTO `countrys` (`id`, `country`) VALUES ('31', 'United Kingdom');
INSERT INTO `countrys` (`id`, `country`) VALUES ('63', 'United States Virgin Islands');
INSERT INTO `countrys` (`id`, `country`) VALUES ('65', 'Uzbekistan');
INSERT INTO `countrys` (`id`, `country`) VALUES ('1', 'Vanuatu');
INSERT INTO `countrys` (`id`, `country`) VALUES ('39', 'Yemen');
INSERT INTO `countrys` (`id`, `country`) VALUES ('58', 'Zambia');
INSERT INTO `countrys` (`id`, `country`) VALUES ('35', 'Zimbabwe');


INSERT INTO `films` (`id`, `name`, `description`, `type`, `rating`, `year`, `duration`) VALUES ('1', 'quod', 'Animi voluptatem ullam fugit aliquam ut earum nostrum accusantium. Nam id voluptates eum est laborum ipsam repellendus a. Cum accusantium aut doloribus illo omnis. Et non libero consequatur harum. Exercitationem sunt nemo temporibus.', 'Фильм', '9.0', '2020', 291);
INSERT INTO `films` (`id`, `name`, `description`, `type`, `rating`, `year`, `duration`) VALUES ('2', 'voluptas', 'Quisquam reiciendis consequatur ratione fugiat incidunt sequi. Odit quasi minus et ducimus non vero eos. Eius eos ad eos repellat. Possimus corporis corporis dolorum consequatur ad et.', 'Фильм', '0.0', '1996', 69);
INSERT INTO `films` (`id`, `name`, `description`, `type`, `rating`, `year`, `duration`) VALUES ('3', 'ex', 'Vitae id aut ipsum est non ut quaerat. Et laborum culpa architecto et magnam ab quae. Ut dolores suscipit magnam voluptatem. Quibusdam tenetur aperiam quis tempore consectetur.', 'Фильм', '1.0', '1998', 60);
INSERT INTO `films` (`id`, `name`, `description`, `type`, `rating`, `year`, `duration`) VALUES ('4', 'esse', 'Libero amet voluptatem et voluptate. Est magnam sed dolor earum reiciendis voluptates. Ad nisi incidunt ducimus ut ea. Veniam quo delectus reprehenderit est cumque qui.', 'Сериал', '9.9', '1990', 213);
INSERT INTO `films` (`id`, `name`, `description`, `type`, `rating`, `year`, `duration`) VALUES ('5', 'rerum', 'Nobis magni ea ea animi. Fugit quaerat aspernatur ad totam. Delectus veniam aut tempora ab architecto. Dolorem accusamus consequatur reiciendis. Eum magni corporis voluptatem esse quo.', 'Фильм', '1.0', '1972', 148);
INSERT INTO `films` (`id`, `name`, `description`, `type`, `rating`, `year`, `duration`) VALUES ('6', 'nihil', 'Alias harum quo laboriosam temporibus vero. Explicabo exercitationem et quae dolorem. Eos rerum nobis cupiditate eos voluptatem blanditiis.', 'Сериал', '9.0', '2005', 281);
INSERT INTO `films` (`id`, `name`, `description`, `type`, `rating`, `year`, `duration`) VALUES ('7', 'amet', 'Aliquam soluta facere fugit dolores eius ut nesciunt incidunt. Sunt at ullam quos nihil. Rerum veniam delectus vel quis consectetur consequatur.', 'Документальный фильм', '2.0', '1982', 104);
INSERT INTO `films` (`id`, `name`, `description`, `type`, `rating`, `year`, `duration`) VALUES ('8', 'ut', 'Minima voluptatem dolor itaque. Laboriosam ipsam labore ratione corporis earum vitae. Sapiente nam occaecati magni illum repellat quia doloremque et. Et minus et esse sint architecto quibusdam quo.', 'Сериал', '7.0', '1981', 141);
INSERT INTO `films` (`id`, `name`, `description`, `type`, `rating`, `year`, `duration`) VALUES ('9', 'optio', 'Veritatis dolores quibusdam et labore ad. Perferendis error et nulla voluptatum nam. Necessitatibus dolorum commodi doloribus reiciendis nam eos excepturi est.', 'Фильм', '1.0', '1984', 181);
INSERT INTO `films` (`id`, `name`, `description`, `type`, `rating`, `year`, `duration`) VALUES ('10', 'aut', 'Ipsa tempore iure voluptatem non deleniti itaque et. Ut voluptas cum magni ducimus quo impedit sit. Beatae debitis perferendis est cum aspernatur repudiandae qui. Voluptatem quos quas commodi.', 'Документальный фильм', '6.0', '2017', 179);
INSERT INTO `films` (`id`, `name`, `description`, `type`, `rating`, `year`, `duration`) VALUES ('11', 'sunt', 'Culpa corporis quasi voluptatem fugiat ut qui culpa. Nobis necessitatibus nemo velit laudantium sit voluptate enim. Culpa at dolores eos qui nostrum animi. Veritatis molestiae natus illum illo velit et. Iste optio omnis in non consequuntur.', 'Документальный фильм', '0.0', '1974', 357);
INSERT INTO `films` (`id`, `name`, `description`, `type`, `rating`, `year`, `duration`) VALUES ('12', 'aliquam', 'Reprehenderit ut dolor quasi optio consequatur quo. Nulla vel dolorem esse nisi officiis rerum. Natus beatae quod ut et velit. Doloremque repellat eum eligendi voluptas ab quasi.', 'Документальный фильм', '6.0', '1988', 63);
INSERT INTO `films` (`id`, `name`, `description`, `type`, `rating`, `year`, `duration`) VALUES ('13', 'iure', 'Occaecati id a impedit eum. Et dolores autem omnis veritatis distinctio. Dolor cum et tempora aut quia illum quis.', 'Фильм', '9.0', '2017', 286);
INSERT INTO `films` (`id`, `name`, `description`, `type`, `rating`, `year`, `duration`) VALUES ('14', 'eaque', 'Ipsa recusandae atque rerum nihil omnis natus. Sed quia deserunt quia. Perferendis a nam quisquam voluptas eaque voluptatibus. Quibusdam veniam qui deleniti provident veritatis dolore.', 'Фильм', '2.0', '1991', 275);
INSERT INTO `films` (`id`, `name`, `description`, `type`, `rating`, `year`, `duration`) VALUES ('15', 'velit', 'Occaecati illum eligendi sit inventore quia praesentium. Autem sit quae voluptates est laborum tempore ut. Repudiandae omnis sunt velit cum. Fugiat quae hic odit eos molestiae.', 'Сериал', '4.0', '2019', 329);
INSERT INTO `films` (`id`, `name`, `description`, `type`, `rating`, `year`, `duration`) VALUES ('16', 'quia', 'Rerum aut ut et quis iusto voluptatibus. Sint repudiandae ratione deleniti blanditiis velit eaque. Sed consequuntur ut sed cupiditate optio eveniet.', 'Фильм', '9.9', '1982', 119);
INSERT INTO `films` (`id`, `name`, `description`, `type`, `rating`, `year`, `duration`) VALUES ('17', 'id', 'Voluptas ipsum velit ut magni tenetur rem. Qui consequatur a nisi. Eum voluptatem ea quos qui. Eaque ea nobis pariatur quis.', 'Документальный фильм', '5.0', '1991', 358);
INSERT INTO `films` (`id`, `name`, `description`, `type`, `rating`, `year`, `duration`) VALUES ('18', 'quisquam', 'Voluptatem non est et porro aut. Ut natus nihil repellat repellat qui natus quo et.', 'Фильм', '7.0', '1978', 100);
INSERT INTO `films` (`id`, `name`, `description`, `type`, `rating`, `year`, `duration`) VALUES ('19', 'quas', 'Quia accusantium omnis eveniet error pariatur quos inventore. Nesciunt quod doloribus occaecati dolorum et dolor similique. Nostrum et non nam labore eius perspiciatis. Perferendis fuga hic asperiores aspernatur necessitatibus repellendus fuga sunt.', 'Документальный фильм', '0.0', '1991', 256);
INSERT INTO `films` (`id`, `name`, `description`, `type`, `rating`, `year`, `duration`) VALUES ('20', 'dolorem', 'Laborum culpa non tempore quia quis optio. Recusandae deserunt illum dolores ipsa ipsam qui at molestiae. Consequatur autem repellat atque praesentium.', 'Документальный фильм', '1.0', '1987', 116);
INSERT INTO `films` (`id`, `name`, `description`, `type`, `rating`, `year`, `duration`) VALUES ('21', 'eligendi', 'Voluptas magni debitis non nesciunt cupiditate. Expedita praesentium vero ullam. Fuga velit fugit magni quis non.', 'Документальный фильм', '8.0', '1976', 275);
INSERT INTO `films` (`id`, `name`, `description`, `type`, `rating`, `year`, `duration`) VALUES ('22', 'atque', 'Sapiente et molestias accusantium nihil. Necessitatibus error voluptas voluptatibus sapiente rerum. Consequatur iure rem unde architecto quis maxime laudantium. Adipisci eos facilis qui.', 'Документальный фильм', '6.0', '2007', 275);
INSERT INTO `films` (`id`, `name`, `description`, `type`, `rating`, `year`, `duration`) VALUES ('23', 'quasi', 'Adipisci quisquam fugiat explicabo blanditiis sit. Voluptatum autem unde assumenda laboriosam nihil aut nesciunt. Natus saepe necessitatibus veniam harum numquam et iste perspiciatis. Dolorem facere inventore architecto at minima officiis.', 'Сериал', '6.0', '1992', 149);
INSERT INTO `films` (`id`, `name`, `description`, `type`, `rating`, `year`, `duration`) VALUES ('24', 'vel', 'Corporis laboriosam omnis saepe occaecati ut officia. Dignissimos quis sed molestiae blanditiis et et. Totam dolorem qui perspiciatis autem. At consequatur voluptatum sunt.', 'Сериал', '6.0', '1978', 109);
INSERT INTO `films` (`id`, `name`, `description`, `type`, `rating`, `year`, `duration`) VALUES ('25', 'cum', 'Placeat suscipit quia soluta modi voluptatibus. Ipsa ad nulla placeat sit. Quia molestiae accusantium quod enim quia optio.', 'Документальный фильм', '7.0', '1979', 156);
INSERT INTO `films` (`id`, `name`, `description`, `type`, `rating`, `year`, `duration`) VALUES ('26', 'aliquid', 'Laudantium quisquam nemo ratione molestias modi velit impedit. Voluptatum magnam at in. Cumque nam harum laboriosam nihil. Molestiae molestiae rerum sed perferendis.', 'Документальный фильм', '3.0', '1987', 350);
INSERT INTO `films` (`id`, `name`, `description`, `type`, `rating`, `year`, `duration`) VALUES ('27', 'voluptate', 'Est praesentium porro repellat ullam ut. Eaque facere dolorum sed magni dolores molestiae vitae. Ipsum adipisci reprehenderit quia eum. Sunt minus eos nostrum magni quaerat.', 'Сериал', '2.0', '1997', 254);
INSERT INTO `films` (`id`, `name`, `description`, `type`, `rating`, `year`, `duration`) VALUES ('28', 'et', 'Quia ut reiciendis et nesciunt. Saepe culpa in ipsa enim et placeat et enim. Repudiandae dolores esse omnis. Nemo temporibus officia qui.', 'Документальный фильм', '3.0', '1984', 64);
INSERT INTO `films` (`id`, `name`, `description`, `type`, `rating`, `year`, `duration`) VALUES ('29', 'explicabo', 'Eius hic quidem harum quia sed consequatur dolor. Omnis ratione adipisci id dolore inventore consequatur sed. Vel incidunt alias nemo illo asperiores. Quaerat aliquid ipsum est blanditiis nulla neque.', 'Сериал', '4.0', '2005', 121);
INSERT INTO `films` (`id`, `name`, `description`, `type`, `rating`, `year`, `duration`) VALUES ('30', 'expedita', 'Maxime magnam asperiores quia eius voluptatum. Et et a nulla sequi mollitia voluptatem. Harum omnis qui quas.', 'Сериал', '9.0', '2007', 273);
INSERT INTO `films` (`id`, `name`, `description`, `type`, `rating`, `year`, `duration`) VALUES ('31', 'dolores', 'Et est ut voluptatem est. Doloremque vel dicta officia aut. Sequi architecto iste accusamus sed laborum sit.', 'Сериал', '7.0', '1973', 280);
INSERT INTO `films` (`id`, `name`, `description`, `type`, `rating`, `year`, `duration`) VALUES ('32', 'sit', 'Quis voluptas facere ut. Mollitia debitis aut quis voluptate. Labore beatae eos voluptates. Deleniti ut fugit numquam omnis eum vitae sapiente.', 'Документальный фильм', '8.0', '1993', 141);
INSERT INTO `films` (`id`, `name`, `description`, `type`, `rating`, `year`, `duration`) VALUES ('33', 'vitae', 'Culpa id molestias sunt. Mollitia mollitia sapiente cum omnis odit est. Minima dicta nemo in porro excepturi eos.', 'Сериал', '7.0', '1983', 162);
INSERT INTO `films` (`id`, `name`, `description`, `type`, `rating`, `year`, `duration`) VALUES ('34', 'corrupti', 'Consequatur aut perferendis qui enim. Adipisci qui qui commodi ut quia. Accusamus molestias dolorem et incidunt error illo. Accusantium aperiam ab aut vero aut dolore atque.', 'Документальный фильм', '8.0', '2000', 251);
INSERT INTO `films` (`id`, `name`, `description`, `type`, `rating`, `year`, `duration`) VALUES ('35', 'doloremque', 'Sunt quia harum consequuntur placeat. Dolorum inventore autem numquam explicabo aliquid. Aut voluptatem enim aspernatur rerum aut odio at.', 'Фильм', '6.0', '2007', 283);
INSERT INTO `films` (`id`, `name`, `description`, `type`, `rating`, `year`, `duration`) VALUES ('36', 'magni', 'Unde et et explicabo assumenda. Fugit nisi qui nisi. Velit impedit tenetur exercitationem quia vero et voluptatibus.', 'Документальный фильм', '6.0', '1991', 192);
INSERT INTO `films` (`id`, `name`, `description`, `type`, `rating`, `year`, `duration`) VALUES ('37', 'illo', 'Dignissimos perferendis non dolorum ut fugiat est cum. Omnis sit itaque recusandae inventore quia ratione quasi. Molestias nobis fugit qui iure ea.', 'Сериал', '1.0', '1982', 153);
INSERT INTO `films` (`id`, `name`, `description`, `type`, `rating`, `year`, `duration`) VALUES ('38', 'consequatur', 'Deleniti hic nam veritatis praesentium rerum eius. Consequuntur ipsa animi sed sit. Provident animi architecto dolor illo ducimus libero.', 'Сериал', '8.0', '1980', 354);
INSERT INTO `films` (`id`, `name`, `description`, `type`, `rating`, `year`, `duration`) VALUES ('39', 'incidunt', 'Soluta eveniet dolores quos tenetur dolorem deserunt. Est repellat ut quia rerum. Velit necessitatibus facilis nobis consequuntur nisi rerum ut. At tempora cumque dignissimos repudiandae officiis facilis.', 'Фильм', '4.0', '2000', 88);
INSERT INTO `films` (`id`, `name`, `description`, `type`, `rating`, `year`, `duration`) VALUES ('40', 'doloribus', 'Blanditiis temporibus omnis aspernatur consectetur eligendi. Velit quae non est illum voluptatem. Laudantium eos libero sed quia. Nam commodi modi qui itaque adipisci consectetur assumenda.', 'Сериал', '2.0', '1975', 278);
INSERT INTO `films` (`id`, `name`, `description`, `type`, `rating`, `year`, `duration`) VALUES ('41', 'fugit', 'Aut asperiores ab ut aut sequi. Reiciendis minus consequatur dolorem incidunt est dicta. Quia autem ut qui qui inventore. Assumenda itaque rerum dicta facere.', 'Документальный фильм', '3.0', '1972', 68);
INSERT INTO `films` (`id`, `name`, `description`, `type`, `rating`, `year`, `duration`) VALUES ('42', 'est', 'Laborum non occaecati dolores laboriosam consequatur. Possimus quod dolore ea et id quibusdam. Harum quasi et quia ut itaque voluptas voluptate consequatur.', 'Сериал', '3.0', '2001', 51);
INSERT INTO `films` (`id`, `name`, `description`, `type`, `rating`, `year`, `duration`) VALUES ('43', 'consequuntur', 'Eos quas neque omnis quasi aut deleniti. Voluptas consequuntur fugiat reiciendis non. Doloremque corporis dignissimos autem iure quas eos voluptas. Minus enim sunt quis iure ad non.', 'Фильм', '0.0', '1977', 289);
INSERT INTO `films` (`id`, `name`, `description`, `type`, `rating`, `year`, `duration`) VALUES ('44', 'totam', 'Ex repudiandae aut quo consequatur eveniet temporibus. Nesciunt libero ducimus quo tenetur non quam id qui. Sequi non et vel exercitationem dolores tempore rerum.', 'Фильм', '2.0', '1986', 194);
INSERT INTO `films` (`id`, `name`, `description`, `type`, `rating`, `year`, `duration`) VALUES ('45', 'excepturi', 'Omnis est eligendi harum illo voluptatum distinctio adipisci. Non provident molestiae exercitationem eos. Atque ullam molestiae neque quam.', 'Документальный фильм', '7.0', '1983', 212);
INSERT INTO `films` (`id`, `name`, `description`, `type`, `rating`, `year`, `duration`) VALUES ('46', 'vero', 'Sapiente consequatur nesciunt atque et dolorem quasi sed. Soluta officiis qui rerum quam sapiente aspernatur. Fugiat ut ut voluptatibus numquam.', 'Документальный фильм', '0.0', '1986', 219);
INSERT INTO `films` (`id`, `name`, `description`, `type`, `rating`, `year`, `duration`) VALUES ('47', 'ad', 'Nam saepe consequatur esse nostrum quam est vero. Et voluptatem dolor quia rerum est et iusto vel. Eveniet et accusantium nihil dolorem suscipit enim.', 'Фильм', '5.0', '1977', 233);
INSERT INTO `films` (`id`, `name`, `description`, `type`, `rating`, `year`, `duration`) VALUES ('48', 'molestiae', 'Quos vero vero eveniet neque. Exercitationem ut soluta rerum explicabo nisi beatae aut.', 'Документальный фильм', '1.0', '2001', 334);
INSERT INTO `films` (`id`, `name`, `description`, `type`, `rating`, `year`, `duration`) VALUES ('49', 'qui', 'Eos optio explicabo velit recusandae a. Occaecati illo atque fuga expedita aut dolore quo. Tempore rerum non esse quasi a. Ab ut iure expedita accusamus hic et earum tempora.', 'Документальный фильм', '4.0', '1981', 183);
INSERT INTO `films` (`id`, `name`, `description`, `type`, `rating`, `year`, `duration`) VALUES ('50', 'non', 'Non magni accusamus omnis autem aspernatur. Rerum iure ut sint.', 'Фильм', '6.0', '1990', 268);
INSERT INTO `films` (`id`, `name`, `description`, `type`, `rating`, `year`, `duration`) VALUES ('51', 'pariatur', 'Et eveniet quia deserunt animi corporis. Accusantium eos odio est commodi quis est aliquam.', 'Фильм', '0.0', '1994', 265);
INSERT INTO `films` (`id`, `name`, `description`, `type`, `rating`, `year`, `duration`) VALUES ('52', 'eum', 'Exercitationem culpa ut iure et sed dolores maiores. Blanditiis consectetur aut ducimus sint in nihil omnis saepe. Accusamus sit ducimus nihil architecto vero.', 'Документальный фильм', '4.0', '1991', 231);
INSERT INTO `films` (`id`, `name`, `description`, `type`, `rating`, `year`, `duration`) VALUES ('53', 'nobis', 'Vel aliquid eligendi ut omnis modi voluptatum. Ab excepturi reprehenderit qui commodi. Delectus cum minima vel porro.', 'Фильм', '9.0', '1973', 344);
INSERT INTO `films` (`id`, `name`, `description`, `type`, `rating`, `year`, `duration`) VALUES ('54', 'minus', 'Doloribus omnis et pariatur libero. Earum corporis similique placeat qui voluptatibus ut maxime. Quia molestiae et accusamus.', 'Документальный фильм', '2.0', '1981', 75);
INSERT INTO `films` (`id`, `name`, `description`, `type`, `rating`, `year`, `duration`) VALUES ('55', 'inventore', 'Voluptas veniam quidem nihil qui. Asperiores adipisci et enim molestias sunt. Nihil ut minus nam in qui asperiores est. Et vero provident aut dolore eveniet est tempore sunt.', 'Фильм', '4.0', '2019', 52);
INSERT INTO `films` (`id`, `name`, `description`, `type`, `rating`, `year`, `duration`) VALUES ('56', 'omnis', 'Perspiciatis sint eaque qui deleniti. Ea et nisi error autem laboriosam. Consequuntur cumque dignissimos nemo ut commodi fuga.', 'Сериал', '5.0', '1988', 64);
INSERT INTO `films` (`id`, `name`, `description`, `type`, `rating`, `year`, `duration`) VALUES ('57', 'repellendus', 'Laborum itaque est quibusdam eveniet rerum. Animi tempora voluptas et fuga facere quis eius. Dolor quidem non voluptates quia illo voluptas asperiores. Ea ducimus quia occaecati et tempora.', 'Сериал', '6.0', '2017', 264);
INSERT INTO `films` (`id`, `name`, `description`, `type`, `rating`, `year`, `duration`) VALUES ('58', 'porro', 'A optio saepe inventore quo. Unde sed possimus est at quis. Consectetur ad et quas non voluptatibus. Consequuntur consequatur eum illo occaecati neque. Est in consequatur culpa sed eveniet.', 'Сериал', '3.0', '2017', 115);
INSERT INTO `films` (`id`, `name`, `description`, `type`, `rating`, `year`, `duration`) VALUES ('59', 'aperiam', 'Aut perspiciatis qui est aspernatur. Dolorum et earum quo architecto maiores ea officiis.', 'Документальный фильм', '6.0', '1992', 308);
INSERT INTO `films` (`id`, `name`, `description`, `type`, `rating`, `year`, `duration`) VALUES ('60', 'saepe', 'Architecto quis non omnis modi quo. Consequatur ea nobis quas et. Totam inventore ipsa quia non mollitia qui. At temporibus consequatur et animi.', 'Фильм', '1.0', '1994', 63);
INSERT INTO `films` (`id`, `name`, `description`, `type`, `rating`, `year`, `duration`) VALUES ('61', 'quo', 'Veniam sapiente iste hic delectus. Nemo neque enim sequi et consequuntur numquam.', 'Сериал', '5.0', '1972', 241);
INSERT INTO `films` (`id`, `name`, `description`, `type`, `rating`, `year`, `duration`) VALUES ('62', 'maiores', 'Fuga magni eum totam modi. Maiores facere eum omnis ea reiciendis. Dolorem ipsam a facere dolores enim ut.', 'Документальный фильм', '1.0', '2012', 40);
INSERT INTO `films` (`id`, `name`, `description`, `type`, `rating`, `year`, `duration`) VALUES ('63', 'accusantium', 'Architecto numquam ipsam occaecati voluptatum nisi eos. Ut earum maiores et debitis ut aliquam neque quibusdam. Qui quia maiores ut cupiditate.', 'Сериал', '7.0', '1984', 335);
INSERT INTO `films` (`id`, `name`, `description`, `type`, `rating`, `year`, `duration`) VALUES ('64', 'distinctio', 'Voluptatum quasi ea ipsum quam inventore. Veritatis ducimus culpa ipsum enim repellat. Ducimus maxime est quis sit quas. Est tempora aut id fugiat ex hic.', 'Фильм', '4.0', '2017', 158);
INSERT INTO `films` (`id`, `name`, `description`, `type`, `rating`, `year`, `duration`) VALUES ('65', 'eius', 'Quia occaecati velit aut ut. Hic fugiat voluptatem dolor omnis consequatur aperiam accusamus. Et et aspernatur atque sit enim et.', 'Сериал', '6.0', '1998', 48);
INSERT INTO `films` (`id`, `name`, `description`, `type`, `rating`, `year`, `duration`) VALUES ('66', 'quibusdam', 'Aut molestiae sunt voluptatibus vel. Quas voluptas quam odit nemo. Itaque quod voluptatem rerum. Esse vitae dolor aliquid quia facere cumque perspiciatis mollitia.', 'Фильм', '5.0', '1993', 348);
INSERT INTO `films` (`id`, `name`, `description`, `type`, `rating`, `year`, `duration`) VALUES ('67', 'sed', 'Quisquam eius placeat quod velit. Dolorem eos aspernatur qui amet aut autem et. Assumenda qui qui eos error voluptas consectetur ratione.', 'Сериал', '3.0', '1983', 244);
INSERT INTO `films` (`id`, `name`, `description`, `type`, `rating`, `year`, `duration`) VALUES ('68', 'iste', 'Fugit ipsa dolor reprehenderit sit ut sapiente similique. Corrupti est unde omnis totam temporibus dolores culpa. Et neque consectetur consequatur voluptas consequatur et exercitationem. Qui sed deserunt voluptas architecto consequatur aut pariatur. Quia id ex sapiente cupiditate velit ut expedita.', 'Фильм', '8.0', '1988', 172);
INSERT INTO `films` (`id`, `name`, `description`, `type`, `rating`, `year`, `duration`) VALUES ('69', 'architecto', 'Tempore explicabo dicta eos esse quo voluptate. Aut in in perspiciatis maxime ad voluptatibus culpa. Illo quam optio in et asperiores.', 'Фильм', '6.0', '1983', 283);
INSERT INTO `films` (`id`, `name`, `description`, `type`, `rating`, `year`, `duration`) VALUES ('70', 'sequi', 'Voluptatum veritatis molestiae ipsum occaecati consectetur. Corporis voluptatem eum esse veniam culpa architecto. Consequatur et reiciendis est qui.', 'Документальный фильм', '6.0', '1987', 270);
INSERT INTO `films` (`id`, `name`, `description`, `type`, `rating`, `year`, `duration`) VALUES ('71', 'possimus', 'Fugiat aut animi harum voluptas. Aut sequi dolor labore dolor ut. Aut dolorem in sed.', 'Сериал', '0.0', '2011', 93);
INSERT INTO `films` (`id`, `name`, `description`, `type`, `rating`, `year`, `duration`) VALUES ('72', 'laboriosam', 'Vero omnis sunt cupiditate corrupti voluptatem. Est aliquid qui iusto explicabo est quia. Recusandae quia sed consequatur eaque asperiores dicta.', 'Сериал', '9.9', '1994', 251);
INSERT INTO `films` (`id`, `name`, `description`, `type`, `rating`, `year`, `duration`) VALUES ('73', 'quaerat', 'Rerum ipsa dolores nihil adipisci eius. Eaque tenetur ratione labore vel laboriosam in quibusdam. Voluptatum facere sint voluptatibus odio voluptatem expedita dolorem animi. Quam delectus illum molestiae rerum.', 'Сериал', '6.0', '2016', 292);
INSERT INTO `films` (`id`, `name`, `description`, `type`, `rating`, `year`, `duration`) VALUES ('74', 'exercitationem', 'In consequatur blanditiis et tenetur. Dolorem quae harum quisquam quidem voluptas voluptas. Unde unde officia vel rerum voluptate eos ratione.', 'Документальный фильм', '6.0', '1993', 241);
INSERT INTO `films` (`id`, `name`, `description`, `type`, `rating`, `year`, `duration`) VALUES ('75', 'asperiores', 'Et ratione nobis nostrum unde ex laboriosam. Non rerum accusamus quo architecto rerum. Amet et doloremque non dolor. Est asperiores ex alias id iste.', 'Сериал', '6.0', '1980', 55);
INSERT INTO `films` (`id`, `name`, `description`, `type`, `rating`, `year`, `duration`) VALUES ('76', 'sint', 'Saepe ab dolores similique laboriosam doloremque et. Sed ipsa voluptatem earum sit. Et officiis rerum consequatur.', 'Документальный фильм', '6.0', '2011', 204);
INSERT INTO `films` (`id`, `name`, `description`, `type`, `rating`, `year`, `duration`) VALUES ('77', 'veniam', 'Quam quia sit neque provident non necessitatibus. Officiis dolorem non occaecati. Sed doloribus laboriosam deserunt sit similique.', 'Документальный фильм', '7.0', '1996', 165);
INSERT INTO `films` (`id`, `name`, `description`, `type`, `rating`, `year`, `duration`) VALUES ('78', 'officiis', 'Quia pariatur et qui quia vel aliquid et sunt. Labore et vitae unde id et enim. Est aut consequatur rerum facilis nihil. Dolorum soluta rerum nemo in error et.', 'Фильм', '7.0', '1981', 197);
INSERT INTO `films` (`id`, `name`, `description`, `type`, `rating`, `year`, `duration`) VALUES ('79', 'impedit', 'Dicta hic qui distinctio et dolor eveniet. Omnis numquam culpa rerum. Libero exercitationem labore pariatur sed recusandae.', 'Документальный фильм', '1.0', '1999', 291);
INSERT INTO `films` (`id`, `name`, `description`, `type`, `rating`, `year`, `duration`) VALUES ('80', 'eos', 'Est quis eos officia. Laboriosam molestiae dolor dolorem molestiae maxime aut exercitationem. Nisi sunt et eum consequuntur. Rerum debitis et ex.', 'Фильм', '9.9', '2005', 204);
INSERT INTO `films` (`id`, `name`, `description`, `type`, `rating`, `year`, `duration`) VALUES ('81', 'animi', 'Corporis corporis ullam voluptatum facere magnam eius dolorem. Nam amet et veniam tempore rerum quia. Voluptatem ut qui pariatur qui asperiores ipsa. Sit ipsum est consectetur in.', 'Фильм', '8.0', '1981', 358);
INSERT INTO `films` (`id`, `name`, `description`, `type`, `rating`, `year`, `duration`) VALUES ('82', 'facere', 'Enim molestiae sapiente nulla ut esse. Enim inventore quasi ipsam commodi iure nulla. Id fuga quibusdam eaque sapiente in et quos. Atque nihil sapiente consequatur minima.', 'Фильм', '4.0', '1981', 125);
INSERT INTO `films` (`id`, `name`, `description`, `type`, `rating`, `year`, `duration`) VALUES ('83', 'dolore', 'Fuga perferendis voluptas voluptatum corporis dolor occaecati. Eum facere harum et tempora iste praesentium nam sequi. Neque officia repellendus et.', 'Документальный фильм', '2.0', '1974', 123);
INSERT INTO `films` (`id`, `name`, `description`, `type`, `rating`, `year`, `duration`) VALUES ('84', 'numquam', 'In saepe inventore odit doloremque. Voluptates ad est velit hic nesciunt rem delectus voluptates. Voluptate dicta qui fugit magnam omnis. Iure ea illo facere aperiam cum tempore autem. Assumenda amet quaerat nesciunt vitae dolores.', 'Сериал', '9.0', '2015', 244);
INSERT INTO `films` (`id`, `name`, `description`, `type`, `rating`, `year`, `duration`) VALUES ('85', 'itaque', 'Doloremque pariatur amet eum quam quia. Alias aliquam non incidunt necessitatibus nisi. Pariatur facilis et voluptates voluptate minima rerum. Harum voluptate et rerum id.', 'Сериал', '3.0', '1999', 281);
INSERT INTO `films` (`id`, `name`, `description`, `type`, `rating`, `year`, `duration`) VALUES ('86', 'tempora', 'Quo autem dolorum consequuntur consectetur numquam iure. Iste explicabo ut maxime excepturi voluptatem.', 'Сериал', '9.0', '1996', 73);
INSERT INTO `films` (`id`, `name`, `description`, `type`, `rating`, `year`, `duration`) VALUES ('87', 'quis', 'Consequatur quo ut quo minus voluptas voluptas hic. Ipsum velit iste at reiciendis aperiam facere. Officia debitis magnam qui numquam at. Deleniti facilis voluptates et voluptas.', 'Фильм', '7.0', '1994', 50);
INSERT INTO `films` (`id`, `name`, `description`, `type`, `rating`, `year`, `duration`) VALUES ('88', 'nostrum', 'Ex ab rerum itaque est. Dignissimos placeat rem qui. Cum autem iste expedita et et hic accusamus. Architecto quos omnis voluptatem dolorem dicta harum odio.', 'Фильм', '9.9', '2009', 99);
INSERT INTO `films` (`id`, `name`, `description`, `type`, `rating`, `year`, `duration`) VALUES ('89', 'voluptatem', 'Corrupti iusto nihil sit excepturi beatae voluptates minus eum. Omnis mollitia eligendi occaecati vel. Quis praesentium modi odio ullam ea ad.', 'Документальный фильм', '0.0', '1992', 42);
INSERT INTO `films` (`id`, `name`, `description`, `type`, `rating`, `year`, `duration`) VALUES ('90', 'repudiandae', 'Asperiores quidem consequatur animi. Itaque aut est tenetur aut. Illum est nihil eveniet dolorem fuga aliquam perspiciatis. Quia vero praesentium et natus id rem suscipit.', 'Фильм', '8.0', '2004', 237);
INSERT INTO `films` (`id`, `name`, `description`, `type`, `rating`, `year`, `duration`) VALUES ('91', 'ipsa', 'Repudiandae qui quasi non velit ipsam. Repellat provident adipisci suscipit sit delectus commodi aliquam eum. Error maiores ut dicta necessitatibus velit. Totam totam ea possimus expedita qui. Error dolores voluptas et asperiores vel non.', 'Документальный фильм', '7.0', '1974', 290);
INSERT INTO `films` (`id`, `name`, `description`, `type`, `rating`, `year`, `duration`) VALUES ('92', 'ipsam', 'Necessitatibus impedit sunt animi est. Atque quasi ut quia. Quia ea cumque quo ut aperiam quisquam veniam eos.', 'Сериал', '4.0', '1987', 140);
INSERT INTO `films` (`id`, `name`, `description`, `type`, `rating`, `year`, `duration`) VALUES ('93', 'ratione', 'Quia laudantium architecto consequatur id veniam laudantium et quis. Vel autem quos deserunt voluptatum quis eius cupiditate dolorum. Aut iusto quia magni incidunt qui et.', 'Сериал', '6.0', '1982', 139);
INSERT INTO `films` (`id`, `name`, `description`, `type`, `rating`, `year`, `duration`) VALUES ('94', 'dignissimos', 'Veritatis quia et deleniti aspernatur. Qui culpa dolorum assumenda officiis. Consectetur debitis voluptatem consequatur. Odit libero et at eos voluptas sed.', 'Документальный фильм', '4.0', '1977', 320);
INSERT INTO `films` (`id`, `name`, `description`, `type`, `rating`, `year`, `duration`) VALUES ('95', 'fuga', 'Omnis repellat voluptatibus natus non magnam expedita. Nisi blanditiis nostrum voluptas non dolore doloremque. Non consequatur deserunt ut sit pariatur consequatur cupiditate.', 'Фильм', '5.0', '2019', 128);
INSERT INTO `films` (`id`, `name`, `description`, `type`, `rating`, `year`, `duration`) VALUES ('96', 'mollitia', 'Nihil officiis ut corporis a voluptatem. Sint est dicta aut atque tempore dolores quo. Ea quo ducimus at porro reprehenderit tempora id. Pariatur earum explicabo quasi ullam veritatis.', 'Сериал', '9.9', '1973', 206);
INSERT INTO `films` (`id`, `name`, `description`, `type`, `rating`, `year`, `duration`) VALUES ('97', 'illum', 'Qui et blanditiis est possimus illum possimus vitae. Consequuntur aut suscipit libero. Voluptatem voluptates in error molestiae nisi necessitatibus quis. Id quia harum suscipit quam cum ut illum.', 'Фильм', '2.0', '2011', 322);
INSERT INTO `films` (`id`, `name`, `description`, `type`, `rating`, `year`, `duration`) VALUES ('98', 'similique', 'Adipisci nihil voluptas similique. Et unde sed optio. Ut qui voluptates ipsam sint distinctio eos.', 'Сериал', '9.9', '1970', 225);
INSERT INTO `films` (`id`, `name`, `description`, `type`, `rating`, `year`, `duration`) VALUES ('99', 'soluta', 'Eum praesentium est alias. Dignissimos consequatur eligendi enim velit ipsum. Exercitationem dolor et numquam voluptas sunt quidem.', 'Сериал', '4.0', '1999', 358);
INSERT INTO `films` (`id`, `name`, `description`, `type`, `rating`, `year`, `duration`) VALUES ('100', 'in', 'Ex perspiciatis totam non reiciendis facilis dolor fugiat. Reprehenderit distinctio aut illo repellendus voluptates inventore voluptatum. Saepe est iure molestiae ratione quisquam omnis aut.', 'Документальный фильм', '8.0', '2006', 306);


#
# TABLE STRUCTURE FOR: film_country
#

INSERT INTO `film_country` (`film_id`, `country_id`) VALUES ('1', '13');
INSERT INTO `film_country` (`film_id`, `country_id`) VALUES ('1', '54');
INSERT INTO `film_country` (`film_id`, `country_id`) VALUES ('1', '86');
INSERT INTO `film_country` (`film_id`, `country_id`) VALUES ('2', '49');
INSERT INTO `film_country` (`film_id`, `country_id`) VALUES ('3', '82');
INSERT INTO `film_country` (`film_id`, `country_id`) VALUES ('4', '63');
INSERT INTO `film_country` (`film_id`, `country_id`) VALUES ('6', '65');
INSERT INTO `film_country` (`film_id`, `country_id`) VALUES ('9', '6');
INSERT INTO `film_country` (`film_id`, `country_id`) VALUES ('10', '26');
INSERT INTO `film_country` (`film_id`, `country_id`) VALUES ('10', '27');
INSERT INTO `film_country` (`film_id`, `country_id`) VALUES ('10', '42');
INSERT INTO `film_country` (`film_id`, `country_id`) VALUES ('10', '77');
INSERT INTO `film_country` (`film_id`, `country_id`) VALUES ('12', '32');
INSERT INTO `film_country` (`film_id`, `country_id`) VALUES ('14', '73');
INSERT INTO `film_country` (`film_id`, `country_id`) VALUES ('14', '82');
INSERT INTO `film_country` (`film_id`, `country_id`) VALUES ('16', '2');
INSERT INTO `film_country` (`film_id`, `country_id`) VALUES ('17', '33');
INSERT INTO `film_country` (`film_id`, `country_id`) VALUES ('17', '72');
INSERT INTO `film_country` (`film_id`, `country_id`) VALUES ('18', '93');
INSERT INTO `film_country` (`film_id`, `country_id`) VALUES ('19', '15');
INSERT INTO `film_country` (`film_id`, `country_id`) VALUES ('19', '71');
INSERT INTO `film_country` (`film_id`, `country_id`) VALUES ('22', '8');
INSERT INTO `film_country` (`film_id`, `country_id`) VALUES ('23', '72');
INSERT INTO `film_country` (`film_id`, `country_id`) VALUES ('24', '77');
INSERT INTO `film_country` (`film_id`, `country_id`) VALUES ('24', '89');
INSERT INTO `film_country` (`film_id`, `country_id`) VALUES ('26', '59');
INSERT INTO `film_country` (`film_id`, `country_id`) VALUES ('27', '19');
INSERT INTO `film_country` (`film_id`, `country_id`) VALUES ('28', '87');
INSERT INTO `film_country` (`film_id`, `country_id`) VALUES ('30', '32');
INSERT INTO `film_country` (`film_id`, `country_id`) VALUES ('31', '44');
INSERT INTO `film_country` (`film_id`, `country_id`) VALUES ('32', '29');
INSERT INTO `film_country` (`film_id`, `country_id`) VALUES ('32', '32');
INSERT INTO `film_country` (`film_id`, `country_id`) VALUES ('33', '5');
INSERT INTO `film_country` (`film_id`, `country_id`) VALUES ('34', '9');
INSERT INTO `film_country` (`film_id`, `country_id`) VALUES ('34', '11');
INSERT INTO `film_country` (`film_id`, `country_id`) VALUES ('34', '20');
INSERT INTO `film_country` (`film_id`, `country_id`) VALUES ('34', '24');
INSERT INTO `film_country` (`film_id`, `country_id`) VALUES ('34', '84');
INSERT INTO `film_country` (`film_id`, `country_id`) VALUES ('36', '95');
INSERT INTO `film_country` (`film_id`, `country_id`) VALUES ('39', '69');
INSERT INTO `film_country` (`film_id`, `country_id`) VALUES ('40', '65');
INSERT INTO `film_country` (`film_id`, `country_id`) VALUES ('41', '6');
INSERT INTO `film_country` (`film_id`, `country_id`) VALUES ('41', '28');
INSERT INTO `film_country` (`film_id`, `country_id`) VALUES ('44', '59');
INSERT INTO `film_country` (`film_id`, `country_id`) VALUES ('46', '5');
INSERT INTO `film_country` (`film_id`, `country_id`) VALUES ('46', '64');
INSERT INTO `film_country` (`film_id`, `country_id`) VALUES ('46', '67');
INSERT INTO `film_country` (`film_id`, `country_id`) VALUES ('46', '82');
INSERT INTO `film_country` (`film_id`, `country_id`) VALUES ('47', '44');
INSERT INTO `film_country` (`film_id`, `country_id`) VALUES ('48', '20');
INSERT INTO `film_country` (`film_id`, `country_id`) VALUES ('48', '28');
INSERT INTO `film_country` (`film_id`, `country_id`) VALUES ('51', '23');
INSERT INTO `film_country` (`film_id`, `country_id`) VALUES ('51', '73');
INSERT INTO `film_country` (`film_id`, `country_id`) VALUES ('52', '67');
INSERT INTO `film_country` (`film_id`, `country_id`) VALUES ('52', '95');
INSERT INTO `film_country` (`film_id`, `country_id`) VALUES ('52', '97');
INSERT INTO `film_country` (`film_id`, `country_id`) VALUES ('55', '49');
INSERT INTO `film_country` (`film_id`, `country_id`) VALUES ('57', '38');
INSERT INTO `film_country` (`film_id`, `country_id`) VALUES ('57', '87');
INSERT INTO `film_country` (`film_id`, `country_id`) VALUES ('59', '7');
INSERT INTO `film_country` (`film_id`, `country_id`) VALUES ('59', '18');
INSERT INTO `film_country` (`film_id`, `country_id`) VALUES ('59', '84');
INSERT INTO `film_country` (`film_id`, `country_id`) VALUES ('60', '21');
INSERT INTO `film_country` (`film_id`, `country_id`) VALUES ('61', '33');
INSERT INTO `film_country` (`film_id`, `country_id`) VALUES ('62', '27');
INSERT INTO `film_country` (`film_id`, `country_id`) VALUES ('62', '35');
INSERT INTO `film_country` (`film_id`, `country_id`) VALUES ('62', '61');
INSERT INTO `film_country` (`film_id`, `country_id`) VALUES ('66', '47');
INSERT INTO `film_country` (`film_id`, `country_id`) VALUES ('67', '23');
INSERT INTO `film_country` (`film_id`, `country_id`) VALUES ('67', '26');
INSERT INTO `film_country` (`film_id`, `country_id`) VALUES ('69', '48');
INSERT INTO `film_country` (`film_id`, `country_id`) VALUES ('69', '64');
INSERT INTO `film_country` (`film_id`, `country_id`) VALUES ('75', '7');
INSERT INTO `film_country` (`film_id`, `country_id`) VALUES ('76', '71');
INSERT INTO `film_country` (`film_id`, `country_id`) VALUES ('76', '99');
INSERT INTO `film_country` (`film_id`, `country_id`) VALUES ('79', '17');
INSERT INTO `film_country` (`film_id`, `country_id`) VALUES ('79', '62');
INSERT INTO `film_country` (`film_id`, `country_id`) VALUES ('81', '5');
INSERT INTO `film_country` (`film_id`, `country_id`) VALUES ('81', '55');
INSERT INTO `film_country` (`film_id`, `country_id`) VALUES ('81', '87');
INSERT INTO `film_country` (`film_id`, `country_id`) VALUES ('82', '29');
INSERT INTO `film_country` (`film_id`, `country_id`) VALUES ('83', '17');
INSERT INTO `film_country` (`film_id`, `country_id`) VALUES ('83', '29');
INSERT INTO `film_country` (`film_id`, `country_id`) VALUES ('83', '73');
INSERT INTO `film_country` (`film_id`, `country_id`) VALUES ('85', '96');
INSERT INTO `film_country` (`film_id`, `country_id`) VALUES ('86', '80');
INSERT INTO `film_country` (`film_id`, `country_id`) VALUES ('89', '28');
INSERT INTO `film_country` (`film_id`, `country_id`) VALUES ('90', '66');
INSERT INTO `film_country` (`film_id`, `country_id`) VALUES ('92', '3');
INSERT INTO `film_country` (`film_id`, `country_id`) VALUES ('92', '71');
INSERT INTO `film_country` (`film_id`, `country_id`) VALUES ('92', '89');
INSERT INTO `film_country` (`film_id`, `country_id`) VALUES ('94', '69');
INSERT INTO `film_country` (`film_id`, `country_id`) VALUES ('94', '75');
INSERT INTO `film_country` (`film_id`, `country_id`) VALUES ('94', '77');
INSERT INTO `film_country` (`film_id`, `country_id`) VALUES ('95', '48');
INSERT INTO `film_country` (`film_id`, `country_id`) VALUES ('97', '13');
INSERT INTO `film_country` (`film_id`, `country_id`) VALUES ('97', '54');
INSERT INTO `film_country` (`film_id`, `country_id`) VALUES ('98', '44');
INSERT INTO `film_country` (`film_id`, `country_id`) VALUES ('98', '80');
INSERT INTO `film_country` (`film_id`, `country_id`) VALUES ('99', '18');

#
# TABLE STRUCTURE FOR: film_producers_artists
#



INSERT INTO `film_producers_artists` (`film_id`, `person_id`) VALUES ('2', '74');
INSERT INTO `film_producers_artists` (`film_id`, `person_id`) VALUES ('4', '36');
INSERT INTO `film_producers_artists` (`film_id`, `person_id`) VALUES ('5', '2');
INSERT INTO `film_producers_artists` (`film_id`, `person_id`) VALUES ('6', '37');
INSERT INTO `film_producers_artists` (`film_id`, `person_id`) VALUES ('6', '40');
INSERT INTO `film_producers_artists` (`film_id`, `person_id`) VALUES ('7', '5');
INSERT INTO `film_producers_artists` (`film_id`, `person_id`) VALUES ('7', '80');
INSERT INTO `film_producers_artists` (`film_id`, `person_id`) VALUES ('8', '26');
INSERT INTO `film_producers_artists` (`film_id`, `person_id`) VALUES ('8', '58');
INSERT INTO `film_producers_artists` (`film_id`, `person_id`) VALUES ('8', '68');
INSERT INTO `film_producers_artists` (`film_id`, `person_id`) VALUES ('9', '26');
INSERT INTO `film_producers_artists` (`film_id`, `person_id`) VALUES ('10', '40');
INSERT INTO `film_producers_artists` (`film_id`, `person_id`) VALUES ('11', '48');
INSERT INTO `film_producers_artists` (`film_id`, `person_id`) VALUES ('14', '8');
INSERT INTO `film_producers_artists` (`film_id`, `person_id`) VALUES ('16', '19');
INSERT INTO `film_producers_artists` (`film_id`, `person_id`) VALUES ('17', '41');
INSERT INTO `film_producers_artists` (`film_id`, `person_id`) VALUES ('18', '40');
INSERT INTO `film_producers_artists` (`film_id`, `person_id`) VALUES ('19', '29');
INSERT INTO `film_producers_artists` (`film_id`, `person_id`) VALUES ('19', '85');
INSERT INTO `film_producers_artists` (`film_id`, `person_id`) VALUES ('21', '38');
INSERT INTO `film_producers_artists` (`film_id`, `person_id`) VALUES ('21', '63');
INSERT INTO `film_producers_artists` (`film_id`, `person_id`) VALUES ('22', '24');
INSERT INTO `film_producers_artists` (`film_id`, `person_id`) VALUES ('23', '45');
INSERT INTO `film_producers_artists` (`film_id`, `person_id`) VALUES ('24', '59');
INSERT INTO `film_producers_artists` (`film_id`, `person_id`) VALUES ('25', '47');
INSERT INTO `film_producers_artists` (`film_id`, `person_id`) VALUES ('26', '14');
INSERT INTO `film_producers_artists` (`film_id`, `person_id`) VALUES ('26', '78');
INSERT INTO `film_producers_artists` (`film_id`, `person_id`) VALUES ('29', '13');
INSERT INTO `film_producers_artists` (`film_id`, `person_id`) VALUES ('30', '24');
INSERT INTO `film_producers_artists` (`film_id`, `person_id`) VALUES ('31', '49');
INSERT INTO `film_producers_artists` (`film_id`, `person_id`) VALUES ('31', '53');
INSERT INTO `film_producers_artists` (`film_id`, `person_id`) VALUES ('32', '32');
INSERT INTO `film_producers_artists` (`film_id`, `person_id`) VALUES ('32', '84');
INSERT INTO `film_producers_artists` (`film_id`, `person_id`) VALUES ('33', '35');
INSERT INTO `film_producers_artists` (`film_id`, `person_id`) VALUES ('35', '85');
INSERT INTO `film_producers_artists` (`film_id`, `person_id`) VALUES ('39', '47');
INSERT INTO `film_producers_artists` (`film_id`, `person_id`) VALUES ('40', '8');
INSERT INTO `film_producers_artists` (`film_id`, `person_id`) VALUES ('40', '84');
INSERT INTO `film_producers_artists` (`film_id`, `person_id`) VALUES ('41', '48');
INSERT INTO `film_producers_artists` (`film_id`, `person_id`) VALUES ('42', '58');
INSERT INTO `film_producers_artists` (`film_id`, `person_id`) VALUES ('44', '64');
INSERT INTO `film_producers_artists` (`film_id`, `person_id`) VALUES ('44', '82');
INSERT INTO `film_producers_artists` (`film_id`, `person_id`) VALUES ('44', '88');
INSERT INTO `film_producers_artists` (`film_id`, `person_id`) VALUES ('45', '95');
INSERT INTO `film_producers_artists` (`film_id`, `person_id`) VALUES ('47', '46');
INSERT INTO `film_producers_artists` (`film_id`, `person_id`) VALUES ('50', '72');
INSERT INTO `film_producers_artists` (`film_id`, `person_id`) VALUES ('50', '74');
INSERT INTO `film_producers_artists` (`film_id`, `person_id`) VALUES ('51', '44');
INSERT INTO `film_producers_artists` (`film_id`, `person_id`) VALUES ('52', '18');
INSERT INTO `film_producers_artists` (`film_id`, `person_id`) VALUES ('52', '50');
INSERT INTO `film_producers_artists` (`film_id`, `person_id`) VALUES ('52', '58');
INSERT INTO `film_producers_artists` (`film_id`, `person_id`) VALUES ('52', '83');
INSERT INTO `film_producers_artists` (`film_id`, `person_id`) VALUES ('52', '95');
INSERT INTO `film_producers_artists` (`film_id`, `person_id`) VALUES ('53', '12');
INSERT INTO `film_producers_artists` (`film_id`, `person_id`) VALUES ('53', '45');
INSERT INTO `film_producers_artists` (`film_id`, `person_id`) VALUES ('53', '58');
INSERT INTO `film_producers_artists` (`film_id`, `person_id`) VALUES ('54', '12');
INSERT INTO `film_producers_artists` (`film_id`, `person_id`) VALUES ('55', '55');
INSERT INTO `film_producers_artists` (`film_id`, `person_id`) VALUES ('56', '11');
INSERT INTO `film_producers_artists` (`film_id`, `person_id`) VALUES ('56', '21');
INSERT INTO `film_producers_artists` (`film_id`, `person_id`) VALUES ('56', '84');
INSERT INTO `film_producers_artists` (`film_id`, `person_id`) VALUES ('57', '1');
INSERT INTO `film_producers_artists` (`film_id`, `person_id`) VALUES ('59', '70');
INSERT INTO `film_producers_artists` (`film_id`, `person_id`) VALUES ('60', '96');
INSERT INTO `film_producers_artists` (`film_id`, `person_id`) VALUES ('63', '8');
INSERT INTO `film_producers_artists` (`film_id`, `person_id`) VALUES ('64', '70');
INSERT INTO `film_producers_artists` (`film_id`, `person_id`) VALUES ('65', '6');
INSERT INTO `film_producers_artists` (`film_id`, `person_id`) VALUES ('66', '98');
INSERT INTO `film_producers_artists` (`film_id`, `person_id`) VALUES ('69', '15');
INSERT INTO `film_producers_artists` (`film_id`, `person_id`) VALUES ('69', '47');
INSERT INTO `film_producers_artists` (`film_id`, `person_id`) VALUES ('71', '4');
INSERT INTO `film_producers_artists` (`film_id`, `person_id`) VALUES ('71', '24');
INSERT INTO `film_producers_artists` (`film_id`, `person_id`) VALUES ('71', '57');
INSERT INTO `film_producers_artists` (`film_id`, `person_id`) VALUES ('71', '67');
INSERT INTO `film_producers_artists` (`film_id`, `person_id`) VALUES ('72', '48');
INSERT INTO `film_producers_artists` (`film_id`, `person_id`) VALUES ('72', '89');
INSERT INTO `film_producers_artists` (`film_id`, `person_id`) VALUES ('73', '36');
INSERT INTO `film_producers_artists` (`film_id`, `person_id`) VALUES ('76', '2');
INSERT INTO `film_producers_artists` (`film_id`, `person_id`) VALUES ('76', '50');
INSERT INTO `film_producers_artists` (`film_id`, `person_id`) VALUES ('77', '33');
INSERT INTO `film_producers_artists` (`film_id`, `person_id`) VALUES ('80', '29');
INSERT INTO `film_producers_artists` (`film_id`, `person_id`) VALUES ('81', '14');
INSERT INTO `film_producers_artists` (`film_id`, `person_id`) VALUES ('82', '50');
INSERT INTO `film_producers_artists` (`film_id`, `person_id`) VALUES ('82', '96');
INSERT INTO `film_producers_artists` (`film_id`, `person_id`) VALUES ('83', '80');
INSERT INTO `film_producers_artists` (`film_id`, `person_id`) VALUES ('85', '41');
INSERT INTO `film_producers_artists` (`film_id`, `person_id`) VALUES ('85', '93');
INSERT INTO `film_producers_artists` (`film_id`, `person_id`) VALUES ('87', '9');
INSERT INTO `film_producers_artists` (`film_id`, `person_id`) VALUES ('87', '48');
INSERT INTO `film_producers_artists` (`film_id`, `person_id`) VALUES ('90', '83');
INSERT INTO `film_producers_artists` (`film_id`, `person_id`) VALUES ('92', '38');
INSERT INTO `film_producers_artists` (`film_id`, `person_id`) VALUES ('95', '48');
INSERT INTO `film_producers_artists` (`film_id`, `person_id`) VALUES ('96', '88');
INSERT INTO `film_producers_artists` (`film_id`, `person_id`) VALUES ('96', '95');
INSERT INTO `film_producers_artists` (`film_id`, `person_id`) VALUES ('98', '8');
INSERT INTO `film_producers_artists` (`film_id`, `person_id`) VALUES ('98', '100');
INSERT INTO `film_producers_artists` (`film_id`, `person_id`) VALUES ('99', '88');
INSERT INTO `film_producers_artists` (`film_id`, `person_id`) VALUES ('99', '100');
INSERT INTO `film_producers_artists` (`film_id`, `person_id`) VALUES ('100', '81');
INSERT INTO `film_producers_artists` (`film_id`, `person_id`) VALUES ('100', '85');



#
# TABLE STRUCTURE FOR: genres
#


INSERT INTO `genres` (`id`, `genre`) VALUES ('4', 'ab');
INSERT INTO `genres` (`id`, `genre`) VALUES ('13', 'commodi');
INSERT INTO `genres` (`id`, `genre`) VALUES ('7', 'consequatur');
INSERT INTO `genres` (`id`, `genre`) VALUES ('11', 'cumque');
INSERT INTO `genres` (`id`, `genre`) VALUES ('12', 'et');
INSERT INTO `genres` (`id`, `genre`) VALUES ('8', 'itaque');
INSERT INTO `genres` (`id`, `genre`) VALUES ('3', 'nam');
INSERT INTO `genres` (`id`, `genre`) VALUES ('9', 'nihil');
INSERT INTO `genres` (`id`, `genre`) VALUES ('14', 'quis');
INSERT INTO `genres` (`id`, `genre`) VALUES ('6', 'repudiandae');
INSERT INTO `genres` (`id`, `genre`) VALUES ('2', 'rerum');
INSERT INTO `genres` (`id`, `genre`) VALUES ('10', 'sit');
INSERT INTO `genres` (`id`, `genre`) VALUES ('1', 'sunt');
INSERT INTO `genres` (`id`, `genre`) VALUES ('15', 'ut');
INSERT INTO `genres` (`id`, `genre`) VALUES ('5', 'voluptatibus');


#
# TABLE STRUCTURE FOR: persons
#




#
# TABLE STRUCTURE FOR: photos
#


INSERT INTO `photos` (`id`, `file`) VALUES ('1', 'http://lorempixel.com/600/400/people/');
INSERT INTO `photos` (`id`, `file`) VALUES ('2', 'http://lorempixel.com/600/400/people/');
INSERT INTO `photos` (`id`, `file`) VALUES ('3', 'http://lorempixel.com/600/400/people/');
INSERT INTO `photos` (`id`, `file`) VALUES ('4', 'http://lorempixel.com/600/400/people/');
INSERT INTO `photos` (`id`, `file`) VALUES ('5', 'http://lorempixel.com/600/400/people/');
INSERT INTO `photos` (`id`, `file`) VALUES ('6', 'http://lorempixel.com/600/400/people/');
INSERT INTO `photos` (`id`, `file`) VALUES ('7', 'http://lorempixel.com/600/400/people/');
INSERT INTO `photos` (`id`, `file`) VALUES ('8', 'http://lorempixel.com/600/400/people/');
INSERT INTO `photos` (`id`, `file`) VALUES ('9', 'http://lorempixel.com/600/400/people/');
INSERT INTO `photos` (`id`, `file`) VALUES ('10', 'http://lorempixel.com/600/400/people/');
INSERT INTO `photos` (`id`, `file`) VALUES ('11', 'http://lorempixel.com/600/400/people/');
INSERT INTO `photos` (`id`, `file`) VALUES ('12', 'http://lorempixel.com/600/400/people/');
INSERT INTO `photos` (`id`, `file`) VALUES ('13', 'http://lorempixel.com/600/400/people/');
INSERT INTO `photos` (`id`, `file`) VALUES ('14', 'http://lorempixel.com/600/400/people/');
INSERT INTO `photos` (`id`, `file`) VALUES ('15', 'http://lorempixel.com/600/400/people/');
INSERT INTO `photos` (`id`, `file`) VALUES ('16', 'http://lorempixel.com/600/400/people/');
INSERT INTO `photos` (`id`, `file`) VALUES ('17', 'http://lorempixel.com/600/400/people/');
INSERT INTO `photos` (`id`, `file`) VALUES ('18', 'http://lorempixel.com/600/400/people/');
INSERT INTO `photos` (`id`, `file`) VALUES ('19', 'http://lorempixel.com/600/400/people/');
INSERT INTO `photos` (`id`, `file`) VALUES ('20', 'http://lorempixel.com/600/400/people/');
INSERT INTO `photos` (`id`, `file`) VALUES ('21', 'http://lorempixel.com/600/400/people/');
INSERT INTO `photos` (`id`, `file`) VALUES ('22', 'http://lorempixel.com/600/400/people/');
INSERT INTO `photos` (`id`, `file`) VALUES ('23', 'http://lorempixel.com/600/400/people/');
INSERT INTO `photos` (`id`, `file`) VALUES ('24', 'http://lorempixel.com/600/400/people/');
INSERT INTO `photos` (`id`, `file`) VALUES ('25', 'http://lorempixel.com/600/400/people/');
INSERT INTO `photos` (`id`, `file`) VALUES ('26', 'http://lorempixel.com/600/400/people/');
INSERT INTO `photos` (`id`, `file`) VALUES ('27', 'http://lorempixel.com/600/400/people/');
INSERT INTO `photos` (`id`, `file`) VALUES ('28', 'http://lorempixel.com/600/400/people/');
INSERT INTO `photos` (`id`, `file`) VALUES ('29', 'http://lorempixel.com/600/400/people/');
INSERT INTO `photos` (`id`, `file`) VALUES ('30', 'http://lorempixel.com/600/400/people/');
INSERT INTO `photos` (`id`, `file`) VALUES ('31', 'http://lorempixel.com/600/400/people/');
INSERT INTO `photos` (`id`, `file`) VALUES ('32', 'http://lorempixel.com/600/400/people/');
INSERT INTO `photos` (`id`, `file`) VALUES ('33', 'http://lorempixel.com/600/400/people/');
INSERT INTO `photos` (`id`, `file`) VALUES ('34', 'http://lorempixel.com/600/400/people/');
INSERT INTO `photos` (`id`, `file`) VALUES ('35', 'http://lorempixel.com/600/400/people/');
INSERT INTO `photos` (`id`, `file`) VALUES ('36', 'http://lorempixel.com/600/400/people/');
INSERT INTO `photos` (`id`, `file`) VALUES ('37', 'http://lorempixel.com/600/400/people/');
INSERT INTO `photos` (`id`, `file`) VALUES ('38', 'http://lorempixel.com/600/400/people/');
INSERT INTO `photos` (`id`, `file`) VALUES ('39', 'http://lorempixel.com/600/400/people/');
INSERT INTO `photos` (`id`, `file`) VALUES ('40', 'http://lorempixel.com/600/400/people/');
INSERT INTO `photos` (`id`, `file`) VALUES ('41', 'http://lorempixel.com/600/400/people/');
INSERT INTO `photos` (`id`, `file`) VALUES ('42', 'http://lorempixel.com/600/400/people/');
INSERT INTO `photos` (`id`, `file`) VALUES ('43', 'http://lorempixel.com/600/400/people/');
INSERT INTO `photos` (`id`, `file`) VALUES ('44', 'http://lorempixel.com/600/400/people/');
INSERT INTO `photos` (`id`, `file`) VALUES ('45', 'http://lorempixel.com/600/400/people/');
INSERT INTO `photos` (`id`, `file`) VALUES ('46', 'http://lorempixel.com/600/400/people/');
INSERT INTO `photos` (`id`, `file`) VALUES ('47', 'http://lorempixel.com/600/400/people/');
INSERT INTO `photos` (`id`, `file`) VALUES ('48', 'http://lorempixel.com/600/400/people/');
INSERT INTO `photos` (`id`, `file`) VALUES ('49', 'http://lorempixel.com/600/400/people/');
INSERT INTO `photos` (`id`, `file`) VALUES ('50', 'http://lorempixel.com/600/400/people/');
INSERT INTO `photos` (`id`, `file`) VALUES ('51', 'http://lorempixel.com/600/400/people/');
INSERT INTO `photos` (`id`, `file`) VALUES ('52', 'http://lorempixel.com/600/400/people/');
INSERT INTO `photos` (`id`, `file`) VALUES ('53', 'http://lorempixel.com/600/400/people/');
INSERT INTO `photos` (`id`, `file`) VALUES ('54', 'http://lorempixel.com/600/400/people/');
INSERT INTO `photos` (`id`, `file`) VALUES ('55', 'http://lorempixel.com/600/400/people/');
INSERT INTO `photos` (`id`, `file`) VALUES ('56', 'http://lorempixel.com/600/400/people/');
INSERT INTO `photos` (`id`, `file`) VALUES ('57', 'http://lorempixel.com/600/400/people/');
INSERT INTO `photos` (`id`, `file`) VALUES ('58', 'http://lorempixel.com/600/400/people/');
INSERT INTO `photos` (`id`, `file`) VALUES ('59', 'http://lorempixel.com/600/400/people/');
INSERT INTO `photos` (`id`, `file`) VALUES ('60', 'http://lorempixel.com/600/400/people/');
INSERT INTO `photos` (`id`, `file`) VALUES ('61', 'http://lorempixel.com/600/400/people/');
INSERT INTO `photos` (`id`, `file`) VALUES ('62', 'http://lorempixel.com/600/400/people/');
INSERT INTO `photos` (`id`, `file`) VALUES ('63', 'http://lorempixel.com/600/400/people/');
INSERT INTO `photos` (`id`, `file`) VALUES ('64', 'http://lorempixel.com/600/400/people/');
INSERT INTO `photos` (`id`, `file`) VALUES ('65', 'http://lorempixel.com/600/400/people/');
INSERT INTO `photos` (`id`, `file`) VALUES ('66', 'http://lorempixel.com/600/400/people/');
INSERT INTO `photos` (`id`, `file`) VALUES ('67', 'http://lorempixel.com/600/400/people/');
INSERT INTO `photos` (`id`, `file`) VALUES ('68', 'http://lorempixel.com/600/400/people/');
INSERT INTO `photos` (`id`, `file`) VALUES ('69', 'http://lorempixel.com/600/400/people/');
INSERT INTO `photos` (`id`, `file`) VALUES ('70', 'http://lorempixel.com/600/400/people/');
INSERT INTO `photos` (`id`, `file`) VALUES ('71', 'http://lorempixel.com/600/400/people/');
INSERT INTO `photos` (`id`, `file`) VALUES ('72', 'http://lorempixel.com/600/400/people/');
INSERT INTO `photos` (`id`, `file`) VALUES ('73', 'http://lorempixel.com/600/400/people/');
INSERT INTO `photos` (`id`, `file`) VALUES ('74', 'http://lorempixel.com/600/400/people/');
INSERT INTO `photos` (`id`, `file`) VALUES ('75', 'http://lorempixel.com/600/400/people/');
INSERT INTO `photos` (`id`, `file`) VALUES ('76', 'http://lorempixel.com/600/400/people/');
INSERT INTO `photos` (`id`, `file`) VALUES ('77', 'http://lorempixel.com/600/400/people/');
INSERT INTO `photos` (`id`, `file`) VALUES ('78', 'http://lorempixel.com/600/400/people/');
INSERT INTO `photos` (`id`, `file`) VALUES ('79', 'http://lorempixel.com/600/400/people/');
INSERT INTO `photos` (`id`, `file`) VALUES ('80', 'http://lorempixel.com/600/400/people/');
INSERT INTO `photos` (`id`, `file`) VALUES ('81', 'http://lorempixel.com/600/400/people/');
INSERT INTO `photos` (`id`, `file`) VALUES ('82', 'http://lorempixel.com/600/400/people/');
INSERT INTO `photos` (`id`, `file`) VALUES ('83', 'http://lorempixel.com/600/400/people/');
INSERT INTO `photos` (`id`, `file`) VALUES ('84', 'http://lorempixel.com/600/400/people/');
INSERT INTO `photos` (`id`, `file`) VALUES ('85', 'http://lorempixel.com/600/400/people/');
INSERT INTO `photos` (`id`, `file`) VALUES ('86', 'http://lorempixel.com/600/400/people/');
INSERT INTO `photos` (`id`, `file`) VALUES ('87', 'http://lorempixel.com/600/400/people/');
INSERT INTO `photos` (`id`, `file`) VALUES ('88', 'http://lorempixel.com/600/400/people/');
INSERT INTO `photos` (`id`, `file`) VALUES ('89', 'http://lorempixel.com/600/400/people/');
INSERT INTO `photos` (`id`, `file`) VALUES ('90', 'http://lorempixel.com/600/400/people/');
INSERT INTO `photos` (`id`, `file`) VALUES ('91', 'http://lorempixel.com/600/400/people/');
INSERT INTO `photos` (`id`, `file`) VALUES ('92', 'http://lorempixel.com/600/400/people/');
INSERT INTO `photos` (`id`, `file`) VALUES ('93', 'http://lorempixel.com/600/400/people/');
INSERT INTO `photos` (`id`, `file`) VALUES ('94', 'http://lorempixel.com/600/400/people/');
INSERT INTO `photos` (`id`, `file`) VALUES ('95', 'http://lorempixel.com/600/400/people/');
INSERT INTO `photos` (`id`, `file`) VALUES ('96', 'http://lorempixel.com/600/400/people/');
INSERT INTO `photos` (`id`, `file`) VALUES ('97', 'http://lorempixel.com/600/400/people/');
INSERT INTO `photos` (`id`, `file`) VALUES ('98', 'http://lorempixel.com/600/400/people/');
INSERT INTO `photos` (`id`, `file`) VALUES ('99', 'http://lorempixel.com/600/400/people/');
INSERT INTO `photos` (`id`, `file`) VALUES ('100', 'http://lorempixel.com/600/400/people/');


#
# TABLE STRUCTURE FOR: posters
#



INSERT INTO `posters` (`id`, `film_id`, `file`) VALUES ('1', '37', 'http://lorempixel.com/600/400/abstract/');
INSERT INTO `posters` (`id`, `film_id`, `file`) VALUES ('2', '96', 'http://lorempixel.com/600/400/abstract/');
INSERT INTO `posters` (`id`, `film_id`, `file`) VALUES ('3', '38', 'http://lorempixel.com/600/400/abstract/');
INSERT INTO `posters` (`id`, `film_id`, `file`) VALUES ('4', '24', 'http://lorempixel.com/600/400/abstract/');
INSERT INTO `posters` (`id`, `film_id`, `file`) VALUES ('5', '12', 'http://lorempixel.com/600/400/abstract/');
INSERT INTO `posters` (`id`, `film_id`, `file`) VALUES ('6', '86', 'http://lorempixel.com/600/400/abstract/');
INSERT INTO `posters` (`id`, `film_id`, `file`) VALUES ('7', '33', 'http://lorempixel.com/600/400/abstract/');
INSERT INTO `posters` (`id`, `film_id`, `file`) VALUES ('8', '69', 'http://lorempixel.com/600/400/abstract/');
INSERT INTO `posters` (`id`, `film_id`, `file`) VALUES ('9', '16', 'http://lorempixel.com/600/400/abstract/');
INSERT INTO `posters` (`id`, `film_id`, `file`) VALUES ('10', '15', 'http://lorempixel.com/600/400/abstract/');
INSERT INTO `posters` (`id`, `film_id`, `file`) VALUES ('11', '15', 'http://lorempixel.com/600/400/abstract/');
INSERT INTO `posters` (`id`, `film_id`, `file`) VALUES ('12', '23', 'http://lorempixel.com/600/400/abstract/');
INSERT INTO `posters` (`id`, `film_id`, `file`) VALUES ('13', '37', 'http://lorempixel.com/600/400/abstract/');
INSERT INTO `posters` (`id`, `film_id`, `file`) VALUES ('14', '80', 'http://lorempixel.com/600/400/abstract/');
INSERT INTO `posters` (`id`, `film_id`, `file`) VALUES ('15', '100', 'http://lorempixel.com/600/400/abstract/');
INSERT INTO `posters` (`id`, `film_id`, `file`) VALUES ('16', '72', 'http://lorempixel.com/600/400/abstract/');
INSERT INTO `posters` (`id`, `film_id`, `file`) VALUES ('17', '73', 'http://lorempixel.com/600/400/abstract/');
INSERT INTO `posters` (`id`, `film_id`, `file`) VALUES ('18', '94', 'http://lorempixel.com/600/400/abstract/');
INSERT INTO `posters` (`id`, `film_id`, `file`) VALUES ('19', '3', 'http://lorempixel.com/600/400/abstract/');
INSERT INTO `posters` (`id`, `film_id`, `file`) VALUES ('20', '32', 'http://lorempixel.com/600/400/abstract/');
INSERT INTO `posters` (`id`, `film_id`, `file`) VALUES ('21', '70', 'http://lorempixel.com/600/400/abstract/');
INSERT INTO `posters` (`id`, `film_id`, `file`) VALUES ('22', '70', 'http://lorempixel.com/600/400/abstract/');
INSERT INTO `posters` (`id`, `film_id`, `file`) VALUES ('23', '56', 'http://lorempixel.com/600/400/abstract/');
INSERT INTO `posters` (`id`, `film_id`, `file`) VALUES ('24', '91', 'http://lorempixel.com/600/400/abstract/');
INSERT INTO `posters` (`id`, `film_id`, `file`) VALUES ('25', '63', 'http://lorempixel.com/600/400/abstract/');
INSERT INTO `posters` (`id`, `film_id`, `file`) VALUES ('26', '73', 'http://lorempixel.com/600/400/abstract/');
INSERT INTO `posters` (`id`, `film_id`, `file`) VALUES ('27', '23', 'http://lorempixel.com/600/400/abstract/');
INSERT INTO `posters` (`id`, `film_id`, `file`) VALUES ('28', '3', 'http://lorempixel.com/600/400/abstract/');
INSERT INTO `posters` (`id`, `film_id`, `file`) VALUES ('29', '54', 'http://lorempixel.com/600/400/abstract/');
INSERT INTO `posters` (`id`, `film_id`, `file`) VALUES ('30', '20', 'http://lorempixel.com/600/400/abstract/');
INSERT INTO `posters` (`id`, `film_id`, `file`) VALUES ('31', '70', 'http://lorempixel.com/600/400/abstract/');
INSERT INTO `posters` (`id`, `film_id`, `file`) VALUES ('32', '90', 'http://lorempixel.com/600/400/abstract/');
INSERT INTO `posters` (`id`, `film_id`, `file`) VALUES ('33', '15', 'http://lorempixel.com/600/400/abstract/');
INSERT INTO `posters` (`id`, `film_id`, `file`) VALUES ('34', '8', 'http://lorempixel.com/600/400/abstract/');
INSERT INTO `posters` (`id`, `film_id`, `file`) VALUES ('35', '14', 'http://lorempixel.com/600/400/abstract/');
INSERT INTO `posters` (`id`, `film_id`, `file`) VALUES ('36', '27', 'http://lorempixel.com/600/400/abstract/');
INSERT INTO `posters` (`id`, `film_id`, `file`) VALUES ('37', '94', 'http://lorempixel.com/600/400/abstract/');
INSERT INTO `posters` (`id`, `film_id`, `file`) VALUES ('38', '46', 'http://lorempixel.com/600/400/abstract/');
INSERT INTO `posters` (`id`, `film_id`, `file`) VALUES ('39', '95', 'http://lorempixel.com/600/400/abstract/');
INSERT INTO `posters` (`id`, `film_id`, `file`) VALUES ('40', '9', 'http://lorempixel.com/600/400/abstract/');
INSERT INTO `posters` (`id`, `film_id`, `file`) VALUES ('41', '60', 'http://lorempixel.com/600/400/abstract/');
INSERT INTO `posters` (`id`, `film_id`, `file`) VALUES ('42', '10', 'http://lorempixel.com/600/400/abstract/');
INSERT INTO `posters` (`id`, `film_id`, `file`) VALUES ('43', '32', 'http://lorempixel.com/600/400/abstract/');
INSERT INTO `posters` (`id`, `film_id`, `file`) VALUES ('44', '97', 'http://lorempixel.com/600/400/abstract/');
INSERT INTO `posters` (`id`, `film_id`, `file`) VALUES ('45', '90', 'http://lorempixel.com/600/400/abstract/');
INSERT INTO `posters` (`id`, `film_id`, `file`) VALUES ('46', '31', 'http://lorempixel.com/600/400/abstract/');
INSERT INTO `posters` (`id`, `film_id`, `file`) VALUES ('47', '68', 'http://lorempixel.com/600/400/abstract/');
INSERT INTO `posters` (`id`, `film_id`, `file`) VALUES ('48', '63', 'http://lorempixel.com/600/400/abstract/');
INSERT INTO `posters` (`id`, `film_id`, `file`) VALUES ('49', '24', 'http://lorempixel.com/600/400/abstract/');
INSERT INTO `posters` (`id`, `film_id`, `file`) VALUES ('50', '71', 'http://lorempixel.com/600/400/abstract/');
INSERT INTO `posters` (`id`, `film_id`, `file`) VALUES ('51', '94', 'http://lorempixel.com/600/400/abstract/');
INSERT INTO `posters` (`id`, `film_id`, `file`) VALUES ('52', '94', 'http://lorempixel.com/600/400/abstract/');
INSERT INTO `posters` (`id`, `film_id`, `file`) VALUES ('53', '41', 'http://lorempixel.com/600/400/abstract/');
INSERT INTO `posters` (`id`, `film_id`, `file`) VALUES ('54', '49', 'http://lorempixel.com/600/400/abstract/');
INSERT INTO `posters` (`id`, `film_id`, `file`) VALUES ('55', '84', 'http://lorempixel.com/600/400/abstract/');
INSERT INTO `posters` (`id`, `film_id`, `file`) VALUES ('56', '4', 'http://lorempixel.com/600/400/abstract/');
INSERT INTO `posters` (`id`, `film_id`, `file`) VALUES ('57', '22', 'http://lorempixel.com/600/400/abstract/');
INSERT INTO `posters` (`id`, `film_id`, `file`) VALUES ('58', '7', 'http://lorempixel.com/600/400/abstract/');
INSERT INTO `posters` (`id`, `film_id`, `file`) VALUES ('59', '6', 'http://lorempixel.com/600/400/abstract/');
INSERT INTO `posters` (`id`, `film_id`, `file`) VALUES ('60', '75', 'http://lorempixel.com/600/400/abstract/');
INSERT INTO `posters` (`id`, `film_id`, `file`) VALUES ('61', '26', 'http://lorempixel.com/600/400/abstract/');
INSERT INTO `posters` (`id`, `film_id`, `file`) VALUES ('62', '75', 'http://lorempixel.com/600/400/abstract/');
INSERT INTO `posters` (`id`, `film_id`, `file`) VALUES ('63', '65', 'http://lorempixel.com/600/400/abstract/');
INSERT INTO `posters` (`id`, `film_id`, `file`) VALUES ('64', '41', 'http://lorempixel.com/600/400/abstract/');
INSERT INTO `posters` (`id`, `film_id`, `file`) VALUES ('65', '82', 'http://lorempixel.com/600/400/abstract/');
INSERT INTO `posters` (`id`, `film_id`, `file`) VALUES ('66', '79', 'http://lorempixel.com/600/400/abstract/');
INSERT INTO `posters` (`id`, `film_id`, `file`) VALUES ('67', '68', 'http://lorempixel.com/600/400/abstract/');
INSERT INTO `posters` (`id`, `film_id`, `file`) VALUES ('68', '76', 'http://lorempixel.com/600/400/abstract/');
INSERT INTO `posters` (`id`, `film_id`, `file`) VALUES ('69', '24', 'http://lorempixel.com/600/400/abstract/');
INSERT INTO `posters` (`id`, `film_id`, `file`) VALUES ('70', '63', 'http://lorempixel.com/600/400/abstract/');
INSERT INTO `posters` (`id`, `film_id`, `file`) VALUES ('71', '84', 'http://lorempixel.com/600/400/abstract/');
INSERT INTO `posters` (`id`, `film_id`, `file`) VALUES ('72', '84', 'http://lorempixel.com/600/400/abstract/');
INSERT INTO `posters` (`id`, `film_id`, `file`) VALUES ('73', '73', 'http://lorempixel.com/600/400/abstract/');
INSERT INTO `posters` (`id`, `film_id`, `file`) VALUES ('74', '15', 'http://lorempixel.com/600/400/abstract/');
INSERT INTO `posters` (`id`, `film_id`, `file`) VALUES ('75', '80', 'http://lorempixel.com/600/400/abstract/');
INSERT INTO `posters` (`id`, `film_id`, `file`) VALUES ('76', '62', 'http://lorempixel.com/600/400/abstract/');
INSERT INTO `posters` (`id`, `film_id`, `file`) VALUES ('77', '45', 'http://lorempixel.com/600/400/abstract/');
INSERT INTO `posters` (`id`, `film_id`, `file`) VALUES ('78', '48', 'http://lorempixel.com/600/400/abstract/');
INSERT INTO `posters` (`id`, `film_id`, `file`) VALUES ('79', '25', 'http://lorempixel.com/600/400/abstract/');
INSERT INTO `posters` (`id`, `film_id`, `file`) VALUES ('80', '69', 'http://lorempixel.com/600/400/abstract/');
INSERT INTO `posters` (`id`, `film_id`, `file`) VALUES ('81', '19', 'http://lorempixel.com/600/400/abstract/');
INSERT INTO `posters` (`id`, `film_id`, `file`) VALUES ('82', '19', 'http://lorempixel.com/600/400/abstract/');
INSERT INTO `posters` (`id`, `film_id`, `file`) VALUES ('83', '62', 'http://lorempixel.com/600/400/abstract/');
INSERT INTO `posters` (`id`, `film_id`, `file`) VALUES ('84', '59', 'http://lorempixel.com/600/400/abstract/');
INSERT INTO `posters` (`id`, `film_id`, `file`) VALUES ('85', '68', 'http://lorempixel.com/600/400/abstract/');
INSERT INTO `posters` (`id`, `film_id`, `file`) VALUES ('86', '46', 'http://lorempixel.com/600/400/abstract/');
INSERT INTO `posters` (`id`, `film_id`, `file`) VALUES ('87', '62', 'http://lorempixel.com/600/400/abstract/');
INSERT INTO `posters` (`id`, `film_id`, `file`) VALUES ('88', '89', 'http://lorempixel.com/600/400/abstract/');
INSERT INTO `posters` (`id`, `film_id`, `file`) VALUES ('89', '52', 'http://lorempixel.com/600/400/abstract/');
INSERT INTO `posters` (`id`, `film_id`, `file`) VALUES ('90', '67', 'http://lorempixel.com/600/400/abstract/');
INSERT INTO `posters` (`id`, `film_id`, `file`) VALUES ('91', '64', 'http://lorempixel.com/600/400/abstract/');
INSERT INTO `posters` (`id`, `film_id`, `file`) VALUES ('92', '78', 'http://lorempixel.com/600/400/abstract/');
INSERT INTO `posters` (`id`, `film_id`, `file`) VALUES ('93', '42', 'http://lorempixel.com/600/400/abstract/');
INSERT INTO `posters` (`id`, `film_id`, `file`) VALUES ('94', '29', 'http://lorempixel.com/600/400/abstract/');
INSERT INTO `posters` (`id`, `film_id`, `file`) VALUES ('95', '18', 'http://lorempixel.com/600/400/abstract/');
INSERT INTO `posters` (`id`, `film_id`, `file`) VALUES ('96', '24', 'http://lorempixel.com/600/400/abstract/');
INSERT INTO `posters` (`id`, `film_id`, `file`) VALUES ('97', '7', 'http://lorempixel.com/600/400/abstract/');
INSERT INTO `posters` (`id`, `film_id`, `file`) VALUES ('98', '86', 'http://lorempixel.com/600/400/abstract/');
INSERT INTO `posters` (`id`, `film_id`, `file`) VALUES ('99', '99', 'http://lorempixel.com/600/400/abstract/');
INSERT INTO `posters` (`id`, `film_id`, `file`) VALUES ('100', '31', 'http://lorempixel.com/600/400/abstract/');


#
# TABLE STRUCTURE FOR: profiles
#



INSERT INTO `profiles` (`id`, `firstname`, `lastname`, `gender`, `birthday`, `photo_id`) VALUES ('1', 'Junius', 'Raynor', 'm', '1987-04-04', '43');
INSERT INTO `profiles` (`id`, `firstname`, `lastname`, `gender`, `birthday`, `photo_id`) VALUES ('2', 'Jacinto', 'Klocko', 'm', '1988-11-14', '30');
INSERT INTO `profiles` (`id`, `firstname`, `lastname`, `gender`, `birthday`, `photo_id`) VALUES ('3', 'Thomas', 'Lindgren', 'm', '1973-05-15', '7');
INSERT INTO `profiles` (`id`, `firstname`, `lastname`, `gender`, `birthday`, `photo_id`) VALUES ('4', 'Lelia', 'Leannon', 'm', '2016-09-17', '28');
INSERT INTO `profiles` (`id`, `firstname`, `lastname`, `gender`, `birthday`, `photo_id`) VALUES ('5', 'Max', 'Greenholt', 'f', '1980-04-20', '22');
INSERT INTO `profiles` (`id`, `firstname`, `lastname`, `gender`, `birthday`, `photo_id`) VALUES ('6', 'Elmira', 'Becker', 'm', '2000-09-05', '5');
INSERT INTO `profiles` (`id`, `firstname`, `lastname`, `gender`, `birthday`, `photo_id`) VALUES ('7', 'Damion', 'Ziemann', 'f', '1986-01-12', '65');
INSERT INTO `profiles` (`id`, `firstname`, `lastname`, `gender`, `birthday`, `photo_id`) VALUES ('8', 'Efren', 'Langworth', 'f', '2005-10-25', '24');
INSERT INTO `profiles` (`id`, `firstname`, `lastname`, `gender`, `birthday`, `photo_id`) VALUES ('9', 'Terrence', 'Dibbert', 'f', '1983-08-18', '16');
INSERT INTO `profiles` (`id`, `firstname`, `lastname`, `gender`, `birthday`, `photo_id`) VALUES ('10', 'Eugenia', 'Ratke', 'f', '1981-12-16', '92');
INSERT INTO `profiles` (`id`, `firstname`, `lastname`, `gender`, `birthday`, `photo_id`) VALUES ('11', 'Stephen', 'Walsh', 'f', '2009-12-01', '27');
INSERT INTO `profiles` (`id`, `firstname`, `lastname`, `gender`, `birthday`, `photo_id`) VALUES ('12', 'Liza', 'Pacocha', 'm', '2003-10-04', '22');
INSERT INTO `profiles` (`id`, `firstname`, `lastname`, `gender`, `birthday`, `photo_id`) VALUES ('13', 'Dixie', 'Reichert', 'm', '1999-05-05', '34');
INSERT INTO `profiles` (`id`, `firstname`, `lastname`, `gender`, `birthday`, `photo_id`) VALUES ('14', 'Kyle', 'Upton', 'm', '1979-04-19', '93');
INSERT INTO `profiles` (`id`, `firstname`, `lastname`, `gender`, `birthday`, `photo_id`) VALUES ('15', 'Roslyn', 'Eichmann', 'm', '2018-10-17', '69');
INSERT INTO `profiles` (`id`, `firstname`, `lastname`, `gender`, `birthday`, `photo_id`) VALUES ('16', 'Johnny', 'Jacobi', 'f', '1987-05-16', '70');
INSERT INTO `profiles` (`id`, `firstname`, `lastname`, `gender`, `birthday`, `photo_id`) VALUES ('17', 'Cordelia', 'Sporer', 'm', '1988-07-30', '22');
INSERT INTO `profiles` (`id`, `firstname`, `lastname`, `gender`, `birthday`, `photo_id`) VALUES ('18', 'Jaylin', 'Lindgren', 'f', '1994-02-25', '38');
INSERT INTO `profiles` (`id`, `firstname`, `lastname`, `gender`, `birthday`, `photo_id`) VALUES ('19', 'Brent', 'Russel', 'f', '2004-12-03', '44');
INSERT INTO `profiles` (`id`, `firstname`, `lastname`, `gender`, `birthday`, `photo_id`) VALUES ('20', 'Yolanda', 'Price', 'm', '2006-07-18', '22');
INSERT INTO `profiles` (`id`, `firstname`, `lastname`, `gender`, `birthday`, `photo_id`) VALUES ('21', 'Alysa', 'Abbott', 'f', '1996-09-19', '87');
INSERT INTO `profiles` (`id`, `firstname`, `lastname`, `gender`, `birthday`, `photo_id`) VALUES ('22', 'Jordy', 'Lockman', 'f', '1985-06-22', '24');
INSERT INTO `profiles` (`id`, `firstname`, `lastname`, `gender`, `birthday`, `photo_id`) VALUES ('23', 'Jerrell', 'Gutmann', 'm', '1989-11-08', '91');
INSERT INTO `profiles` (`id`, `firstname`, `lastname`, `gender`, `birthday`, `photo_id`) VALUES ('24', 'Alena', 'Rau', 'm', '2015-03-31', '68');
INSERT INTO `profiles` (`id`, `firstname`, `lastname`, `gender`, `birthday`, `photo_id`) VALUES ('25', 'Camden', 'O\'Hara', 'f', '1972-06-20', '23');
INSERT INTO `profiles` (`id`, `firstname`, `lastname`, `gender`, `birthday`, `photo_id`) VALUES ('26', 'Jaeden', 'Schmeler', 'm', '2002-01-22', '15');
INSERT INTO `profiles` (`id`, `firstname`, `lastname`, `gender`, `birthday`, `photo_id`) VALUES ('27', 'Rosa', 'Hintz', 'f', '2014-07-31', '94');
INSERT INTO `profiles` (`id`, `firstname`, `lastname`, `gender`, `birthday`, `photo_id`) VALUES ('28', 'Jacques', 'Hintz', 'f', '2019-02-22', '13');
INSERT INTO `profiles` (`id`, `firstname`, `lastname`, `gender`, `birthday`, `photo_id`) VALUES ('29', 'Connie', 'Bogan', 'f', '1998-07-11', '100');
INSERT INTO `profiles` (`id`, `firstname`, `lastname`, `gender`, `birthday`, `photo_id`) VALUES ('30', 'Dolly', 'Hettinger', 'm', '1996-01-03', '44');
INSERT INTO `profiles` (`id`, `firstname`, `lastname`, `gender`, `birthday`, `photo_id`) VALUES ('31', 'Colin', 'Stiedemann', 'f', '1972-11-22', '95');
INSERT INTO `profiles` (`id`, `firstname`, `lastname`, `gender`, `birthday`, `photo_id`) VALUES ('32', 'Ben', 'Sauer', 'f', '1974-12-15', '36');
INSERT INTO `profiles` (`id`, `firstname`, `lastname`, `gender`, `birthday`, `photo_id`) VALUES ('33', 'Luciano', 'Haag', 'm', '1989-09-08', '4');
INSERT INTO `profiles` (`id`, `firstname`, `lastname`, `gender`, `birthday`, `photo_id`) VALUES ('34', 'Raphael', 'Bashirian', 'm', '1989-06-06', '27');
INSERT INTO `profiles` (`id`, `firstname`, `lastname`, `gender`, `birthday`, `photo_id`) VALUES ('35', 'Larissa', 'Ratke', 'm', '1973-07-25', '93');
INSERT INTO `profiles` (`id`, `firstname`, `lastname`, `gender`, `birthday`, `photo_id`) VALUES ('36', 'Rasheed', 'Hintz', 'm', '2018-03-15', '9');
INSERT INTO `profiles` (`id`, `firstname`, `lastname`, `gender`, `birthday`, `photo_id`) VALUES ('37', 'Larry', 'Adams', 'm', '2003-09-16', '25');
INSERT INTO `profiles` (`id`, `firstname`, `lastname`, `gender`, `birthday`, `photo_id`) VALUES ('38', 'Beverly', 'Predovic', 'm', '1970-01-23', '67');
INSERT INTO `profiles` (`id`, `firstname`, `lastname`, `gender`, `birthday`, `photo_id`) VALUES ('39', 'Emily', 'Gleason', 'm', '2002-12-21', '65');
INSERT INTO `profiles` (`id`, `firstname`, `lastname`, `gender`, `birthday`, `photo_id`) VALUES ('40', 'Aurelie', 'Dickinson', 'm', '1992-05-04', '3');
INSERT INTO `profiles` (`id`, `firstname`, `lastname`, `gender`, `birthday`, `photo_id`) VALUES ('41', 'Brad', 'Dooley', 'f', '2008-09-12', '91');
INSERT INTO `profiles` (`id`, `firstname`, `lastname`, `gender`, `birthday`, `photo_id`) VALUES ('42', 'Vernon', 'Langworth', 'f', '2018-12-25', '44');
INSERT INTO `profiles` (`id`, `firstname`, `lastname`, `gender`, `birthday`, `photo_id`) VALUES ('43', 'Oren', 'Becker', 'f', '2014-12-22', '43');
INSERT INTO `profiles` (`id`, `firstname`, `lastname`, `gender`, `birthday`, `photo_id`) VALUES ('44', 'Cade', 'Lesch', 'f', '2008-08-15', '65');
INSERT INTO `profiles` (`id`, `firstname`, `lastname`, `gender`, `birthday`, `photo_id`) VALUES ('45', 'Elliott', 'Leuschke', 'f', '2007-08-30', '97');
INSERT INTO `profiles` (`id`, `firstname`, `lastname`, `gender`, `birthday`, `photo_id`) VALUES ('46', 'Adolfo', 'Ruecker', 'm', '1991-11-23', '86');
INSERT INTO `profiles` (`id`, `firstname`, `lastname`, `gender`, `birthday`, `photo_id`) VALUES ('47', 'Tomas', 'Johnson', 'm', '2002-05-29', '50');
INSERT INTO `profiles` (`id`, `firstname`, `lastname`, `gender`, `birthday`, `photo_id`) VALUES ('48', 'Candido', 'Waelchi', 'f', '1986-06-22', '32');
INSERT INTO `profiles` (`id`, `firstname`, `lastname`, `gender`, `birthday`, `photo_id`) VALUES ('49', 'Mark', 'Price', 'f', '1994-12-04', '94');
INSERT INTO `profiles` (`id`, `firstname`, `lastname`, `gender`, `birthday`, `photo_id`) VALUES ('50', 'Jenifer', 'Rolfson', 'f', '2005-01-24', '74');
INSERT INTO `profiles` (`id`, `firstname`, `lastname`, `gender`, `birthday`, `photo_id`) VALUES ('51', 'Carlo', 'Wiegand', 'm', '2006-07-26', '80');
INSERT INTO `profiles` (`id`, `firstname`, `lastname`, `gender`, `birthday`, `photo_id`) VALUES ('52', 'Jameson', 'Zboncak', 'm', '1989-04-29', '59');
INSERT INTO `profiles` (`id`, `firstname`, `lastname`, `gender`, `birthday`, `photo_id`) VALUES ('53', 'Joanny', 'Heller', 'm', '2012-09-16', '41');
INSERT INTO `profiles` (`id`, `firstname`, `lastname`, `gender`, `birthday`, `photo_id`) VALUES ('54', 'Moses', 'Frami', 'f', '1980-10-08', '64');
INSERT INTO `profiles` (`id`, `firstname`, `lastname`, `gender`, `birthday`, `photo_id`) VALUES ('55', 'America', 'Monahan', 'm', '1974-04-12', '30');
INSERT INTO `profiles` (`id`, `firstname`, `lastname`, `gender`, `birthday`, `photo_id`) VALUES ('56', 'Alycia', 'Price', 'f', '1976-05-20', '13');
INSERT INTO `profiles` (`id`, `firstname`, `lastname`, `gender`, `birthday`, `photo_id`) VALUES ('57', 'Sigmund', 'Herzog', 'f', '1980-05-23', '6');
INSERT INTO `profiles` (`id`, `firstname`, `lastname`, `gender`, `birthday`, `photo_id`) VALUES ('58', 'Sydnee', 'Kilback', 'f', '1993-12-28', '5');
INSERT INTO `profiles` (`id`, `firstname`, `lastname`, `gender`, `birthday`, `photo_id`) VALUES ('59', 'Kody', 'Beier', 'f', '2017-06-17', '29');
INSERT INTO `profiles` (`id`, `firstname`, `lastname`, `gender`, `birthday`, `photo_id`) VALUES ('60', 'Tabitha', 'Heathcote', 'f', '1980-01-27', '77');
INSERT INTO `profiles` (`id`, `firstname`, `lastname`, `gender`, `birthday`, `photo_id`) VALUES ('61', 'Kiana', 'Goldner', 'm', '1999-10-07', '41');
INSERT INTO `profiles` (`id`, `firstname`, `lastname`, `gender`, `birthday`, `photo_id`) VALUES ('62', 'Logan', 'Becker', 'm', '2008-07-13', '88');
INSERT INTO `profiles` (`id`, `firstname`, `lastname`, `gender`, `birthday`, `photo_id`) VALUES ('63', 'Boyd', 'Conn', 'f', '1980-04-24', '61');
INSERT INTO `profiles` (`id`, `firstname`, `lastname`, `gender`, `birthday`, `photo_id`) VALUES ('64', 'Benedict', 'Lowe', 'm', '2008-04-06', '74');
INSERT INTO `profiles` (`id`, `firstname`, `lastname`, `gender`, `birthday`, `photo_id`) VALUES ('65', 'Hardy', 'Ritchie', 'f', '1975-11-12', '86');
INSERT INTO `profiles` (`id`, `firstname`, `lastname`, `gender`, `birthday`, `photo_id`) VALUES ('66', 'Zita', 'Willms', 'm', '2017-11-26', '47');
INSERT INTO `profiles` (`id`, `firstname`, `lastname`, `gender`, `birthday`, `photo_id`) VALUES ('67', 'Cordelia', 'Batz', 'm', '1970-08-08', '46');
INSERT INTO `profiles` (`id`, `firstname`, `lastname`, `gender`, `birthday`, `photo_id`) VALUES ('68', 'Zoila', 'Lubowitz', 'm', '1984-07-24', '10');
INSERT INTO `profiles` (`id`, `firstname`, `lastname`, `gender`, `birthday`, `photo_id`) VALUES ('69', 'Adelbert', 'Mayer', 'm', '1982-10-22', '58');
INSERT INTO `profiles` (`id`, `firstname`, `lastname`, `gender`, `birthday`, `photo_id`) VALUES ('70', 'Fabian', 'Kuhn', 'f', '2000-06-14', '92');
INSERT INTO `profiles` (`id`, `firstname`, `lastname`, `gender`, `birthday`, `photo_id`) VALUES ('71', 'Jonatan', 'Stokes', 'f', '1999-12-16', '13');
INSERT INTO `profiles` (`id`, `firstname`, `lastname`, `gender`, `birthday`, `photo_id`) VALUES ('72', 'Kennedi', 'Yundt', 'f', '2009-07-31', '71');
INSERT INTO `profiles` (`id`, `firstname`, `lastname`, `gender`, `birthday`, `photo_id`) VALUES ('73', 'Leilani', 'Armstrong', 'm', '2003-12-24', '16');
INSERT INTO `profiles` (`id`, `firstname`, `lastname`, `gender`, `birthday`, `photo_id`) VALUES ('74', 'Shanel', 'Schaefer', 'f', '2019-08-28', '35');
INSERT INTO `profiles` (`id`, `firstname`, `lastname`, `gender`, `birthday`, `photo_id`) VALUES ('75', 'Micheal', 'Daniel', 'f', '1995-07-03', '73');
INSERT INTO `profiles` (`id`, `firstname`, `lastname`, `gender`, `birthday`, `photo_id`) VALUES ('76', 'Alvina', 'Maggio', 'f', '2015-08-22', '14');
INSERT INTO `profiles` (`id`, `firstname`, `lastname`, `gender`, `birthday`, `photo_id`) VALUES ('77', 'Yessenia', 'McCullough', 'm', '2007-12-13', '83');
INSERT INTO `profiles` (`id`, `firstname`, `lastname`, `gender`, `birthday`, `photo_id`) VALUES ('78', 'Coralie', 'Moore', 'm', '1984-06-10', '83');
INSERT INTO `profiles` (`id`, `firstname`, `lastname`, `gender`, `birthday`, `photo_id`) VALUES ('79', 'Zoey', 'Morar', 'm', '2003-10-16', '47');
INSERT INTO `profiles` (`id`, `firstname`, `lastname`, `gender`, `birthday`, `photo_id`) VALUES ('80', 'Loy', 'Lehner', 'f', '1972-11-27', '26');
INSERT INTO `profiles` (`id`, `firstname`, `lastname`, `gender`, `birthday`, `photo_id`) VALUES ('81', 'Della', 'Beahan', 'f', '1995-06-23', '80');
INSERT INTO `profiles` (`id`, `firstname`, `lastname`, `gender`, `birthday`, `photo_id`) VALUES ('82', 'Jessica', 'Rosenbaum', 'f', '1999-08-06', '43');
INSERT INTO `profiles` (`id`, `firstname`, `lastname`, `gender`, `birthday`, `photo_id`) VALUES ('83', 'Lelia', 'Franecki', 'm', '2012-08-02', '80');
INSERT INTO `profiles` (`id`, `firstname`, `lastname`, `gender`, `birthday`, `photo_id`) VALUES ('84', 'Vada', 'Hartmann', 'm', '2009-10-31', '12');
INSERT INTO `profiles` (`id`, `firstname`, `lastname`, `gender`, `birthday`, `photo_id`) VALUES ('85', 'Vinnie', 'Wintheiser', 'f', '1989-03-07', '5');
INSERT INTO `profiles` (`id`, `firstname`, `lastname`, `gender`, `birthday`, `photo_id`) VALUES ('86', 'Kameron', 'Kuvalis', 'f', '2009-11-10', '3');
INSERT INTO `profiles` (`id`, `firstname`, `lastname`, `gender`, `birthday`, `photo_id`) VALUES ('87', 'Keara', 'Schamberger', 'm', '2007-12-17', '38');
INSERT INTO `profiles` (`id`, `firstname`, `lastname`, `gender`, `birthday`, `photo_id`) VALUES ('88', 'Buford', 'Reichel', 'm', '1972-10-17', '13');
INSERT INTO `profiles` (`id`, `firstname`, `lastname`, `gender`, `birthday`, `photo_id`) VALUES ('89', 'Bertha', 'Murray', 'f', '2005-06-02', '4');
INSERT INTO `profiles` (`id`, `firstname`, `lastname`, `gender`, `birthday`, `photo_id`) VALUES ('90', 'Jabari', 'Monahan', 'm', '2001-03-19', '37');
INSERT INTO `profiles` (`id`, `firstname`, `lastname`, `gender`, `birthday`, `photo_id`) VALUES ('91', 'Brendon', 'Konopelski', 'm', '1994-03-30', '61');
INSERT INTO `profiles` (`id`, `firstname`, `lastname`, `gender`, `birthday`, `photo_id`) VALUES ('92', 'Dana', 'Mayert', 'm', '1984-12-11', '49');
INSERT INTO `profiles` (`id`, `firstname`, `lastname`, `gender`, `birthday`, `photo_id`) VALUES ('93', 'Kariane', 'Shanahan', 'f', '2006-02-25', '10');
INSERT INTO `profiles` (`id`, `firstname`, `lastname`, `gender`, `birthday`, `photo_id`) VALUES ('94', 'Elmore', 'White', 'm', '1989-08-09', '91');
INSERT INTO `profiles` (`id`, `firstname`, `lastname`, `gender`, `birthday`, `photo_id`) VALUES ('95', 'Bradley', 'Satterfield', 'm', '1973-08-07', '84');
INSERT INTO `profiles` (`id`, `firstname`, `lastname`, `gender`, `birthday`, `photo_id`) VALUES ('96', 'Madison', 'Kertzmann', 'f', '1982-10-02', '47');
INSERT INTO `profiles` (`id`, `firstname`, `lastname`, `gender`, `birthday`, `photo_id`) VALUES ('97', 'Maryam', 'Douglas', 'f', '2018-04-17', '78');
INSERT INTO `profiles` (`id`, `firstname`, `lastname`, `gender`, `birthday`, `photo_id`) VALUES ('98', 'Cleve', 'Weissnat', 'f', '1971-05-30', '18');
INSERT INTO `profiles` (`id`, `firstname`, `lastname`, `gender`, `birthday`, `photo_id`) VALUES ('99', 'Reed', 'Dare', 'f', '2019-04-14', '52');


#
# TABLE STRUCTURE FOR: users
#



INSERT INTO `users` (`id`, `email`, `password`, `created_at`) VALUES ('1', 'jimmie51@example.com', '9b30a3fdb771c454ef119146073d5b985d452b00', '1979-09-05');
INSERT INTO `users` (`id`, `email`, `password`, `created_at`) VALUES ('2', 'ignacio.heidenreich@example.net', 'dce2e279e12a358d64c107d7ac2359861ac5120a', '1992-08-18');
INSERT INTO `users` (`id`, `email`, `password`, `created_at`) VALUES ('3', 'uconsidine@example.com', '7359c4a50fb15c005685aa0073072b9e251b2976', '2016-01-01');
INSERT INTO `users` (`id`, `email`, `password`, `created_at`) VALUES ('4', 'keenan.brekke@example.org', '2893e5f80f352142c5035dcbbadf1c30ee752d3d', '2017-08-25');
INSERT INTO `users` (`id`, `email`, `password`, `created_at`) VALUES ('5', 'jonatan93@example.org', '2f17140ad9ec8c164fa86107d5f8de49a25c8a5d', '1974-04-28');
INSERT INTO `users` (`id`, `email`, `password`, `created_at`) VALUES ('6', 'watsica.woodrow@example.org', '9c1afdf362c89d6282bb115327bf54a945354c96', '2000-06-16');
INSERT INTO `users` (`id`, `email`, `password`, `created_at`) VALUES ('7', 'abrown@example.net', '7df6083bac86bd230b72c581f52e1fcdf1bfac41', '1982-10-10');
INSERT INTO `users` (`id`, `email`, `password`, `created_at`) VALUES ('8', 'loma32@example.net', 'e19afae0537accd4872f4012304c3ea3cb4a92e4', '2012-05-23');
INSERT INTO `users` (`id`, `email`, `password`, `created_at`) VALUES ('9', 'dereck91@example.org', 'a264bad9e14fc32f380dd1def542b18ee458c13c', '1989-02-19');
INSERT INTO `users` (`id`, `email`, `password`, `created_at`) VALUES ('10', 'aletha.bruen@example.com', '2ecdac1ea04ebb78e2e9b15e2d32ca597d71cf5c', '2001-01-04');
INSERT INTO `users` (`id`, `email`, `password`, `created_at`) VALUES ('11', 'loraine45@example.net', 'b344039ab2dd4840c0a90ebb57465a4a3664e1a6', '2018-03-22');
INSERT INTO `users` (`id`, `email`, `password`, `created_at`) VALUES ('12', 'ashton.kovacek@example.org', '11bf7db3ebf2f4ba8001600c0a11fa8f1950d4e9', '2014-07-31');
INSERT INTO `users` (`id`, `email`, `password`, `created_at`) VALUES ('13', 'sylvia.kovacek@example.org', 'a0fa91468304d42c915b0c06f1f369c14bdc29da', '1994-12-28');
INSERT INTO `users` (`id`, `email`, `password`, `created_at`) VALUES ('14', 'urban68@example.org', '37aade31f0fd955ac3d22b4b40abade9f5fc95b5', '1997-05-06');
INSERT INTO `users` (`id`, `email`, `password`, `created_at`) VALUES ('15', 'lafayette04@example.net', 'b90ed24cbc18441341528c4c9f1ad5a78555dce2', '1983-01-25');
INSERT INTO `users` (`id`, `email`, `password`, `created_at`) VALUES ('16', 'rjohnston@example.com', 'a2742bf656819f4dabcf05eb324b0f152b66dcaf', '1972-12-28');
INSERT INTO `users` (`id`, `email`, `password`, `created_at`) VALUES ('17', 'hagenes.tre@example.org', 'd841d2a7d46486490b67f4fc8a8e2c96b729cc87', '1981-11-02');
INSERT INTO `users` (`id`, `email`, `password`, `created_at`) VALUES ('18', 'aniya60@example.net', '27ef16b73861a8192bb1b30f674e66fda94f66d7', '1987-03-28');
INSERT INTO `users` (`id`, `email`, `password`, `created_at`) VALUES ('19', 'graham.esmeralda@example.net', 'ee8e183e4dfb0690593afb2e3d278672aecf4f9e', '1989-06-14');
INSERT INTO `users` (`id`, `email`, `password`, `created_at`) VALUES ('20', 'dbergnaum@example.net', '75122d70ce0edafd626485c01e5980b6ab42dd46', '2006-10-28');
INSERT INTO `users` (`id`, `email`, `password`, `created_at`) VALUES ('21', 'elittel@example.net', '6a8d932049e0794960b280f0f358603ba7c2402b', '2016-06-24');
INSERT INTO `users` (`id`, `email`, `password`, `created_at`) VALUES ('22', 'boehm.napoleon@example.net', 'f9a08736a0942acb4c6a7829291bf2346ae1ee9f', '2003-04-11');
INSERT INTO `users` (`id`, `email`, `password`, `created_at`) VALUES ('23', 'tromp.cade@example.org', '70e3b0335edff3437448fdc9d0ee8329dc777262', '1981-04-29');
INSERT INTO `users` (`id`, `email`, `password`, `created_at`) VALUES ('24', 'zgoldner@example.net', '3d744331b1e8a7c20aa69329c7ee181dad4123dd', '2011-09-20');
INSERT INTO `users` (`id`, `email`, `password`, `created_at`) VALUES ('25', 'steuber.barrett@example.com', '885ba52b9ad1a6aa4ac5be0ce89c961aa720d524', '2015-08-13');
INSERT INTO `users` (`id`, `email`, `password`, `created_at`) VALUES ('26', 'kurtis.heaney@example.net', 'adde36a6985b26265df06e7e6d4e5e2081a8cf79', '2013-02-07');
INSERT INTO `users` (`id`, `email`, `password`, `created_at`) VALUES ('27', 'danyka46@example.net', '68d83d7757126479b60731e59e15a4f17e15f2f5', '2018-03-28');
INSERT INTO `users` (`id`, `email`, `password`, `created_at`) VALUES ('28', 'oleuschke@example.com', 'e48e91805fc38b4403067234fca96d0a62fd574b', '2014-06-21');
INSERT INTO `users` (`id`, `email`, `password`, `created_at`) VALUES ('29', 'dwight33@example.com', '27408070254ad3ea5bed0720a788902930877ca5', '2004-03-02');
INSERT INTO `users` (`id`, `email`, `password`, `created_at`) VALUES ('30', 'randi44@example.com', 'd4d52dc61ccf6e96912fa028d85e03914274636b', '1970-09-25');
INSERT INTO `users` (`id`, `email`, `password`, `created_at`) VALUES ('31', 'spinka.alta@example.com', '85fd2081e906410acff724f560ec92c208263c3b', '2006-09-09');
INSERT INTO `users` (`id`, `email`, `password`, `created_at`) VALUES ('32', 'jaycee87@example.org', 'aa334ccddd482a6eed909e5bb64710d8c1889f9d', '2003-09-07');
INSERT INTO `users` (`id`, `email`, `password`, `created_at`) VALUES ('33', 'aniyah.parisian@example.org', 'cac017b6cb1920a3f4207eb6cebf622744b96636', '1971-07-17');
INSERT INTO `users` (`id`, `email`, `password`, `created_at`) VALUES ('34', 'adriana.cummerata@example.net', '1806db17971725b77f0eb8507a5d01680e533f5a', '1985-05-31');
INSERT INTO `users` (`id`, `email`, `password`, `created_at`) VALUES ('35', 'sauer.armando@example.org', 'e157cccc0d8ebea723c3f309b804aa87688c5189', '1975-10-27');
INSERT INTO `users` (`id`, `email`, `password`, `created_at`) VALUES ('36', 'nkilback@example.com', '80b75a29353651fc7e7d7496892e9ba3bae746c0', '1985-08-09');
INSERT INTO `users` (`id`, `email`, `password`, `created_at`) VALUES ('37', 'reed18@example.com', '3d5a852044ecb2aa7822ca9114fc4c95f0f2da60', '1984-08-03');
INSERT INTO `users` (`id`, `email`, `password`, `created_at`) VALUES ('38', 'jlemke@example.net', 'b1915b4ffebfa2ba766389494b876f3aea6da68c', '1987-11-02');
INSERT INTO `users` (`id`, `email`, `password`, `created_at`) VALUES ('39', 'aconroy@example.net', 'ef711fa72b495eccd96b6aed066a48aa7578ae31', '1984-04-10');
INSERT INTO `users` (`id`, `email`, `password`, `created_at`) VALUES ('40', 'whand@example.com', 'b50d965ec0b11640c30cef47d9b470c6a0baf859', '1987-09-22');
INSERT INTO `users` (`id`, `email`, `password`, `created_at`) VALUES ('41', 'kitty.gislason@example.net', 'd8f3292c08035a0f1cbb80a4d5f9f329895498f7', '1999-01-14');
INSERT INTO `users` (`id`, `email`, `password`, `created_at`) VALUES ('42', 'luisa71@example.net', 'b6e94d17c5ba66b2183d8677413266c0d733a07d', '1988-06-02');
INSERT INTO `users` (`id`, `email`, `password`, `created_at`) VALUES ('43', 'fkihn@example.com', 'f11a195bf7aeebd19c38ecbf4d0d51eeb9778790', '2000-08-18');
INSERT INTO `users` (`id`, `email`, `password`, `created_at`) VALUES ('44', 'cormier.kristopher@example.com', 'cc261f8ea5d2dcead2e63962c4aa76ff6aa94a4d', '2007-07-31');
INSERT INTO `users` (`id`, `email`, `password`, `created_at`) VALUES ('45', 'stiedemann.liam@example.net', '1cb59ed1164658ae1759925db3cf421b8b043e29', '2001-03-11');
INSERT INTO `users` (`id`, `email`, `password`, `created_at`) VALUES ('46', 'buckridge.josiane@example.com', '5a2648684554802ac24b96274123bf9c47709c33', '2010-07-31');
INSERT INTO `users` (`id`, `email`, `password`, `created_at`) VALUES ('47', 'ryundt@example.org', '8ed7daf90960b4298d4410590eb000442c8282df', '2020-04-13');
INSERT INTO `users` (`id`, `email`, `password`, `created_at`) VALUES ('48', 'vkovacek@example.com', '56262fe9fbcbf395955005609a582bc36ae019cd', '1997-07-17');
INSERT INTO `users` (`id`, `email`, `password`, `created_at`) VALUES ('49', 'kyler.goldner@example.net', '8a6322cfcfc8fd10388e466e79bac081b4f62798', '2005-05-31');
INSERT INTO `users` (`id`, `email`, `password`, `created_at`) VALUES ('50', 'fredy14@example.net', '922213ce3cbeef2a8dd8f64627f3b7486b41d2ce', '1985-08-01');
INSERT INTO `users` (`id`, `email`, `password`, `created_at`) VALUES ('51', 'jasper.cummerata@example.net', '9199dd7071aa2f1cff82784bc25418e7a04fe8ed', '2013-03-07');
INSERT INTO `users` (`id`, `email`, `password`, `created_at`) VALUES ('52', 'damion21@example.com', '6729dea5b563e73345f61da987b2ab146114b51c', '1976-08-03');
INSERT INTO `users` (`id`, `email`, `password`, `created_at`) VALUES ('53', 'seth.waelchi@example.org', '1c545443dd01e81606fecf2b902c2e06300e433f', '2018-11-08');
INSERT INTO `users` (`id`, `email`, `password`, `created_at`) VALUES ('54', 'lois70@example.net', '86ea744bc3a103071d161e744556f3d39e62c0fc', '1986-07-28');
INSERT INTO `users` (`id`, `email`, `password`, `created_at`) VALUES ('55', 'smcdermott@example.org', '9134d1fff633a3a220503f44c4d13fabf9248fe4', '2006-12-26');
INSERT INTO `users` (`id`, `email`, `password`, `created_at`) VALUES ('56', 'jammie.daniel@example.org', 'c34a6ac27896edc5b27c80f2d85cdb367ba5e40f', '2010-05-05');
INSERT INTO `users` (`id`, `email`, `password`, `created_at`) VALUES ('57', 'pwilderman@example.com', 'e2af3d0e91b8e35f8861cc2e652d5274f8610a95', '2018-06-12');
INSERT INTO `users` (`id`, `email`, `password`, `created_at`) VALUES ('58', 'fletcher.hoeger@example.com', '25a5732002a293b68931cb97609e4f4e644c70c1', '1988-03-02');
INSERT INTO `users` (`id`, `email`, `password`, `created_at`) VALUES ('59', 'morar.elinor@example.com', 'dc91577212e4251732387599b43fd5ab79fe3b4f', '2018-02-09');
INSERT INTO `users` (`id`, `email`, `password`, `created_at`) VALUES ('60', 'grady43@example.net', 'd8f9f73a55fb004e8c397741222b1649361e836b', '2015-01-16');
INSERT INTO `users` (`id`, `email`, `password`, `created_at`) VALUES ('61', 'ida.koepp@example.com', '7de8c32274c03a7c82e2cf6cc6e58dad7d1ed8a9', '1989-08-12');
INSERT INTO `users` (`id`, `email`, `password`, `created_at`) VALUES ('62', 'kamren.ankunding@example.org', '43ae2918e850073acd1899d9cde5129d0966dafc', '1972-01-28');
INSERT INTO `users` (`id`, `email`, `password`, `created_at`) VALUES ('63', 'shany.wolf@example.com', '97df5ad6640462462f15e1ab91654bc8269e7533', '2020-07-18');
INSERT INTO `users` (`id`, `email`, `password`, `created_at`) VALUES ('64', 'loy.pollich@example.com', '4aff7265500807c43ab9f5eef18718ec809cf244', '1991-01-15');
INSERT INTO `users` (`id`, `email`, `password`, `created_at`) VALUES ('65', 'derrick.hauck@example.org', 'b8028fcfe9794ce7902ca2a8972d7c48b16106c2', '2010-04-13');
INSERT INTO `users` (`id`, `email`, `password`, `created_at`) VALUES ('66', 'dakota88@example.com', '65f6f99b11bb6bc4a7b81839ca5e2adaf099e654', '1984-07-06');
INSERT INTO `users` (`id`, `email`, `password`, `created_at`) VALUES ('67', 'lakin.adriana@example.net', '6346fe626e637c22be803f6f08b225c237df3462', '2013-06-23');
INSERT INTO `users` (`id`, `email`, `password`, `created_at`) VALUES ('68', 'feest.michele@example.com', '05c58bc87d4f1353db3a2fade0e6e457739140ad', '2001-04-17');
INSERT INTO `users` (`id`, `email`, `password`, `created_at`) VALUES ('69', 'arlo.lindgren@example.com', '23f41c880cab3f4ad6f225a7a041a8f0c7315e0a', '1975-01-15');
INSERT INTO `users` (`id`, `email`, `password`, `created_at`) VALUES ('70', 'isabella.hettinger@example.org', '406e7cf0d26cd2ba8d10efa6ecd00636148cc390', '1995-05-24');
INSERT INTO `users` (`id`, `email`, `password`, `created_at`) VALUES ('71', 'vinnie.witting@example.com', 'eacd2400d0317c2a949c66963043c9b7d2377f61', '1991-11-08');
INSERT INTO `users` (`id`, `email`, `password`, `created_at`) VALUES ('72', 'bernadine.erdman@example.com', '4f2f0ae4159b0df5cb34acb5ee6a77abaa54031c', '1995-09-30');
INSERT INTO `users` (`id`, `email`, `password`, `created_at`) VALUES ('73', 'andres.cartwright@example.com', '802be7b2d3b591e7222b6fd6ffa7529362f61bf7', '2009-09-25');
INSERT INTO `users` (`id`, `email`, `password`, `created_at`) VALUES ('74', 'alberta.fay@example.net', 'e6beb3513aa05d168f87f6959398a5f49ce69da4', '1982-03-09');
INSERT INTO `users` (`id`, `email`, `password`, `created_at`) VALUES ('75', 'wisozk.sophia@example.com', '4076cb8a5c41f648d583e15f2a27d7a86e95220f', '2007-04-24');
INSERT INTO `users` (`id`, `email`, `password`, `created_at`) VALUES ('76', 'kertzmann.eulalia@example.com', 'c303788b44df356b8a6f9ad08e9e74af6545699f', '1999-11-12');
INSERT INTO `users` (`id`, `email`, `password`, `created_at`) VALUES ('77', 'npowlowski@example.org', '5faf74b5414e75b627da214eec0469c0e085150b', '2003-05-12');
INSERT INTO `users` (`id`, `email`, `password`, `created_at`) VALUES ('78', 'heidenreich.yadira@example.com', 'cc195c9d45e8681a57a4511209a5efe082ad7a58', '1986-06-02');
INSERT INTO `users` (`id`, `email`, `password`, `created_at`) VALUES ('79', 'vada50@example.com', '188e384bdccba3b50fbe4d950d35ce49f820f9f2', '2019-01-06');
INSERT INTO `users` (`id`, `email`, `password`, `created_at`) VALUES ('80', 'lmcclure@example.com', '716bacdddcfebb5476ab9ed884f13e9a3191b98d', '2010-11-23');
INSERT INTO `users` (`id`, `email`, `password`, `created_at`) VALUES ('81', 'dmarks@example.net', '4c0297e49003b89fdf25343cb80fea055bb15d1b', '1997-10-07');
INSERT INTO `users` (`id`, `email`, `password`, `created_at`) VALUES ('82', 'bernie.fahey@example.org', 'e2ce0996c3073e8421235e153c18fb8eea00592d', '2017-02-15');
INSERT INTO `users` (`id`, `email`, `password`, `created_at`) VALUES ('83', 'jamel.mann@example.com', 'a4277590d490931932119b25239fe4d09006a125', '1993-09-16');
INSERT INTO `users` (`id`, `email`, `password`, `created_at`) VALUES ('84', 'ceasar.harris@example.com', '2d039b8c51a08eb9bb40ea1cda789a0cc07a2ada', '2007-06-18');
INSERT INTO `users` (`id`, `email`, `password`, `created_at`) VALUES ('85', 'jgulgowski@example.com', '111c991d2529aca77bd7144f014e63f4f5859079', '1999-06-21');
INSERT INTO `users` (`id`, `email`, `password`, `created_at`) VALUES ('86', 'selmer19@example.org', '113f6d6de42caccd9a921fcef21f382d54670532', '2015-02-21');
INSERT INTO `users` (`id`, `email`, `password`, `created_at`) VALUES ('87', 'charles65@example.net', 'f9601cd335091aef942ad7516a976a8f436afbaf', '1989-02-23');
INSERT INTO `users` (`id`, `email`, `password`, `created_at`) VALUES ('88', 'kilback.bradley@example.com', '1aaa998993baafb1efd09dfec251a79bcc798c0a', '2017-11-12');
INSERT INTO `users` (`id`, `email`, `password`, `created_at`) VALUES ('89', 'ucassin@example.net', 'ff7ed0f4364592ff255e0b846ccf790519c3263b', '1999-03-06');
INSERT INTO `users` (`id`, `email`, `password`, `created_at`) VALUES ('90', 'goodwin.presley@example.org', 'cf0333ef292914a02b6862ff16b9b217dffa715d', '2002-05-30');
INSERT INTO `users` (`id`, `email`, `password`, `created_at`) VALUES ('91', 'kavon41@example.org', '0a7f468cc97ff07b832b6056b75dd5b06b23d201', '1996-02-25');
INSERT INTO `users` (`id`, `email`, `password`, `created_at`) VALUES ('92', 'josianne.cole@example.com', 'e8dee45c5218c4b7623ba57a92df8dcc3d25baa9', '2019-09-07');
INSERT INTO `users` (`id`, `email`, `password`, `created_at`) VALUES ('93', 'schuyler09@example.org', '5fc7f04cca6c5df7b3c39c97951b762600d25ca2', '2015-10-10');
INSERT INTO `users` (`id`, `email`, `password`, `created_at`) VALUES ('94', 'kwisoky@example.com', '3b8cd4390cec1a97153296816e9cde4ec0f109d2', '1970-11-10');
INSERT INTO `users` (`id`, `email`, `password`, `created_at`) VALUES ('95', 'brian10@example.org', '5987fbf5e1225b80c52e0bdaadffc133ab83b033', '2014-10-05');
INSERT INTO `users` (`id`, `email`, `password`, `created_at`) VALUES ('96', 'zulauf.ludwig@example.com', '6c492cc689d9c2c8aafbe85a31ffb5e86467dc42', '1996-02-05');
INSERT INTO `users` (`id`, `email`, `password`, `created_at`) VALUES ('97', 'barton.doug@example.com', 'f891022908a57b94012a8458f914f5a2cf11a186', '2015-06-10');
INSERT INTO `users` (`id`, `email`, `password`, `created_at`) VALUES ('98', 'kimberly.hermiston@example.com', '93d23f9b64a77f6f560f63a9997d6f3ef9ac891d', '1973-01-27');
INSERT INTO `users` (`id`, `email`, `password`, `created_at`) VALUES ('99', 'jamey.schamberger@example.org', 'f9874f2f0d4af29652035a5adf0ab27f12bccb70', '1980-04-04');
INSERT INTO `users` (`id`, `email`, `password`, `created_at`) VALUES ('100', 'tromp.sharon@example.com', 'de68d2dc4c5057493f582ae9581e0b62c895bdce', '1984-08-12');

#
# TABLE STRUCTURE FOR: film_estimations
#



INSERT INTO `film_estimations` (`id`, `film_id`, `user_id`, `score`, `created_at`) VALUES ('1', '75', '31', 10, '2013-09-12');
INSERT INTO `film_estimations` (`id`, `film_id`, `user_id`, `score`, `created_at`) VALUES ('2', '64', '19', 4, '2004-12-13');
INSERT INTO `film_estimations` (`id`, `film_id`, `user_id`, `score`, `created_at`) VALUES ('3', '79', '19', 9, '1983-12-23');
INSERT INTO `film_estimations` (`id`, `film_id`, `user_id`, `score`, `created_at`) VALUES ('4', '97', '49', 8, '2010-08-25');
INSERT INTO `film_estimations` (`id`, `film_id`, `user_id`, `score`, `created_at`) VALUES ('5', '96', '28', 8, '1991-07-13');
INSERT INTO `film_estimations` (`id`, `film_id`, `user_id`, `score`, `created_at`) VALUES ('6', '48', '82', 6, '2016-01-15');
INSERT INTO `film_estimations` (`id`, `film_id`, `user_id`, `score`, `created_at`) VALUES ('7', '23', '43', 5, '1977-09-01');
INSERT INTO `film_estimations` (`id`, `film_id`, `user_id`, `score`, `created_at`) VALUES ('8', '33', '37', 8, '2011-09-23');
INSERT INTO `film_estimations` (`id`, `film_id`, `user_id`, `score`, `created_at`) VALUES ('9', '49', '87', 10, '1993-08-10');
INSERT INTO `film_estimations` (`id`, `film_id`, `user_id`, `score`, `created_at`) VALUES ('10', '70', '39', 6, '1971-12-29');
INSERT INTO `film_estimations` (`id`, `film_id`, `user_id`, `score`, `created_at`) VALUES ('11', '62', '3', 1, '1974-04-15');
INSERT INTO `film_estimations` (`id`, `film_id`, `user_id`, `score`, `created_at`) VALUES ('12', '67', '51', 2, '1998-06-02');
INSERT INTO `film_estimations` (`id`, `film_id`, `user_id`, `score`, `created_at`) VALUES ('13', '29', '44', 2, '2013-05-13');
INSERT INTO `film_estimations` (`id`, `film_id`, `user_id`, `score`, `created_at`) VALUES ('14', '15', '20', 5, '2016-04-28');
INSERT INTO `film_estimations` (`id`, `film_id`, `user_id`, `score`, `created_at`) VALUES ('15', '64', '60', 5, '1974-04-26');
INSERT INTO `film_estimations` (`id`, `film_id`, `user_id`, `score`, `created_at`) VALUES ('16', '1', '39', 5, '2011-08-11');
INSERT INTO `film_estimations` (`id`, `film_id`, `user_id`, `score`, `created_at`) VALUES ('17', '90', '64', 10, '2001-10-31');
INSERT INTO `film_estimations` (`id`, `film_id`, `user_id`, `score`, `created_at`) VALUES ('18', '57', '68', 9, '1986-06-24');
INSERT INTO `film_estimations` (`id`, `film_id`, `user_id`, `score`, `created_at`) VALUES ('19', '83', '54', 8, '2004-09-11');
INSERT INTO `film_estimations` (`id`, `film_id`, `user_id`, `score`, `created_at`) VALUES ('20', '16', '78', 7, '1970-02-16');
INSERT INTO `film_estimations` (`id`, `film_id`, `user_id`, `score`, `created_at`) VALUES ('21', '82', '64', 4, '1994-02-05');
INSERT INTO `film_estimations` (`id`, `film_id`, `user_id`, `score`, `created_at`) VALUES ('22', '60', '4', 2, '2008-02-20');
INSERT INTO `film_estimations` (`id`, `film_id`, `user_id`, `score`, `created_at`) VALUES ('23', '6', '93', 10, '2018-05-03');
INSERT INTO `film_estimations` (`id`, `film_id`, `user_id`, `score`, `created_at`) VALUES ('24', '41', '54', 8, '1977-10-03');
INSERT INTO `film_estimations` (`id`, `film_id`, `user_id`, `score`, `created_at`) VALUES ('25', '79', '10', 0, '1992-03-11');
INSERT INTO `film_estimations` (`id`, `film_id`, `user_id`, `score`, `created_at`) VALUES ('26', '93', '40', 9, '2003-03-17');
INSERT INTO `film_estimations` (`id`, `film_id`, `user_id`, `score`, `created_at`) VALUES ('27', '12', '60', 8, '1998-07-28');
INSERT INTO `film_estimations` (`id`, `film_id`, `user_id`, `score`, `created_at`) VALUES ('28', '91', '41', 6, '2002-09-03');
INSERT INTO `film_estimations` (`id`, `film_id`, `user_id`, `score`, `created_at`) VALUES ('29', '3', '5', 5, '2000-07-04');
INSERT INTO `film_estimations` (`id`, `film_id`, `user_id`, `score`, `created_at`) VALUES ('30', '61', '67', 8, '1994-07-30');
INSERT INTO `film_estimations` (`id`, `film_id`, `user_id`, `score`, `created_at`) VALUES ('31', '64', '61', 10, '2013-01-03');
INSERT INTO `film_estimations` (`id`, `film_id`, `user_id`, `score`, `created_at`) VALUES ('32', '5', '53', 10, '2003-09-30');
INSERT INTO `film_estimations` (`id`, `film_id`, `user_id`, `score`, `created_at`) VALUES ('33', '25', '62', 6, '2014-03-28');
INSERT INTO `film_estimations` (`id`, `film_id`, `user_id`, `score`, `created_at`) VALUES ('34', '20', '8', 0, '1997-09-06');
INSERT INTO `film_estimations` (`id`, `film_id`, `user_id`, `score`, `created_at`) VALUES ('35', '15', '36', 5, '1997-08-10');
INSERT INTO `film_estimations` (`id`, `film_id`, `user_id`, `score`, `created_at`) VALUES ('36', '86', '96', 4, '1980-02-18');
INSERT INTO `film_estimations` (`id`, `film_id`, `user_id`, `score`, `created_at`) VALUES ('37', '100', '45', 10, '1996-04-09');
INSERT INTO `film_estimations` (`id`, `film_id`, `user_id`, `score`, `created_at`) VALUES ('38', '100', '5', 5, '1978-02-09');
INSERT INTO `film_estimations` (`id`, `film_id`, `user_id`, `score`, `created_at`) VALUES ('39', '38', '40', 6, '1991-03-26');
INSERT INTO `film_estimations` (`id`, `film_id`, `user_id`, `score`, `created_at`) VALUES ('40', '59', '16', 2, '2010-08-16');
INSERT INTO `film_estimations` (`id`, `film_id`, `user_id`, `score`, `created_at`) VALUES ('41', '49', '52', 6, '2008-08-02');
INSERT INTO `film_estimations` (`id`, `film_id`, `user_id`, `score`, `created_at`) VALUES ('42', '56', '61', 3, '1992-09-14');
INSERT INTO `film_estimations` (`id`, `film_id`, `user_id`, `score`, `created_at`) VALUES ('43', '11', '46', 10, '1988-04-24');
INSERT INTO `film_estimations` (`id`, `film_id`, `user_id`, `score`, `created_at`) VALUES ('44', '2', '14', 8, '1976-07-07');
INSERT INTO `film_estimations` (`id`, `film_id`, `user_id`, `score`, `created_at`) VALUES ('45', '51', '62', 0, '1985-06-07');
INSERT INTO `film_estimations` (`id`, `film_id`, `user_id`, `score`, `created_at`) VALUES ('46', '80', '14', 4, '1999-11-11');
INSERT INTO `film_estimations` (`id`, `film_id`, `user_id`, `score`, `created_at`) VALUES ('47', '23', '85', 2, '1980-01-25');
INSERT INTO `film_estimations` (`id`, `film_id`, `user_id`, `score`, `created_at`) VALUES ('48', '67', '47', 10, '1982-09-24');
INSERT INTO `film_estimations` (`id`, `film_id`, `user_id`, `score`, `created_at`) VALUES ('49', '46', '87', 4, '1986-03-17');
INSERT INTO `film_estimations` (`id`, `film_id`, `user_id`, `score`, `created_at`) VALUES ('50', '54', '60', 9, '1986-07-01');
INSERT INTO `film_estimations` (`id`, `film_id`, `user_id`, `score`, `created_at`) VALUES ('51', '22', '39', 2, '1980-08-11');
INSERT INTO `film_estimations` (`id`, `film_id`, `user_id`, `score`, `created_at`) VALUES ('52', '56', '22', 9, '2004-10-17');
INSERT INTO `film_estimations` (`id`, `film_id`, `user_id`, `score`, `created_at`) VALUES ('53', '84', '55', 5, '1999-01-07');
INSERT INTO `film_estimations` (`id`, `film_id`, `user_id`, `score`, `created_at`) VALUES ('54', '27', '21', 2, '1971-12-28');
INSERT INTO `film_estimations` (`id`, `film_id`, `user_id`, `score`, `created_at`) VALUES ('55', '95', '85', 7, '2017-12-02');
INSERT INTO `film_estimations` (`id`, `film_id`, `user_id`, `score`, `created_at`) VALUES ('56', '37', '43', 5, '2006-12-21');
INSERT INTO `film_estimations` (`id`, `film_id`, `user_id`, `score`, `created_at`) VALUES ('57', '36', '92', 7, '1979-03-20');
INSERT INTO `film_estimations` (`id`, `film_id`, `user_id`, `score`, `created_at`) VALUES ('58', '4', '47', 5, '1973-08-05');
INSERT INTO `film_estimations` (`id`, `film_id`, `user_id`, `score`, `created_at`) VALUES ('59', '38', '5', 1, '2007-05-31');
INSERT INTO `film_estimations` (`id`, `film_id`, `user_id`, `score`, `created_at`) VALUES ('60', '60', '88', 2, '2009-07-24');
INSERT INTO `film_estimations` (`id`, `film_id`, `user_id`, `score`, `created_at`) VALUES ('61', '67', '40', 0, '1996-05-12');
INSERT INTO `film_estimations` (`id`, `film_id`, `user_id`, `score`, `created_at`) VALUES ('62', '2', '89', 1, '1974-01-10');
INSERT INTO `film_estimations` (`id`, `film_id`, `user_id`, `score`, `created_at`) VALUES ('63', '24', '68', 5, '1988-04-24');
INSERT INTO `film_estimations` (`id`, `film_id`, `user_id`, `score`, `created_at`) VALUES ('64', '35', '69', 0, '2018-06-29');
INSERT INTO `film_estimations` (`id`, `film_id`, `user_id`, `score`, `created_at`) VALUES ('65', '54', '88', 8, '1974-03-20');
INSERT INTO `film_estimations` (`id`, `film_id`, `user_id`, `score`, `created_at`) VALUES ('66', '29', '76', 2, '1975-02-23');
INSERT INTO `film_estimations` (`id`, `film_id`, `user_id`, `score`, `created_at`) VALUES ('67', '27', '85', 1, '1988-11-30');
INSERT INTO `film_estimations` (`id`, `film_id`, `user_id`, `score`, `created_at`) VALUES ('68', '98', '10', 7, '1985-02-10');
INSERT INTO `film_estimations` (`id`, `film_id`, `user_id`, `score`, `created_at`) VALUES ('69', '39', '24', 0, '2008-05-17');
INSERT INTO `film_estimations` (`id`, `film_id`, `user_id`, `score`, `created_at`) VALUES ('70', '30', '34', 4, '1984-08-21');
INSERT INTO `film_estimations` (`id`, `film_id`, `user_id`, `score`, `created_at`) VALUES ('71', '9', '67', 8, '1975-02-13');
INSERT INTO `film_estimations` (`id`, `film_id`, `user_id`, `score`, `created_at`) VALUES ('72', '77', '45', 0, '1998-07-07');
INSERT INTO `film_estimations` (`id`, `film_id`, `user_id`, `score`, `created_at`) VALUES ('73', '58', '80', 8, '2006-08-16');
INSERT INTO `film_estimations` (`id`, `film_id`, `user_id`, `score`, `created_at`) VALUES ('74', '91', '96', 8, '1984-09-12');
INSERT INTO `film_estimations` (`id`, `film_id`, `user_id`, `score`, `created_at`) VALUES ('75', '85', '50', 1, '1974-10-24');
INSERT INTO `film_estimations` (`id`, `film_id`, `user_id`, `score`, `created_at`) VALUES ('76', '84', '51', 7, '1986-02-09');
INSERT INTO `film_estimations` (`id`, `film_id`, `user_id`, `score`, `created_at`) VALUES ('77', '89', '85', 4, '2006-10-30');
INSERT INTO `film_estimations` (`id`, `film_id`, `user_id`, `score`, `created_at`) VALUES ('78', '40', '13', 4, '2016-10-25');
INSERT INTO `film_estimations` (`id`, `film_id`, `user_id`, `score`, `created_at`) VALUES ('79', '53', '74', 8, '2017-02-20');
INSERT INTO `film_estimations` (`id`, `film_id`, `user_id`, `score`, `created_at`) VALUES ('80', '81', '7', 4, '1999-01-01');
INSERT INTO `film_estimations` (`id`, `film_id`, `user_id`, `score`, `created_at`) VALUES ('81', '62', '10', 6, '2005-10-11');
INSERT INTO `film_estimations` (`id`, `film_id`, `user_id`, `score`, `created_at`) VALUES ('82', '83', '89', 3, '2018-11-21');
INSERT INTO `film_estimations` (`id`, `film_id`, `user_id`, `score`, `created_at`) VALUES ('83', '94', '80', 10, '1990-01-26');
INSERT INTO `film_estimations` (`id`, `film_id`, `user_id`, `score`, `created_at`) VALUES ('84', '98', '33', 5, '1982-03-12');
INSERT INTO `film_estimations` (`id`, `film_id`, `user_id`, `score`, `created_at`) VALUES ('85', '3', '28', 10, '1999-07-05');
INSERT INTO `film_estimations` (`id`, `film_id`, `user_id`, `score`, `created_at`) VALUES ('86', '66', '11', 10, '1974-11-30');
INSERT INTO `film_estimations` (`id`, `film_id`, `user_id`, `score`, `created_at`) VALUES ('87', '94', '42', 0, '1999-03-30');
INSERT INTO `film_estimations` (`id`, `film_id`, `user_id`, `score`, `created_at`) VALUES ('88', '55', '52', 0, '1988-04-24');
INSERT INTO `film_estimations` (`id`, `film_id`, `user_id`, `score`, `created_at`) VALUES ('89', '22', '46', 8, '2015-10-21');
INSERT INTO `film_estimations` (`id`, `film_id`, `user_id`, `score`, `created_at`) VALUES ('90', '48', '6', 0, '2006-10-11');
INSERT INTO `film_estimations` (`id`, `film_id`, `user_id`, `score`, `created_at`) VALUES ('91', '95', '31', 6, '2003-02-05');
INSERT INTO `film_estimations` (`id`, `film_id`, `user_id`, `score`, `created_at`) VALUES ('92', '57', '84', 9, '1986-09-27');
INSERT INTO `film_estimations` (`id`, `film_id`, `user_id`, `score`, `created_at`) VALUES ('93', '16', '96', 4, '2018-05-23');
INSERT INTO `film_estimations` (`id`, `film_id`, `user_id`, `score`, `created_at`) VALUES ('94', '96', '68', 8, '2018-08-26');
INSERT INTO `film_estimations` (`id`, `film_id`, `user_id`, `score`, `created_at`) VALUES ('95', '70', '77', 1, '1999-07-13');
INSERT INTO `film_estimations` (`id`, `film_id`, `user_id`, `score`, `created_at`) VALUES ('96', '75', '32', 7, '1990-01-16');
INSERT INTO `film_estimations` (`id`, `film_id`, `user_id`, `score`, `created_at`) VALUES ('97', '87', '57', 9, '1982-11-01');
INSERT INTO `film_estimations` (`id`, `film_id`, `user_id`, `score`, `created_at`) VALUES ('98', '20', '80', 0, '2004-09-06');
INSERT INTO `film_estimations` (`id`, `film_id`, `user_id`, `score`, `created_at`) VALUES ('99', '36', '18', 4, '2009-06-19');
INSERT INTO `film_estimations` (`id`, `film_id`, `user_id`, `score`, `created_at`) VALUES ('100', '13', '39', 2, '1987-02-01');

INSERT INTO `film_genres` (`film_id`, `genre_id`) VALUES ('1', '7');
INSERT INTO `film_genres` (`film_id`, `genre_id`) VALUES ('1', '9');
INSERT INTO `film_genres` (`film_id`, `genre_id`) VALUES ('2', '15');
INSERT INTO `film_genres` (`film_id`, `genre_id`) VALUES ('3', '8');
INSERT INTO `film_genres` (`film_id`, `genre_id`) VALUES ('4', '14');
INSERT INTO `film_genres` (`film_id`, `genre_id`) VALUES ('8', '14');
INSERT INTO `film_genres` (`film_id`, `genre_id`) VALUES ('9', '4');
INSERT INTO `film_genres` (`film_id`, `genre_id`) VALUES ('9', '10');
INSERT INTO `film_genres` (`film_id`, `genre_id`) VALUES ('10', '2');
INSERT INTO `film_genres` (`film_id`, `genre_id`) VALUES ('10', '10');
INSERT INTO `film_genres` (`film_id`, `genre_id`) VALUES ('11', '2');
INSERT INTO `film_genres` (`film_id`, `genre_id`) VALUES ('11', '14');
INSERT INTO `film_genres` (`film_id`, `genre_id`) VALUES ('13', '11');
INSERT INTO `film_genres` (`film_id`, `genre_id`) VALUES ('14', '2');
INSERT INTO `film_genres` (`film_id`, `genre_id`) VALUES ('17', '6');
INSERT INTO `film_genres` (`film_id`, `genre_id`) VALUES ('19', '3');
INSERT INTO `film_genres` (`film_id`, `genre_id`) VALUES ('19', '15');
INSERT INTO `film_genres` (`film_id`, `genre_id`) VALUES ('20', '1');
INSERT INTO `film_genres` (`film_id`, `genre_id`) VALUES ('21', '13');
INSERT INTO `film_genres` (`film_id`, `genre_id`) VALUES ('23', '5');
INSERT INTO `film_genres` (`film_id`, `genre_id`) VALUES ('24', '6');
INSERT INTO `film_genres` (`film_id`, `genre_id`) VALUES ('29', '7');
INSERT INTO `film_genres` (`film_id`, `genre_id`) VALUES ('29', '14');
INSERT INTO `film_genres` (`film_id`, `genre_id`) VALUES ('31', '11');
INSERT INTO `film_genres` (`film_id`, `genre_id`) VALUES ('32', '3');
INSERT INTO `film_genres` (`film_id`, `genre_id`) VALUES ('35', '12');
INSERT INTO `film_genres` (`film_id`, `genre_id`) VALUES ('36', '4');
INSERT INTO `film_genres` (`film_id`, `genre_id`) VALUES ('37', '7');
INSERT INTO `film_genres` (`film_id`, `genre_id`) VALUES ('37', '8');
INSERT INTO `film_genres` (`film_id`, `genre_id`) VALUES ('39', '6');
INSERT INTO `film_genres` (`film_id`, `genre_id`) VALUES ('39', '12');
INSERT INTO `film_genres` (`film_id`, `genre_id`) VALUES ('40', '13');
INSERT INTO `film_genres` (`film_id`, `genre_id`) VALUES ('41', '6');
INSERT INTO `film_genres` (`film_id`, `genre_id`) VALUES ('41', '10');
INSERT INTO `film_genres` (`film_id`, `genre_id`) VALUES ('41', '12');
INSERT INTO `film_genres` (`film_id`, `genre_id`) VALUES ('42', '5');
INSERT INTO `film_genres` (`film_id`, `genre_id`) VALUES ('45', '4');
INSERT INTO `film_genres` (`film_id`, `genre_id`) VALUES ('45', '8');
INSERT INTO `film_genres` (`film_id`, `genre_id`) VALUES ('48', '9');
INSERT INTO `film_genres` (`film_id`, `genre_id`) VALUES ('49', '1');
INSERT INTO `film_genres` (`film_id`, `genre_id`) VALUES ('49', '3');
INSERT INTO `film_genres` (`film_id`, `genre_id`) VALUES ('49', '15');
INSERT INTO `film_genres` (`film_id`, `genre_id`) VALUES ('51', '6');
INSERT INTO `film_genres` (`film_id`, `genre_id`) VALUES ('51', '7');
INSERT INTO `film_genres` (`film_id`, `genre_id`) VALUES ('51', '14');
INSERT INTO `film_genres` (`film_id`, `genre_id`) VALUES ('54', '1');
INSERT INTO `film_genres` (`film_id`, `genre_id`) VALUES ('54', '3');
INSERT INTO `film_genres` (`film_id`, `genre_id`) VALUES ('55', '5');
INSERT INTO `film_genres` (`film_id`, `genre_id`) VALUES ('55', '9');
INSERT INTO `film_genres` (`film_id`, `genre_id`) VALUES ('55', '15');
INSERT INTO `film_genres` (`film_id`, `genre_id`) VALUES ('56', '3');
INSERT INTO `film_genres` (`film_id`, `genre_id`) VALUES ('56', '10');
INSERT INTO `film_genres` (`film_id`, `genre_id`) VALUES ('56', '12');
INSERT INTO `film_genres` (`film_id`, `genre_id`) VALUES ('58', '12');
INSERT INTO `film_genres` (`film_id`, `genre_id`) VALUES ('59', '8');
INSERT INTO `film_genres` (`film_id`, `genre_id`) VALUES ('60', '1');
INSERT INTO `film_genres` (`film_id`, `genre_id`) VALUES ('60', '9');
INSERT INTO `film_genres` (`film_id`, `genre_id`) VALUES ('62', '6');
INSERT INTO `film_genres` (`film_id`, `genre_id`) VALUES ('62', '14');
INSERT INTO `film_genres` (`film_id`, `genre_id`) VALUES ('63', '11');
INSERT INTO `film_genres` (`film_id`, `genre_id`) VALUES ('64', '13');
INSERT INTO `film_genres` (`film_id`, `genre_id`) VALUES ('65', '3');
INSERT INTO `film_genres` (`film_id`, `genre_id`) VALUES ('66', '6');
INSERT INTO `film_genres` (`film_id`, `genre_id`) VALUES ('68', '3');
INSERT INTO `film_genres` (`film_id`, `genre_id`) VALUES ('68', '7');
INSERT INTO `film_genres` (`film_id`, `genre_id`) VALUES ('69', '3');
INSERT INTO `film_genres` (`film_id`, `genre_id`) VALUES ('71', '3');
INSERT INTO `film_genres` (`film_id`, `genre_id`) VALUES ('71', '15');
INSERT INTO `film_genres` (`film_id`, `genre_id`) VALUES ('72', '15');
INSERT INTO `film_genres` (`film_id`, `genre_id`) VALUES ('74', '10');
INSERT INTO `film_genres` (`film_id`, `genre_id`) VALUES ('75', '15');
INSERT INTO `film_genres` (`film_id`, `genre_id`) VALUES ('76', '9');
INSERT INTO `film_genres` (`film_id`, `genre_id`) VALUES ('76', '14');
INSERT INTO `film_genres` (`film_id`, `genre_id`) VALUES ('78', '1');
INSERT INTO `film_genres` (`film_id`, `genre_id`) VALUES ('78', '8');
INSERT INTO `film_genres` (`film_id`, `genre_id`) VALUES ('78', '12');
INSERT INTO `film_genres` (`film_id`, `genre_id`) VALUES ('79', '6');
INSERT INTO `film_genres` (`film_id`, `genre_id`) VALUES ('80', '7');
INSERT INTO `film_genres` (`film_id`, `genre_id`) VALUES ('80', '10');
INSERT INTO `film_genres` (`film_id`, `genre_id`) VALUES ('82', '8');
INSERT INTO `film_genres` (`film_id`, `genre_id`) VALUES ('82', '15');
INSERT INTO `film_genres` (`film_id`, `genre_id`) VALUES ('83', '11');
INSERT INTO `film_genres` (`film_id`, `genre_id`) VALUES ('84', '4');
INSERT INTO `film_genres` (`film_id`, `genre_id`) VALUES ('84', '8');
INSERT INTO `film_genres` (`film_id`, `genre_id`) VALUES ('84', '15');
INSERT INTO `film_genres` (`film_id`, `genre_id`) VALUES ('86', '13');
INSERT INTO `film_genres` (`film_id`, `genre_id`) VALUES ('87', '2');
INSERT INTO `film_genres` (`film_id`, `genre_id`) VALUES ('90', '10');
INSERT INTO `film_genres` (`film_id`, `genre_id`) VALUES ('90', '13');
INSERT INTO `film_genres` (`film_id`, `genre_id`) VALUES ('94', '9');
INSERT INTO `film_genres` (`film_id`, `genre_id`) VALUES ('96', '3');
INSERT INTO `film_genres` (`film_id`, `genre_id`) VALUES ('97', '2');
INSERT INTO `film_genres` (`film_id`, `genre_id`) VALUES ('97', '10');
INSERT INTO `film_genres` (`film_id`, `genre_id`) VALUES ('97', '14');
INSERT INTO `film_genres` (`film_id`, `genre_id`) VALUES ('98', '2');
INSERT INTO `film_genres` (`film_id`, `genre_id`) VALUES ('99', '12');
INSERT INTO `film_genres` (`film_id`, `genre_id`) VALUES ('99', '14');
